log,samples,dt_ms,total_s,active_s,active_pct
log-0046,61344,9.999999999990905,613.4399999994421,377.0299999996571,61.46159363588941
log-0048,108107,9.999999999990905,1081.0699999990168,334.50999999969576,30.94249216054465
log-0049,44189,9.999999999990905,441.8899999995981,180.0899999998362,40.754486410645185
log-0054,111816,9.999999999990905,1118.159999998983,672.3699999993885,60.13182371038135
log-0055,43808,9.999999999990905,438.07999999960157,225.5099999997949,51.47689919649379
log-0056,61448,9.999999999990905,614.4799999994411,273.29999999975144,44.47663064705117
log-0058,44381,9.999999999990905,443.80999999959636,386.999999999648,87.19947725377976
log-0063,40781,9.999999999990905,407.8099999996291,103.16999999990617,25.298545891469068
log-0071_183,65908,9.999999999990905,659.0799999994006,416.1899999996215,63.147114159130915
log-0072_184,58385,9.999999999990905,583.849999999469,326.3199999997032,55.89106791127858
log-0073_185,39115,9.999999999990905,391.14999999964425,286.7699999997392,73.31458519749457
log-0078-valid,22949,9.99999999999801,229.48999999995434,132.45999999997366,57.71929060089765
log-0079,46824,9.999999999990905,468.23999999957414,241.2199999997806,51.516316418930465
log-0080-valid,64718,9.999999999990905,647.1799999994114,326.07999999970343,50.384746129361226
log-0081,113665,9.999999999990905,1136.6499999989662,734.2699999993322,64.59948093080544
log103,72985,9.999999999990905,729.8499999993362,396.74999999963916,54.36048503117079
log104,59770,9.999999999990905,597.6999999994564,396.33999999963953,66.3108582901121
log106,19535,9.99999999999801,195.34999999996114,153.84999999996938,78.75607883286409
log107,25307,9.99999999999801,253.06999999994966,168.17999999996653,66.45592128660054
log109,21587,9.99999999999801,215.86999999995706,182.4299999999637,84.50919534905267
log110,21450,9.99999999999801,214.4999999999573,172.21999999996575,80.28904428904431
log112,63277,9.999999999990905,632.7699999994245,330.1999999996997,52.18325773977906
log-0098,36717,9.999999999990905,367.16999999966606,224.11999999979616,61.039845303265515
log-0099,65579,9.999999999990905,655.7899999994036,634.469999999423,96.74895927049818
log-0113,29498,9.99999999999801,294.9799999999413,233.38999999995357,79.12061834700658
log-0115,18835,9.99999999999801,188.34999999996253,171.25999999996594,90.92646668436423
log-0116,27283,9.99999999999801,272.8299999999457,175.83999999996502,64.45039035296705
log-0117,14148,9.999999999999787,141.47999999999698,122.90999999999738,86.87446988973707
log-0118,16328,9.999999999999787,163.2799999999965,110.30999999999764,67.55879470847624
log-0119,19584,9.99999999999801,195.83999999996104,138.51999999997244,70.7312091503268
log-0120,6011,9.99999999999801,60.10999999998804,49.7499999999901,82.76493095990685
log-0122,43803,9.999999999990905,438.0299999996016,318.3099999997105,72.66853868456498
log-0125,24913,9.99999999999801,249.12999999995043,187.63999999996267,75.31810701240316
log-0126,14241,9.999999999999787,142.40999999999696,51.6099999999989,36.24043255389369
log-0127,26922,9.99999999999801,269.2199999999464,102.24999999997965,37.98009063219671
log-0129,77819,9.999999999990905,778.1899999992922,408.42999999962854,52.48461172721315
log-0132,34660,9.999999999990905,346.59999999968477,265.3399999997587,76.55510675129833
log-0133,10539,9.999999999999787,105.38999999999776,93.849999999998,89.0501945156087
log-0145-filtered-c01,39029,9.999999999990905,390.28999999964503,348.39999999968313,89.26695534090035
log-0147-filtered-c01,20838,9.99999999999801,208.37999999995856,81.49999999998379,39.11123908244553
log-0147-filtered-c02,38239,9.999999999990905,382.3899999996522,319.2899999997096,83.49852245090092
log-0151-filtered-c01,9991,10.000000000005116,99.91000000005111,86.34000000004417,86.41777599839855
log-0152-filtered-c01,16176,9.999999999999787,161.75999999999655,147.85999999999686,91.40702274975273
log-0152-filtered-c02,10216,9.999999999990905,102.15999999990709,92.56999999991581,90.61276429130776
log-0155-filtered-c01,14580,9.999999999999787,145.79999999999688,133.19999999999715,91.35802469135801
