trainer,aligned_nrmse_std_median,aligned_rmse_median,anchored_rmse_median,evaluation_logs,pair_type,train_log
self-supervised,0.16798801745545042,3.415423057352336,5.287740632881939,1,diagonal,log-0046
self-supervised,0.6410084449203467,15.400165210635173,24.796110334811196,37,transfer,log-0046
self-supervised,0.2013845670885595,4.766388035216236,4.905660375845393,1,diagonal,log-0048
self-supervised,0.6480002124777038,15.69852088444685,25.06570689241469,37,transfer,log-0048
self-supervised,0.15280261013071222,3.498101170330463,7.4540473501548075,1,diagonal,log-0049
self-supervised,0.6458141439782693,15.592865428665938,25.069567883574127,37,transfer,log-0049
self-supervised,0.23107156813365154,4.170257815254122,4.494251903522547,1,diagonal,log-0054
self-supervised,0.6323544970994914,15.552923467802016,24.485362463112125,37,transfer,log-0054
self-supervised,0.22034274235411963,5.382585345610914,5.451774516091494,1,diagonal,log-0055
self-supervised,0.6305553704042345,15.631351941898838,24.456672430733725,37,transfer,log-0055
self-supervised,0.1793380391521695,4.065514135449203,5.102993139137215,1,diagonal,log-0056
self-supervised,0.6412425889488421,15.733111249693085,24.82010603216542,37,transfer,log-0056
self-supervised,0.19121772620905556,4.533256787675034,4.533789035350414,1,diagonal,log-0058
self-supervised,0.6318254954300896,15.49732130545846,24.354279804288655,37,transfer,log-0058
self-supervised,0.16469296258607502,4.731795178855475,6.981569215807197,1,diagonal,log-0063
self-supervised,0.6464884880059875,15.494682751526977,25.044096905018698,37,transfer,log-0063
self-supervised,0.14073173533933606,3.045286350983839,6.550269824942255,1,diagonal,log-0071_183
self-supervised,0.6444352206241223,15.832651675480747,25.00071787746969,37,transfer,log-0071_183
self-supervised,0.19413145627109757,4.0688219028145,4.409207756902989,1,diagonal,log-0072_184
self-supervised,0.6466999176446755,15.665397339419192,25.04121666907718,37,transfer,log-0072_184
self-supervised,0.2082555604214852,3.9760594023105926,4.589204504908209,1,diagonal,log-0073_185
self-supervised,0.6287288497729716,15.14943132932169,24.325316929424645,37,transfer,log-0073_185
self-supervised,0.3505461776940813,10.053430618530847,10.821156378779063,1,diagonal,log-0078-valid
self-supervised,0.47269902662367685,11.056595545246871,17.461594027181427,37,transfer,log-0078-valid
self-supervised,0.2557836519638201,6.5361082502406855,7.857600851704375,1,diagonal,log-0079
self-supervised,0.444185891145022,7.851042248504369,13.204384571203747,37,transfer,log-0079
self-supervised,0.4063801494335271,12.600020334504022,15.090633456349131,1,diagonal,log-0080-valid
self-supervised,0.5380744072094911,12.063717612560241,18.402842023746373,37,transfer,log-0080-valid
self-supervised,0.6533018748133623,13.402563455438889,13.561751001874407,1,diagonal,log-0081
self-supervised,0.4205398355383384,10.868829387953937,16.575538351679427,37,transfer,log-0081
self-supervised,0.37100492304028493,10.10321333684178,10.124667311298216,1,diagonal,log-0098
self-supervised,0.4412867649707589,10.563007558949137,17.192254875741135,37,transfer,log-0098
self-supervised,0.6501680684091472,12.88233828909597,12.945578085782165,1,diagonal,log-0099
self-supervised,0.3700369292249748,9.31488428577207,14.27852146058751,37,transfer,log-0099
self-supervised,0.27175255411842597,7.077126550903398,14.036648020232615,1,diagonal,log-0113
self-supervised,0.33230000098546286,8.371012175983648,14.048639265282333,37,transfer,log-0113
self-supervised,0.32847085558335304,7.989758661731865,9.093914257820789,1,diagonal,log-0115
self-supervised,0.44171372914917817,10.111741556155856,16.6663367806693,37,transfer,log-0115
self-supervised,0.2407046273172985,7.787640892571227,10.810920614408442,1,diagonal,log-0116
self-supervised,0.4051961179150555,9.334439289179052,13.910428693475096,37,transfer,log-0116
self-supervised,0.20699204338880792,5.265011795024062,12.906434661713217,1,diagonal,log-0117
self-supervised,0.41993194761707175,9.487086329164978,13.907958290070138,37,transfer,log-0117
self-supervised,0.1793214864509022,6.642625254503985,16.017126659851165,1,diagonal,log-0118
self-supervised,0.31714605013618213,7.664441395224757,12.780509078955646,37,transfer,log-0118
self-supervised,0.1872974756200691,6.740209639669349,7.666574682122205,1,diagonal,log-0119
self-supervised,0.34023660646867765,8.557674419507364,14.341792376667845,37,transfer,log-0119
self-supervised,0.21040006863216618,7.142641729531068,9.750375868741965,1,diagonal,log-0120
self-supervised,0.3972700955839345,7.951161913958628,12.377282987520905,37,transfer,log-0120
self-supervised,0.33303966982555316,11.061570632489909,11.953586780682235,1,diagonal,log-0122
self-supervised,0.4225708645205034,10.478316866369923,15.85044413591057,37,transfer,log-0122
self-supervised,0.249512806432204,8.114340782820275,12.833168054432074,1,diagonal,log-0125
self-supervised,0.32177021499213254,7.391967383604352,11.886366998927588,37,transfer,log-0125
self-supervised,0.19816169345448525,7.3764419114240685,55.084135733603546,1,diagonal,log-0126
self-supervised,0.3123464634631153,7.6238205655036095,14.072811174987343,37,transfer,log-0126
self-supervised,0.2142202490269898,7.759355238311725,12.884932329227837,1,diagonal,log-0127
self-supervised,0.36347857252554444,8.843620871464243,15.276305188767248,37,transfer,log-0127
self-supervised,0.27761676122774026,8.937240777893354,11.455410364114805,1,diagonal,log-0129
self-supervised,0.3882671441528629,9.914383584719104,15.930372450429118,37,transfer,log-0129
self-supervised,0.336116770128757,11.227171541581153,18.84929659788856,1,diagonal,log-0132
self-supervised,0.44781742323021867,11.067584901601846,15.971575988228834,37,transfer,log-0132
self-supervised,0.21927548012458759,6.5732634325547625,10.54419692240665,1,diagonal,log-0133
self-supervised,0.3206947616108575,7.926048578115311,14.205645163897394,37,transfer,log-0133
self-supervised,0.5007837440032037,8.81709880247342,14.573483019027663,1,diagonal,log-0145-filtered-c01
self-supervised,0.39184859369772385,9.162137002933102,14.502818382301514,37,transfer,log-0145-filtered-c01
self-supervised,0.5275579292424522,8.420163269842252,12.859676429203473,1,diagonal,log-0147-filtered-c01
self-supervised,0.33183706365191523,7.2882891313851745,12.802965069596455,37,transfer,log-0147-filtered-c01
self-supervised,0.328294839892417,5.7660389469318485,5.871999223237585,1,diagonal,log-0147-filtered-c02
self-supervised,0.393899865585423,8.3625505839661,15.245548480288207,37,transfer,log-0147-filtered-c02
self-supervised,0.35777691558970925,6.892934444646679,7.001896298436698,1,diagonal,log-0151-filtered-c01
self-supervised,0.37253424032314414,7.789633625165371,14.814661190378073,37,transfer,log-0151-filtered-c01
self-supervised,0.32970269864307045,5.933560375728755,6.501561252068432,1,diagonal,log-0152-filtered-c01
self-supervised,0.3834604182489501,8.242156312671929,12.740740659075147,37,transfer,log-0152-filtered-c01
self-supervised,0.4269124917041281,6.018856233425292,10.517929633650994,1,diagonal,log-0152-filtered-c02
self-supervised,0.3969366040879204,12.358001719647966,16.947167780362815,37,transfer,log-0152-filtered-c02
self-supervised,0.1857890428325412,4.92673499029935,13.429934110926832,1,diagonal,log-0155-filtered-c01
self-supervised,0.3882036208344123,12.434012440474614,16.664489379890092,37,transfer,log-0155-filtered-c01
oracle-power,0.11801648322804573,2.399434341033261,2.3994343410332615,1,diagonal,log-0046
oracle-power,0.6131731204587972,15.227760092538205,20.53835053056559,37,transfer,log-0046
oracle-power,0.15119924056267695,3.5785972161154036,3.5785972161154036,1,diagonal,log-0048
oracle-power,0.6314846553417836,15.516406334876695,21.586903610542805,37,transfer,log-0048
oracle-power,0.1331559744886277,3.0483318956181944,3.048331895618195,1,diagonal,log-0049
oracle-power,0.6397841492584553,15.723128162001245,21.498259513526012,37,transfer,log-0049
oracle-power,0.15678444121376758,2.829562920972559,2.8295629211509477,1,diagonal,log-0054
oracle-power,0.6215685604236556,15.427970184692958,19.907486574960377,37,transfer,log-0054
oracle-power,0.14374019594046816,3.5113199735028164,3.5113199735028164,1,diagonal,log-0055
oracle-power,0.6313042075144725,15.592581675477186,20.330778832992138,37,transfer,log-0055
oracle-power,0.15582627021962459,3.532512718702529,3.532512718702529,1,diagonal,log-0056
oracle-power,0.6406436316157963,15.764564799752455,20.832019540665268,37,transfer,log-0056
oracle-power,0.14156435282193838,3.356109164383967,3.356109164383967,1,diagonal,log-0058
oracle-power,0.6068239534811936,15.079950732273087,20.80589875729349,37,transfer,log-0058
oracle-power,0.13492771068640697,3.87660942456037,3.87660942456037,1,diagonal,log-0063
oracle-power,0.6176407014706967,15.068092466302453,21.29708779519649,37,transfer,log-0063
oracle-power,0.11939048887949225,2.58348428195912,2.58348428195912,1,diagonal,log-0071_183
oracle-power,0.6278888268741277,15.566149047734019,18.874513310420557,37,transfer,log-0071_183
oracle-power,0.12341983699649745,2.586769530600323,2.5867695306003227,1,diagonal,log-0072_184
oracle-power,0.6247796673681798,15.49202679928987,19.279171354332338,37,transfer,log-0072_184
oracle-power,0.119361113463782,2.2788677358598393,2.2788677358598393,1,diagonal,log-0073_185
oracle-power,0.6301993392613335,15.591735735975398,19.173670567135005,37,transfer,log-0073_185
oracle-power,0.23269469889716368,6.673528794554761,6.673528794554761,1,diagonal,log-0078-valid
oracle-power,0.457239518992069,8.320330414056656,23.849942704861277,37,transfer,log-0078-valid
oracle-power,0.2476049540554595,6.32711578936745,6.32711578936745,1,diagonal,log-0079
oracle-power,0.5454751266816802,11.242875417342205,27.30281016495205,37,transfer,log-0079
oracle-power,0.24391475679343425,7.562699358634861,7.562699358634862,1,diagonal,log-0080-valid
oracle-power,0.4632447226764474,8.338967980027562,24.119749357726082,37,transfer,log-0080-valid
oracle-power,0.41286276393015336,8.469927311233532,8.469927311233532,1,diagonal,log-0081
oracle-power,0.4490346197274875,10.148728289332148,29.53660983032588,37,transfer,log-0081
oracle-power,0.2999346181095545,8.167825399815401,8.167825399815401,1,diagonal,log-0098
oracle-power,0.5303728944670963,9.742697352533014,27.812765671486925,37,transfer,log-0098
oracle-power,0.44858300697862724,8.888160350258863,8.888160350258866,1,diagonal,log-0099
oracle-power,0.41334198269698225,10.140733461480806,31.17198761981909,37,transfer,log-0099
oracle-power,0.1901632276044197,4.9523333145867685,4.9523333145867685,1,diagonal,log-0113
oracle-power,0.32858727082882716,7.9225669949709525,19.74315441480646,37,transfer,log-0113
oracle-power,0.18819332321134022,4.577633627609163,4.577633627609163,1,diagonal,log-0115
oracle-power,0.39434575572160846,9.20298481005721,23.570309529034397,37,transfer,log-0115
oracle-power,0.16763630517664915,5.423623799106758,5.423623799106758,1,diagonal,log-0116
oracle-power,0.36854968556894635,7.691338989127387,24.22020121756941,37,transfer,log-0116
oracle-power,0.1411212123427204,3.5895333721445475,3.5895333721445475,1,diagonal,log-0117
oracle-power,0.37529704203572145,7.998916732361556,24.756243405808853,37,transfer,log-0117
oracle-power,0.13332591612398584,4.9388063586432125,4.9388063586432125,1,diagonal,log-0118
oracle-power,0.37385626782827247,8.145486295056875,25.79348441088049,37,transfer,log-0118
oracle-power,0.13848152161028074,4.983486743660518,4.983486743660519,1,diagonal,log-0119
oracle-power,0.3638037108308719,7.692463752742111,25.11852373580952,37,transfer,log-0119
oracle-power,0.16320679772727192,5.540529010130423,5.540529010130423,1,diagonal,log-0120
oracle-power,0.3652985258105729,7.805989850411814,24.578095198669512,37,transfer,log-0120
oracle-power,0.17357355841119937,5.765067498727082,5.765067498727082,1,diagonal,log-0122
oracle-power,0.36167379604380956,7.870571745778382,23.273732066763298,37,transfer,log-0122
oracle-power,0.2050870353029699,6.6695818879291116,6.669581887929112,1,diagonal,log-0125
oracle-power,0.32555188821909226,7.802754309997046,18.843732241128023,37,transfer,log-0125
oracle-power,0.16294704486195657,6.065599208953614,6.065599208953614,1,diagonal,log-0126
oracle-power,0.3423244265441073,7.420770159320762,22.404500205369597,37,transfer,log-0126
oracle-power,0.1385014484765409,5.016715014717441,5.016715014717441,1,diagonal,log-0127
oracle-power,0.3640068399843013,7.399587847916979,24.30920589206495,37,transfer,log-0127
oracle-power,0.16666605752598587,5.365434993998921,5.365434993998921,1,diagonal,log-0129
oracle-power,0.35218314737835577,7.734214638245423,22.427261633018833,37,transfer,log-0129
oracle-power,0.1861869187554326,6.2191257962669315,6.2191257962669315,1,diagonal,log-0132
oracle-power,0.33524401289029926,7.434192048154455,22.471241496773878,37,transfer,log-0132
oracle-power,0.1735220973907122,5.20170543861314,5.20170543861314,1,diagonal,log-0133
oracle-power,0.35420258085097067,7.603691382093368,21.627669201403982,37,transfer,log-0133
oracle-power,0.2006837943756531,3.533359187981296,3.533359187981296,1,diagonal,log-0145-filtered-c01
oracle-power,0.45462374153492185,10.429978709402937,33.95172008007618,37,transfer,log-0145-filtered-c01
oracle-power,0.3107022593859776,4.959007546518151,4.959007546518151,1,diagonal,log-0147-filtered-c01
oracle-power,0.3708567643436353,11.713127315121836,24.802077463845542,37,transfer,log-0147-filtered-c01
oracle-power,0.23273833264551338,4.08772276444485,4.08772276444485,1,diagonal,log-0147-filtered-c02
oracle-power,0.33287317683231354,11.699026484685188,24.291413663827967,37,transfer,log-0147-filtered-c02
oracle-power,0.2558410229634408,4.929036286848313,4.929036286848313,1,diagonal,log-0151-filtered-c01
oracle-power,0.36434819148284797,11.722520036001876,27.536387331151175,37,transfer,log-0151-filtered-c01
oracle-power,0.23358098997074386,4.203686874017132,4.203686874017132,1,diagonal,log-0152-filtered-c01
oracle-power,0.31321407936054524,11.324970431298432,26.824238661709774,37,transfer,log-0152-filtered-c01
oracle-power,0.28690898285061484,4.045006771675674,4.045006771675675,1,diagonal,log-0152-filtered-c02
oracle-power,0.3558850936745528,11.936307121795663,27.927331421298334,37,transfer,log-0152-filtered-c02
oracle-power,0.1440593736993367,3.820151857528272,3.820151857528272,1,diagonal,log-0155-filtered-c01
oracle-power,0.340362973012724,10.456187369073119,26.644911276605104,37,transfer,log-0155-filtered-c01
oracle-binned-median,0.11246651493972258,2.2865959972832965,2.286762678460681,1,diagonal,log-0046
oracle-binned-median,0.6140995654064265,15.187892263573056,20.32865457757584,37,transfer,log-0046
oracle-binned-median,0.14594371199094291,3.454208893488703,3.4542499596124028,1,diagonal,log-0048
oracle-binned-median,0.6159284929318233,15.219883648954513,21.07046046735175,37,transfer,log-0048
oracle-binned-median,0.12695065473430187,2.906273875298298,2.918279960820689,1,diagonal,log-0049
oracle-binned-median,0.6287656543658137,15.572084031252837,21.280610589724567,37,transfer,log-0049
oracle-binned-median,0.15436235361999748,2.785850361271975,2.7899733938871463,1,diagonal,log-0054
oracle-binned-median,0.6195910975900072,15.33957305864849,19.588004673356554,37,transfer,log-0054
oracle-binned-median,0.1362001809147994,3.327130678456167,3.327599721264112,1,diagonal,log-0055
oracle-binned-median,0.6078785375904558,15.017767754246739,19.775193980627215,37,transfer,log-0055
oracle-binned-median,0.14888118322491567,3.375070664120034,3.3828603647844813,1,diagonal,log-0056
oracle-binned-median,0.6226030861574909,15.43191389147216,20.618967724809128,37,transfer,log-0056
oracle-binned-median,0.13204798285994274,3.1305016876112375,3.131284186996217,1,diagonal,log-0058
oracle-binned-median,0.6081973021598432,15.074706559490844,20.860934201157832,37,transfer,log-0058
oracle-binned-median,0.132176688516515,3.7975697786883376,3.817306122941445,1,diagonal,log-0063
oracle-binned-median,0.5969148039016932,14.774550257603831,20.631548310159907,37,transfer,log-0063
oracle-binned-median,0.11442133235057528,2.475956974654018,2.4759646057461127,1,diagonal,log-0071_183
oracle-binned-median,0.6274697574308798,15.53758181705156,18.90024271344134,37,transfer,log-0071_183
oracle-binned-median,0.12067466123639249,2.5292330989764213,2.5292370161111286,1,diagonal,log-0072_184
oracle-binned-median,0.6247661394641257,15.451511960238417,18.734092888535702,37,transfer,log-0072_184
oracle-binned-median,0.11817003267557527,2.2561273684128613,2.2564164330576157,1,diagonal,log-0073_185
oracle-binned-median,0.6307916067185274,15.597216916634316,19.161569415746065,37,transfer,log-0073_185
oracle-binned-median,0.2224775653836588,6.3805082185668285,6.438148449166827,1,diagonal,log-0078-valid
oracle-binned-median,0.3827275275764481,7.748793188631214,24.491606373488413,37,transfer,log-0078-valid
oracle-binned-median,0.2405093423599379,6.145799720934105,6.225649615806463,1,diagonal,log-0079
oracle-binned-median,0.39613100583944816,7.946173004761277,25.016357538750416,37,transfer,log-0079
oracle-binned-median,0.23515778440434543,7.291185038053467,7.3406780592520375,1,diagonal,log-0080-valid
oracle-binned-median,0.38907000970195316,7.796664244428392,24.212832291882908,37,transfer,log-0080-valid
oracle-binned-median,0.4077175362376918,8.364372370555307,8.364437222223877,1,diagonal,log-0081
oracle-binned-median,0.3594906562138031,7.7806433268429975,26.133865968898167,37,transfer,log-0081
oracle-binned-median,0.2881438367942642,7.846738611909109,7.930707075795253,1,diagonal,log-0098
oracle-binned-median,0.40815597295545447,8.143863111811218,26.581614243859615,37,transfer,log-0098
oracle-binned-median,0.4459388230993986,8.835768864294096,8.839642372975552,1,diagonal,log-0099
oracle-binned-median,0.383746313745598,7.7036033494338945,27.40707504658672,37,transfer,log-0099
oracle-binned-median,0.1831388425665073,4.7694004916852615,4.780700615815204,1,diagonal,log-0113
oracle-binned-median,0.3108840153588337,6.348220322147882,19.240818948785428,37,transfer,log-0113
oracle-binned-median,0.17205440305534236,4.185068884297679,4.222174745830686,1,diagonal,log-0115
oracle-binned-median,0.36176124954119926,7.426426722915566,23.308941986472213,37,transfer,log-0115
oracle-binned-median,0.16027075993594667,5.185322516942517,5.2112300269797815,1,diagonal,log-0116
oracle-binned-median,0.33063986228762454,7.241197033719861,23.139205204070322,37,transfer,log-0116
oracle-binned-median,0.12551430407409525,3.192558905044751,3.196670178512461,1,diagonal,log-0117
oracle-binned-median,0.3444355713246422,7.367969539448048,23.59294682466576,37,transfer,log-0117
oracle-binned-median,0.11967983666892601,4.433313158652552,4.441886546710498,1,diagonal,log-0118
oracle-binned-median,0.34955235366950443,7.403843304229893,24.057701971049116,37,transfer,log-0118
oracle-binned-median,0.12833082772294202,4.618197224609243,4.6282399542772925,1,diagonal,log-0119
oracle-binned-median,0.3355815004822882,7.234589022791065,23.081370506457915,37,transfer,log-0119
oracle-binned-median,0.1466860783853953,4.97968518464928,5.011753877297017,1,diagonal,log-0120
oracle-binned-median,0.34080895947578527,7.0822669650303025,22.964741987424183,37,transfer,log-0120
oracle-binned-median,0.1656425359099821,5.501646730771617,5.532111581141908,1,diagonal,log-0122
oracle-binned-median,0.33793943431158247,6.844535787063634,22.25067722142401,37,transfer,log-0122
oracle-binned-median,0.19618931948515445,6.380221596700683,6.381402807603512,1,diagonal,log-0125
oracle-binned-median,0.31323422164855824,6.25786760113814,18.353431931602525,37,transfer,log-0125
oracle-binned-median,0.15432821239438407,5.7447686996203515,5.745691199481998,1,diagonal,log-0126
oracle-binned-median,0.33076376752549047,6.998171557982355,22.224712462457656,37,transfer,log-0126
oracle-binned-median,0.12494987462340958,4.525858169754039,4.528981146679977,1,diagonal,log-0127
oracle-binned-median,0.3310246428598292,6.850171715275787,22.914180547227524,37,transfer,log-0127
oracle-binned-median,0.15754840898484174,5.071913017948035,5.116710942897329,1,diagonal,log-0129
oracle-binned-median,0.3336255967956226,6.711909003098305,21.648171794542325,37,transfer,log-0129
oracle-binned-median,0.1742412211414116,5.820108525438421,5.850309594197238,1,diagonal,log-0132
oracle-binned-median,0.32995365860434306,6.597417403039849,21.72914729997331,37,transfer,log-0132
oracle-binned-median,0.16296445268074922,4.8852168833653105,4.885541107876607,1,diagonal,log-0133
oracle-binned-median,0.32485074379563533,6.485329780962716,21.19465016288934,37,transfer,log-0133
oracle-binned-median,0.19232880547627382,3.386256244841583,3.4005814336174995,1,diagonal,log-0145-filtered-c01
oracle-binned-median,0.3584154385955533,11.889469261239512,28.264882092508962,37,transfer,log-0145-filtered-c01
oracle-binned-median,0.28170603325694155,4.496209160440737,4.496574490346341,1,diagonal,log-0147-filtered-c01
oracle-binned-median,0.3678546726061202,12.124262406049393,24.71509311332755,37,transfer,log-0147-filtered-c01
oracle-binned-median,0.1977403229953641,3.4730317544552083,3.495817056409114,1,diagonal,log-0147-filtered-c02
oracle-binned-median,0.3427436775789532,12.414652499472197,24.650987958591685,37,transfer,log-0147-filtered-c02
oracle-binned-median,0.2130756836067695,4.105118734194778,4.1250020128139715,1,diagonal,log-0151-filtered-c01
oracle-binned-median,0.37906047521855246,12.238188724794028,27.68025585843882,37,transfer,log-0151-filtered-c01
oracle-binned-median,0.20502984307845484,3.6898604644095565,3.70863946116405,1,diagonal,log-0152-filtered-c01
oracle-binned-median,0.3294912850662536,11.934632418594488,26.6121859935611,37,transfer,log-0152-filtered-c01
oracle-binned-median,0.25871143136623775,3.647461579588168,3.659923596543203,1,diagonal,log-0152-filtered-c02
oracle-binned-median,0.3684314778462475,12.276320534298629,28.198204823411956,37,transfer,log-0152-filtered-c02
oracle-binned-median,0.11037975920225628,2.9270392569530115,2.9393193754354034,1,diagonal,log-0155-filtered-c01
oracle-binned-median,0.3333277658495855,12.056629451358194,24.896078436826045,37,transfer,log-0155-filtered-c01
