centering,section,log,comparison,metric,value
uncentered,summary,log-0113,,samples,29498.0
uncentered,summary,log-0113,,dt_ms,9.99999999999801
uncentered,summary,log-0113,,total_s,294.9799999999413
uncentered,summary,log-0113,,active_s,236.18999999995302
uncentered,summary,log-0113,,active_pct,80.06983524306735
uncentered,summary,log-0115,,samples,18835.0
uncentered,summary,log-0115,,dt_ms,9.99999999999801
uncentered,summary,log-0115,,total_s,188.34999999996253
uncentered,summary,log-0115,,active_s,171.9199999999658
uncentered,summary,log-0115,,active_pct,91.2768781523759
uncentered,summary,log-0116,,samples,27283.0
uncentered,summary,log-0116,,dt_ms,9.99999999999801
uncentered,summary,log-0116,,total_s,272.8299999999457
uncentered,summary,log-0116,,active_s,180.11999999996416
uncentered,summary,log-0116,,active_pct,66.01913279331453
uncentered,summary,log-0117,,samples,14148.0
uncentered,summary,log-0117,,dt_ms,9.999999999999787
uncentered,summary,log-0117,,total_s,141.47999999999698
uncentered,summary,log-0117,,active_s,123.55999999999736
uncentered,summary,log-0117,,active_pct,87.33389878428046
uncentered,summary,log-0118,,samples,16328.0
uncentered,summary,log-0118,,dt_ms,9.999999999999787
uncentered,summary,log-0118,,total_s,163.2799999999965
uncentered,summary,log-0118,,active_s,110.59999999999764
uncentered,summary,log-0118,,active_pct,67.73640372366488
uncentered,summary,log-0119,,samples,19584.0
uncentered,summary,log-0119,,dt_ms,9.99999999999801
uncentered,summary,log-0119,,total_s,195.83999999996104
uncentered,summary,log-0119,,active_s,139.51999999997224
uncentered,summary,log-0119,,active_pct,71.24183006535948
uncentered,summary,log-0120,,samples,6011.0
uncentered,summary,log-0120,,dt_ms,9.99999999999801
uncentered,summary,log-0120,,total_s,60.10999999998804
uncentered,summary,log-0120,,active_s,49.679999999990116
uncentered,summary,log-0120,,active_pct,82.64847779071701
uncentered,summary,log-0122,,samples,43803.0
uncentered,summary,log-0122,,dt_ms,9.999999999990905
uncentered,summary,log-0122,,total_s,438.0299999996016
uncentered,summary,log-0122,,active_s,320.5099999997085
uncentered,summary,log-0122,,active_pct,73.17078738899161
uncentered,summary,log-0125,,samples,24913.0
uncentered,summary,log-0125,,dt_ms,9.99999999999801
uncentered,summary,log-0125,,total_s,249.12999999995043
uncentered,summary,log-0125,,active_s,189.9699999999622
uncentered,summary,log-0125,,active_pct,76.25336169871152
uncentered,summary,log-0126,,samples,14241.0
uncentered,summary,log-0126,,dt_ms,9.999999999999787
uncentered,summary,log-0126,,total_s,142.40999999999696
uncentered,summary,log-0126,,active_s,54.48999999999884
uncentered,summary,log-0126,,active_pct,38.262762446457415
uncentered,summary,log-0127,,samples,26922.0
uncentered,summary,log-0127,,dt_ms,9.99999999999801
uncentered,summary,log-0127,,total_s,269.2199999999464
uncentered,summary,log-0127,,active_s,105.0099999999791
uncentered,summary,log-0127,,active_pct,39.005274496694156
uncentered,summary,log-0129,,samples,77819.0
uncentered,summary,log-0129,,dt_ms,9.999999999990905
uncentered,summary,log-0129,,total_s,778.1899999992922
uncentered,summary,log-0129,,active_s,415.55999999962205
uncentered,summary,log-0129,,active_pct,53.400840411724644
uncentered,summary,log-0132,,samples,34660.0
uncentered,summary,log-0132,,dt_ms,9.999999999990905
uncentered,summary,log-0132,,total_s,346.59999999968477
uncentered,summary,log-0132,,active_s,267.4799999997567
uncentered,summary,log-0132,,active_pct,77.17253317945759
uncentered,summary,log-0133,,samples,10539.0
uncentered,summary,log-0133,,dt_ms,9.999999999999787
uncentered,summary,log-0133,,total_s,105.38999999999776
uncentered,summary,log-0133,,active_s,93.819999999998
uncentered,summary,log-0133,,active_pct,89.02172881677578
uncentered,error,log-0113,travel/mag_model,t,236.0
uncentered,error,log-0113,travel/mag_model,rmse,30.880730653035286
uncentered,error,log-0113,travel/mag_model,bin_rmse,33.25595760465826
uncentered,error,log-0113,travel/mag_model,mae,30.16143351315911
uncentered,error,log-0113,travel/mag_model,me,-30.158321042246016
uncentered,error,log-0113,travel/mag_model,rms_travel,29.2846062635975
uncentered,error,log-0115,travel/mag_model,t,171.0
uncentered,error,log-0115,travel/mag_model,rmse,41.51606491358017
uncentered,error,log-0115,travel/mag_model,bin_rmse,43.913948303525395
uncentered,error,log-0115,travel/mag_model,mae,41.031634200721165
uncentered,error,log-0115,travel/mag_model,me,-41.03089740301891
uncentered,error,log-0115,travel/mag_model,rms_travel,26.41693928648056
uncentered,error,log-0116,travel/mag_model,t,180.0
uncentered,error,log-0116,travel/mag_model,rmse,22.81501995746244
uncentered,error,log-0116,travel/mag_model,bin_rmse,23.788619434315752
uncentered,error,log-0116,travel/mag_model,mae,21.6255138936198
uncentered,error,log-0116,travel/mag_model,me,-21.623375600138463
uncentered,error,log-0116,travel/mag_model,rms_travel,34.572143991889995
uncentered,error,log-0117,travel/mag_model,t,123.0
uncentered,error,log-0117,travel/mag_model,rmse,17.472387707812434
uncentered,error,log-0117,travel/mag_model,bin_rmse,20.04153033634275
uncentered,error,log-0117,travel/mag_model,mae,16.598313685947385
uncentered,error,log-0117,travel/mag_model,me,-16.58683157354328
uncentered,error,log-0117,travel/mag_model,rms_travel,28.771009226145868
uncentered,error,log-0118,travel/mag_model,t,110.0
uncentered,error,log-0118,travel/mag_model,rmse,40.71100978912351
uncentered,error,log-0118,travel/mag_model,bin_rmse,40.24341961906835
uncentered,error,log-0118,travel/mag_model,mae,39.74216100853769
uncentered,error,log-0118,travel/mag_model,me,-39.74216100853769
uncentered,error,log-0118,travel/mag_model,rms_travel,40.176871399123726
uncentered,error,log-0119,travel/mag_model,t,139.0
uncentered,error,log-0119,travel/mag_model,rmse,27.049880851830117
uncentered,error,log-0119,travel/mag_model,bin_rmse,27.684233483813973
uncentered,error,log-0119,travel/mag_model,mae,26.02494336516437
uncentered,error,log-0119,travel/mag_model,me,-26.01967973961573
uncentered,error,log-0119,travel/mag_model,rms_travel,39.62079151172572
uncentered,error,log-0120,travel/mag_model,t,49.0
uncentered,error,log-0120,travel/mag_model,rmse,29.12399655007462
uncentered,error,log-0120,travel/mag_model,bin_rmse,30.02902937301815
uncentered,error,log-0120,travel/mag_model,mae,28.311167236631785
uncentered,error,log-0120,travel/mag_model,me,-28.30834695436465
uncentered,error,log-0120,travel/mag_model,rms_travel,37.737025010779696
uncentered,error,log-0122,travel/mag_model,t,320.0
uncentered,error,log-0122,travel/mag_model,rmse,45.676562937634515
uncentered,error,log-0122,travel/mag_model,bin_rmse,46.635352498827324
uncentered,error,log-0122,travel/mag_model,mae,44.988994808544945
uncentered,error,log-0122,travel/mag_model,me,-44.988994808544945
uncentered,error,log-0122,travel/mag_model,rms_travel,35.93895634700181
uncentered,error,log-0125,travel/mag_model,t,189.0
uncentered,error,log-0125,travel/mag_model,rmse,49.13337445953787
uncentered,error,log-0125,travel/mag_model,bin_rmse,49.67125510149041
uncentered,error,log-0125,travel/mag_model,mae,48.40579363488721
uncentered,error,log-0125,travel/mag_model,me,-48.40579363488721
uncentered,error,log-0125,travel/mag_model,rms_travel,36.335977928732376
uncentered,error,log-0126,travel/mag_model,t,54.0
uncentered,error,log-0126,travel/mag_model,rmse,49.30748978540635
uncentered,error,log-0126,travel/mag_model,bin_rmse,50.37078192609994
uncentered,error,log-0126,travel/mag_model,mae,48.16105761477105
uncentered,error,log-0126,travel/mag_model,me,-48.16105761477105
uncentered,error,log-0126,travel/mag_model,rms_travel,40.37316258649894
uncentered,error,log-0127,travel/mag_model,t,105.0
uncentered,error,log-0127,travel/mag_model,rmse,33.24301916989772
uncentered,error,log-0127,travel/mag_model,bin_rmse,34.15964881351355
uncentered,error,log-0127,travel/mag_model,mae,32.357866736164574
uncentered,error,log-0127,travel/mag_model,me,-32.34649877779315
uncentered,error,log-0127,travel/mag_model,rms_travel,39.602957351884434
uncentered,error,log-0129,travel/mag_model,t,415.0
uncentered,error,log-0129,travel/mag_model,rmse,14.223077026460286
uncentered,error,log-0129,travel/mag_model,bin_rmse,16.477510847558815
uncentered,error,log-0129,travel/mag_model,mae,11.16024407148
uncentered,error,log-0129,travel/mag_model,me,-10.767412790695913
uncentered,error,log-0129,travel/mag_model,rms_travel,34.86263197753653
uncentered,error,log-0132,travel/mag_model,t,267.0
uncentered,error,log-0132,travel/mag_model,rmse,44.568172557518444
uncentered,error,log-0132,travel/mag_model,bin_rmse,45.164953690237816
uncentered,error,log-0132,travel/mag_model,mae,43.38006268356989
uncentered,error,log-0132,travel/mag_model,me,-43.37969649328666
uncentered,error,log-0132,travel/mag_model,rms_travel,36.67915188470993
uncentered,error,log-0133,travel/mag_model,t,93.0
uncentered,error,log-0133,travel/mag_model,rmse,23.530076042170215
uncentered,error,log-0133,travel/mag_model,bin_rmse,25.142007257312716
uncentered,error,log-0133,travel/mag_model,mae,22.352744434359472
uncentered,error,log-0133,travel/mag_model,me,-22.324915568442332
uncentered,error,log-0133,travel/mag_model,rms_travel,32.725568521584854
uncentered,error,log-0113,travel/mag_model/adj,t,236.0
uncentered,error,log-0113,travel/mag_model/adj,rmse,24.03911641729128
uncentered,error,log-0113,travel/mag_model/adj,bin_rmse,26.41417132630512
uncentered,error,log-0113,travel/mag_model/adj,mae,23.109885403723617
uncentered,error,log-0113,travel/mag_model/adj,me,-23.10376420728771
uncentered,error,log-0113,travel/mag_model/adj,rms_travel,29.2846062635975
uncentered,error,log-0115,travel/mag_model/adj,t,171.0
uncentered,error,log-0115,travel/mag_model/adj,rmse,7.228975116537001
uncentered,error,log-0115,travel/mag_model/adj,bin_rmse,6.7631719940865604
uncentered,error,log-0115,travel/mag_model/adj,mae,6.05773687821267
uncentered,error,log-0115,travel/mag_model/adj,me,3.4941346602518255
uncentered,error,log-0115,travel/mag_model/adj,rms_travel,26.41693928648056
uncentered,error,log-0116,travel/mag_model/adj,t,180.0
uncentered,error,log-0116,travel/mag_model/adj,rmse,24.707261174619973
uncentered,error,log-0116,travel/mag_model/adj,bin_rmse,25.680800704730625
uncentered,error,log-0116,travel/mag_model/adj,mae,23.612341662192758
uncentered,error,log-0116,travel/mag_model/adj,me,-23.61131066747752
uncentered,error,log-0116,travel/mag_model/adj,rms_travel,34.572143991889995
uncentered,error,log-0117,travel/mag_model/adj,t,123.0
uncentered,error,log-0117,travel/mag_model/adj,rmse,5.873938034740396
uncentered,error,log-0117,travel/mag_model/adj,bin_rmse,6.450561322622128
uncentered,error,log-0117,travel/mag_model/adj,mae,4.660871325041519
uncentered,error,log-0117,travel/mag_model/adj,me,2.083698028253381
uncentered,error,log-0117,travel/mag_model/adj,rms_travel,28.771009226145868
uncentered,error,log-0118,travel/mag_model/adj,t,110.0
uncentered,error,log-0118,travel/mag_model/adj,rmse,25.435757472329914
uncentered,error,log-0118,travel/mag_model/adj,bin_rmse,25.025237759284323
uncentered,error,log-0118,travel/mag_model/adj,mae,23.89898812720859
uncentered,error,log-0118,travel/mag_model/adj,me,-23.854366513693275
uncentered,error,log-0118,travel/mag_model/adj,rms_travel,40.176871399123726
uncentered,error,log-0119,travel/mag_model/adj,t,139.0
uncentered,error,log-0119,travel/mag_model/adj,rmse,11.340804975082676
uncentered,error,log-0119,travel/mag_model/adj,bin_rmse,11.978752765339925
uncentered,error,log-0119,travel/mag_model/adj,mae,9.482501569221993
uncentered,error,log-0119,travel/mag_model/adj,me,-8.598926510723505
uncentered,error,log-0119,travel/mag_model/adj,rms_travel,39.62079151172572
uncentered,error,log-0120,travel/mag_model/adj,t,49.0
uncentered,error,log-0120,travel/mag_model/adj,rmse,12.494760922415653
uncentered,error,log-0120,travel/mag_model/adj,bin_rmse,13.290171958378911
uncentered,error,log-0120,travel/mag_model/adj,mae,10.676379569871617
uncentered,error,log-0120,travel/mag_model/adj,me,-10.453438800139075
uncentered,error,log-0120,travel/mag_model/adj,rms_travel,37.737025010779696
uncentered,error,log-0122,travel/mag_model/adj,t,320.0
uncentered,error,log-0122,travel/mag_model/adj,rmse,17.99451716897015
uncentered,error,log-0122,travel/mag_model/adj,bin_rmse,18.780892963317964
uncentered,error,log-0122,travel/mag_model/adj,mae,16.189644737791724
uncentered,error,log-0122,travel/mag_model/adj,me,-16.16984539913598
uncentered,error,log-0122,travel/mag_model/adj,rms_travel,35.93895634700181
uncentered,error,log-0125,travel/mag_model/adj,t,189.0
uncentered,error,log-0125,travel/mag_model/adj,rmse,25.069156943184687
uncentered,error,log-0125,travel/mag_model/adj,bin_rmse,25.556475164368788
uncentered,error,log-0125,travel/mag_model/adj,mae,23.61190028251815
uncentered,error,log-0125,travel/mag_model/adj,me,-23.61133205653895
uncentered,error,log-0125,travel/mag_model/adj,rms_travel,36.335977928732376
uncentered,error,log-0126,travel/mag_model/adj,t,54.0
uncentered,error,log-0126,travel/mag_model/adj,rmse,29.33180394194047
uncentered,error,log-0126,travel/mag_model/adj,bin_rmse,30.3846445847036
uncentered,error,log-0126,travel/mag_model/adj,mae,27.367085855900125
uncentered,error,log-0126,travel/mag_model/adj,me,-27.36080488808362
uncentered,error,log-0126,travel/mag_model/adj,rms_travel,40.37316258649894
uncentered,error,log-0127,travel/mag_model/adj,t,105.0
uncentered,error,log-0127,travel/mag_model/adj,rmse,8.29336448505652
uncentered,error,log-0127,travel/mag_model/adj,bin_rmse,8.793163856091917
uncentered,error,log-0127,travel/mag_model/adj,mae,6.4840504749050965
uncentered,error,log-0127,travel/mag_model/adj,me,-3.1587266633223523
uncentered,error,log-0127,travel/mag_model/adj,rms_travel,39.602957351884434
uncentered,error,log-0129,travel/mag_model/adj,t,415.0
uncentered,error,log-0129,travel/mag_model/adj,rmse,27.213336304043978
uncentered,error,log-0129,travel/mag_model/adj,bin_rmse,29.274337780778353
uncentered,error,log-0129,travel/mag_model/adj,mae,25.578077710699773
uncentered,error,log-0129,travel/mag_model/adj,me,-25.577469204391928
uncentered,error,log-0129,travel/mag_model/adj,rms_travel,34.86263197753653
uncentered,error,log-0132,travel/mag_model/adj,t,267.0
uncentered,error,log-0132,travel/mag_model/adj,rmse,23.813311825472613
uncentered,error,log-0132,travel/mag_model/adj,bin_rmse,24.227122020376928
uncentered,error,log-0132,travel/mag_model/adj,mae,21.514573408060446
uncentered,error,log-0132,travel/mag_model/adj,me,-21.506972888580126
uncentered,error,log-0132,travel/mag_model/adj,rms_travel,36.67915188470993
uncentered,error,log-0133,travel/mag_model/adj,t,93.0
uncentered,error,log-0133,travel/mag_model/adj,rmse,21.897760149937227
uncentered,error,log-0133,travel/mag_model/adj,bin_rmse,23.524098635721803
uncentered,error,log-0133,travel/mag_model/adj,mae,20.630128630127754
uncentered,error,log-0133,travel/mag_model/adj,me,-20.597312353118912
uncentered,error,log-0133,travel/mag_model/adj,rms_travel,32.725568521584854
uncentered,error,log-0113,travel/solved,t,236.0
uncentered,error,log-0113,travel/solved,rmse,21.592014609258673
uncentered,error,log-0113,travel/solved,bin_rmse,23.200380528083546
uncentered,error,log-0113,travel/solved,mae,20.739019207014902
uncentered,error,log-0113,travel/solved,me,-20.69463314150566
uncentered,error,log-0113,travel/solved,rms_travel,29.2846062635975
uncentered,error,log-0115,travel/solved,t,171.0
uncentered,error,log-0115,travel/solved,rmse,8.156892839846716
uncentered,error,log-0115,travel/solved,bin_rmse,9.024251653062073
uncentered,error,log-0115,travel/solved,mae,6.711594527766757
uncentered,error,log-0115,travel/solved,me,5.066963761939571
uncentered,error,log-0115,travel/solved,rms_travel,26.41693928648056
uncentered,error,log-0116,travel/solved,t,180.0
uncentered,error,log-0116,travel/solved,rmse,22.022623927927892
uncentered,error,log-0116,travel/solved,bin_rmse,22.362284474738175
uncentered,error,log-0116,travel/solved,mae,20.967274069338423
uncentered,error,log-0116,travel/solved,me,-20.902774821254646
uncentered,error,log-0116,travel/solved,rms_travel,34.572143991889995
uncentered,error,log-0117,travel/solved,t,123.0
uncentered,error,log-0117,travel/solved,rmse,6.304851135217935
uncentered,error,log-0117,travel/solved,bin_rmse,7.244497564042745
uncentered,error,log-0117,travel/solved,mae,4.971805772881996
uncentered,error,log-0117,travel/solved,me,3.1003993204923974
uncentered,error,log-0117,travel/solved,rms_travel,28.771009226145868
uncentered,error,log-0118,travel/solved,t,110.0
uncentered,error,log-0118,travel/solved,rmse,24.734836812012055
uncentered,error,log-0118,travel/solved,bin_rmse,23.876286882489126
uncentered,error,log-0118,travel/solved,mae,22.831008875780867
uncentered,error,log-0118,travel/solved,me,-22.386782846025525
uncentered,error,log-0118,travel/solved,rms_travel,40.176871399123726
uncentered,error,log-0119,travel/solved,t,139.0
uncentered,error,log-0119,travel/solved,rmse,10.916864030515999
uncentered,error,log-0119,travel/solved,bin_rmse,11.527868276036711
uncentered,error,log-0119,travel/solved,mae,9.02806276187653
uncentered,error,log-0119,travel/solved,me,-6.788908343813717
uncentered,error,log-0119,travel/solved,rms_travel,39.62079151172572
uncentered,error,log-0120,travel/solved,t,49.0
uncentered,error,log-0120,travel/solved,rmse,10.928062664866848
uncentered,error,log-0120,travel/solved,bin_rmse,11.487606785589412
uncentered,error,log-0120,travel/solved,mae,9.380003763194393
uncentered,error,log-0120,travel/solved,me,-8.194337662968735
uncentered,error,log-0120,travel/solved,rms_travel,37.737025010779696
uncentered,error,log-0122,travel/solved,t,320.0
uncentered,error,log-0122,travel/solved,rmse,15.689628001313094
uncentered,error,log-0122,travel/solved,bin_rmse,16.47808459646456
uncentered,error,log-0122,travel/solved,mae,14.145523569680016
uncentered,error,log-0122,travel/solved,me,-13.727656941436669
uncentered,error,log-0122,travel/solved,rms_travel,35.93895634700181
uncentered,error,log-0125,travel/solved,t,189.0
uncentered,error,log-0125,travel/solved,rmse,22.897040464826805
uncentered,error,log-0125,travel/solved,bin_rmse,23.431606306063355
uncentered,error,log-0125,travel/solved,mae,21.456742553953845
uncentered,error,log-0125,travel/solved,me,-21.325720384358995
uncentered,error,log-0125,travel/solved,rms_travel,36.335977928732376
uncentered,error,log-0126,travel/solved,t,54.0
uncentered,error,log-0126,travel/solved,rmse,28.29968152549405
uncentered,error,log-0126,travel/solved,bin_rmse,29.391794427877564
uncentered,error,log-0126,travel/solved,mae,25.929362474024316
uncentered,error,log-0126,travel/solved,me,-25.647542085885483
uncentered,error,log-0126,travel/solved,rms_travel,40.37316258649894
uncentered,error,log-0127,travel/solved,t,105.0
uncentered,error,log-0127,travel/solved,rmse,8.41337850469908
uncentered,error,log-0127,travel/solved,bin_rmse,8.864633014513531
uncentered,error,log-0127,travel/solved,mae,6.504480835621709
uncentered,error,log-0127,travel/solved,me,-0.8107875615385777
uncentered,error,log-0127,travel/solved,rms_travel,39.602957351884434
uncentered,error,log-0129,travel/solved,t,415.0
uncentered,error,log-0129,travel/solved,rmse,23.327901805309107
uncentered,error,log-0129,travel/solved,bin_rmse,23.22917579475927
uncentered,error,log-0129,travel/solved,mae,22.21581096193594
uncentered,error,log-0129,travel/solved,me,-22.176080137506066
uncentered,error,log-0129,travel/solved,rms_travel,34.86263197753653
uncentered,error,log-0132,travel/solved,t,267.0
uncentered,error,log-0132,travel/solved,rmse,19.289180136367317
uncentered,error,log-0132,travel/solved,bin_rmse,19.2631390746494
uncentered,error,log-0132,travel/solved,mae,17.728366381570137
uncentered,error,log-0132,travel/solved,me,-17.538754830606308
uncentered,error,log-0132,travel/solved,rms_travel,36.67915188470993
uncentered,error,log-0133,travel/solved,t,93.0
uncentered,error,log-0133,travel/solved,rmse,19.999084028064154
uncentered,error,log-0133,travel/solved,bin_rmse,20.257698442459347
uncentered,error,log-0133,travel/solved,mae,18.77399638762101
uncentered,error,log-0133,travel/solved,me,-18.70178826407752
uncentered,error,log-0133,travel/solved,rms_travel,32.725568521584854
uncentered,error,log-0113,travel/solved/mag_nuisance/delta_lifted,t,236.0
uncentered,error,log-0113,travel/solved/mag_nuisance/delta_lifted,rmse,21.936460391893952
uncentered,error,log-0113,travel/solved/mag_nuisance/delta_lifted,bin_rmse,23.524980268112966
uncentered,error,log-0113,travel/solved/mag_nuisance/delta_lifted,mae,21.13995000044777
uncentered,error,log-0113,travel/solved/mag_nuisance/delta_lifted,me,-21.12602118676929
uncentered,error,log-0113,travel/solved/mag_nuisance/delta_lifted,rms_travel,29.2846062635975
uncentered,error,log-0115,travel/solved/mag_nuisance/delta_lifted,t,171.0
uncentered,error,log-0115,travel/solved/mag_nuisance/delta_lifted,rmse,7.553165404916788
uncentered,error,log-0115,travel/solved/mag_nuisance/delta_lifted,bin_rmse,7.788097816887829
uncentered,error,log-0115,travel/solved/mag_nuisance/delta_lifted,mae,6.324934265866073
uncentered,error,log-0115,travel/solved/mag_nuisance/delta_lifted,me,4.371944356052442
uncentered,error,log-0115,travel/solved/mag_nuisance/delta_lifted,rms_travel,26.41693928648056
uncentered,error,log-0116,travel/solved/mag_nuisance/delta_lifted,t,180.0
uncentered,error,log-0116,travel/solved/mag_nuisance/delta_lifted,rmse,22.325373670270416
uncentered,error,log-0116,travel/solved/mag_nuisance/delta_lifted,bin_rmse,22.6819334035466
uncentered,error,log-0116,travel/solved/mag_nuisance/delta_lifted,mae,21.31370278044044
uncentered,error,log-0116,travel/solved/mag_nuisance/delta_lifted,me,-21.28248500546675
uncentered,error,log-0116,travel/solved/mag_nuisance/delta_lifted,rms_travel,34.572143991889995
uncentered,error,log-0117,travel/solved/mag_nuisance/delta_lifted,t,123.0
uncentered,error,log-0117,travel/solved/mag_nuisance/delta_lifted,rmse,5.958040703931925
uncentered,error,log-0117,travel/solved/mag_nuisance/delta_lifted,bin_rmse,6.589606784931794
uncentered,error,log-0117,travel/solved/mag_nuisance/delta_lifted,mae,4.7615192436658695
uncentered,error,log-0117,travel/solved/mag_nuisance/delta_lifted,me,2.8099293263082927
uncentered,error,log-0117,travel/solved/mag_nuisance/delta_lifted,rms_travel,28.771009226145868
uncentered,error,log-0118,travel/solved/mag_nuisance/delta_lifted,t,110.0
uncentered,error,log-0118,travel/solved/mag_nuisance/delta_lifted,rmse,25.028183033362357
uncentered,error,log-0118,travel/solved/mag_nuisance/delta_lifted,bin_rmse,24.243376020284472
uncentered,error,log-0118,travel/solved/mag_nuisance/delta_lifted,mae,23.243516410285704
uncentered,error,log-0118,travel/solved/mag_nuisance/delta_lifted,me,-22.897462248610637
uncentered,error,log-0118,travel/solved/mag_nuisance/delta_lifted,rms_travel,40.176871399123726
uncentered,error,log-0119,travel/solved/mag_nuisance/delta_lifted,t,139.0
uncentered,error,log-0119,travel/solved/mag_nuisance/delta_lifted,rmse,11.026253382171856
uncentered,error,log-0119,travel/solved/mag_nuisance/delta_lifted,bin_rmse,11.60694358587332
uncentered,error,log-0119,travel/solved/mag_nuisance/delta_lifted,mae,9.090620897090684
uncentered,error,log-0119,travel/solved/mag_nuisance/delta_lifted,me,-7.722005071846807
uncentered,error,log-0119,travel/solved/mag_nuisance/delta_lifted,rms_travel,39.62079151172572
uncentered,error,log-0120,travel/solved/mag_nuisance/delta_lifted,t,49.0
uncentered,error,log-0120,travel/solved/mag_nuisance/delta_lifted,rmse,11.149696133677178
uncentered,error,log-0120,travel/solved/mag_nuisance/delta_lifted,bin_rmse,11.680535498018216
uncentered,error,log-0120,travel/solved/mag_nuisance/delta_lifted,mae,9.594905294680093
uncentered,error,log-0120,travel/solved/mag_nuisance/delta_lifted,me,-8.925967061354674
uncentered,error,log-0120,travel/solved/mag_nuisance/delta_lifted,rms_travel,37.737025010779696
uncentered,error,log-0122,travel/solved/mag_nuisance/delta_lifted,t,320.0
uncentered,error,log-0122,travel/solved/mag_nuisance/delta_lifted,rmse,16.397210051313213
uncentered,error,log-0122,travel/solved/mag_nuisance/delta_lifted,bin_rmse,17.15032730373727
uncentered,error,log-0122,travel/solved/mag_nuisance/delta_lifted,mae,14.919354129119826
uncentered,error,log-0122,travel/solved/mag_nuisance/delta_lifted,me,-14.695597062973235
uncentered,error,log-0122,travel/solved/mag_nuisance/delta_lifted,rms_travel,35.93895634700181
uncentered,error,log-0125,travel/solved/mag_nuisance/delta_lifted,t,189.0
uncentered,error,log-0125,travel/solved/mag_nuisance/delta_lifted,rmse,23.571854821349486
uncentered,error,log-0125,travel/solved/mag_nuisance/delta_lifted,bin_rmse,24.07184070917502
uncentered,error,log-0125,travel/solved/mag_nuisance/delta_lifted,mae,22.19235819337771
uncentered,error,log-0125,travel/solved/mag_nuisance/delta_lifted,me,-22.161792234388177
uncentered,error,log-0125,travel/solved/mag_nuisance/delta_lifted,rms_travel,36.335977928732376
uncentered,error,log-0126,travel/solved/mag_nuisance/delta_lifted,t,54.0
uncentered,error,log-0126,travel/solved/mag_nuisance/delta_lifted,rmse,28.631700862727495
uncentered,error,log-0126,travel/solved/mag_nuisance/delta_lifted,bin_rmse,29.70569565952223
uncentered,error,log-0126,travel/solved/mag_nuisance/delta_lifted,mae,26.445108172640868
uncentered,error,log-0126,travel/solved/mag_nuisance/delta_lifted,me,-26.37619836295943
uncentered,error,log-0126,travel/solved/mag_nuisance/delta_lifted,rms_travel,40.37316258649894
uncentered,error,log-0127,travel/solved/mag_nuisance/delta_lifted,t,105.0
uncentered,error,log-0127,travel/solved/mag_nuisance/delta_lifted,rmse,7.952851951712491
uncentered,error,log-0127,travel/solved/mag_nuisance/delta_lifted,bin_rmse,8.348730743958631
uncentered,error,log-0127,travel/solved/mag_nuisance/delta_lifted,mae,6.1806398388841854
uncentered,error,log-0127,travel/solved/mag_nuisance/delta_lifted,me,-2.073076851295449
uncentered,error,log-0127,travel/solved/mag_nuisance/delta_lifted,rms_travel,39.602957351884434
uncentered,error,log-0129,travel/solved/mag_nuisance/delta_lifted,t,415.0
uncentered,error,log-0129,travel/solved/mag_nuisance/delta_lifted,rmse,23.596101837779646
uncentered,error,log-0129,travel/solved/mag_nuisance/delta_lifted,bin_rmse,23.543176836967316
uncentered,error,log-0129,travel/solved/mag_nuisance/delta_lifted,mae,22.511294809354407
uncentered,error,log-0129,travel/solved/mag_nuisance/delta_lifted,me,-22.49823352246871
uncentered,error,log-0129,travel/solved/mag_nuisance/delta_lifted,rms_travel,34.86263197753653
uncentered,error,log-0132,travel/solved/mag_nuisance/delta_lifted,t,267.0
uncentered,error,log-0132,travel/solved/mag_nuisance/delta_lifted,rmse,19.964194865520174
uncentered,error,log-0132,travel/solved/mag_nuisance/delta_lifted,bin_rmse,19.91138630514632
uncentered,error,log-0132,travel/solved/mag_nuisance/delta_lifted,mae,18.347613716237237
uncentered,error,log-0132,travel/solved/mag_nuisance/delta_lifted,me,-18.22342713552209
uncentered,error,log-0132,travel/solved/mag_nuisance/delta_lifted,rms_travel,36.67915188470993
uncentered,error,log-0133,travel/solved/mag_nuisance/delta_lifted,t,93.0
uncentered,error,log-0133,travel/solved/mag_nuisance/delta_lifted,rmse,20.364254980196534
uncentered,error,log-0133,travel/solved/mag_nuisance/delta_lifted,bin_rmse,20.741607765554797
uncentered,error,log-0133,travel/solved/mag_nuisance/delta_lifted,mae,19.199561603085716
uncentered,error,log-0133,travel/solved/mag_nuisance/delta_lifted,me,-19.162825553730354
uncentered,error,log-0133,travel/solved/mag_nuisance/delta_lifted,rms_travel,32.725568521584854
uncentered,error,log-0113,travel/mag_nuisance/corrected,t,236.0
uncentered,error,log-0113,travel/mag_nuisance/corrected,rmse,22.56454572417974
uncentered,error,log-0113,travel/mag_nuisance/corrected,bin_rmse,24.92970567391695
uncentered,error,log-0113,travel/mag_nuisance/corrected,mae,21.82625669773257
uncentered,error,log-0113,travel/mag_nuisance/corrected,me,-21.82222441639406
uncentered,error,log-0113,travel/mag_nuisance/corrected,rms_travel,29.2846062635975
uncentered,error,log-0115,travel/mag_nuisance/corrected,t,171.0
uncentered,error,log-0115,travel/mag_nuisance/corrected,rmse,6.955364655787394
uncentered,error,log-0115,travel/mag_nuisance/corrected,bin_rmse,6.637106836465272
uncentered,error,log-0115,travel/mag_nuisance/corrected,mae,5.933898676661984
uncentered,error,log-0115,travel/mag_nuisance/corrected,me,3.87578491895103
uncentered,error,log-0115,travel/mag_nuisance/corrected,rms_travel,26.41693928648056
uncentered,error,log-0116,travel/mag_nuisance/corrected,t,180.0
uncentered,error,log-0116,travel/mag_nuisance/corrected,rmse,23.078618968044413
uncentered,error,log-0116,travel/mag_nuisance/corrected,bin_rmse,23.837485252555
uncentered,error,log-0116,travel/mag_nuisance/corrected,mae,22.167612543900823
uncentered,error,log-0116,travel/mag_nuisance/corrected,me,-22.16719899522607
uncentered,error,log-0116,travel/mag_nuisance/corrected,rms_travel,34.572143991889995
uncentered,error,log-0117,travel/mag_nuisance/corrected,t,123.0
uncentered,error,log-0117,travel/mag_nuisance/corrected,rmse,5.801135201247278
uncentered,error,log-0117,travel/mag_nuisance/corrected,bin_rmse,6.249495957924732
uncentered,error,log-0117,travel/mag_nuisance/corrected,mae,4.664739322857551
uncentered,error,log-0117,travel/mag_nuisance/corrected,me,2.6219847680181494
uncentered,error,log-0117,travel/mag_nuisance/corrected,rms_travel,28.771009226145868
uncentered,error,log-0118,travel/mag_nuisance/corrected,t,110.0
uncentered,error,log-0118,travel/mag_nuisance/corrected,rmse,25.077686851476845
uncentered,error,log-0118,travel/mag_nuisance/corrected,bin_rmse,24.482960952648188
uncentered,error,log-0118,travel/mag_nuisance/corrected,mae,23.50577966556871
uncentered,error,log-0118,travel/mag_nuisance/corrected,me,-23.19583055123059
uncentered,error,log-0118,travel/mag_nuisance/corrected,rms_travel,40.176871399123726
uncentered,error,log-0119,travel/mag_nuisance/corrected,t,139.0
uncentered,error,log-0119,travel/mag_nuisance/corrected,rmse,10.67179150939101
uncentered,error,log-0119,travel/mag_nuisance/corrected,bin_rmse,11.286642369663298
uncentered,error,log-0119,travel/mag_nuisance/corrected,mae,8.804798925856169
uncentered,error,log-0119,travel/mag_nuisance/corrected,me,-8.027553611195588
uncentered,error,log-0119,travel/mag_nuisance/corrected,rms_travel,39.62079151172572
uncentered,error,log-0120,travel/mag_nuisance/corrected,t,49.0
uncentered,error,log-0120,travel/mag_nuisance/corrected,rmse,11.393753295121645
uncentered,error,log-0120,travel/mag_nuisance/corrected,bin_rmse,12.11200673753006
uncentered,error,log-0120,travel/mag_nuisance/corrected,mae,9.863630540117766
uncentered,error,log-0120,travel/mag_nuisance/corrected,me,-9.590612650996562
uncentered,error,log-0120,travel/mag_nuisance/corrected,rms_travel,37.737025010779696
uncentered,error,log-0122,travel/mag_nuisance/corrected,t,320.0
uncentered,error,log-0122,travel/mag_nuisance/corrected,rmse,16.799984375319255
uncentered,error,log-0122,travel/mag_nuisance/corrected,bin_rmse,17.653280353822407
uncentered,error,log-0122,travel/mag_nuisance/corrected,mae,15.425443316457708
uncentered,error,log-0122,travel/mag_nuisance/corrected,me,-15.406646577016271
uncentered,error,log-0122,travel/mag_nuisance/corrected,rms_travel,35.93895634700181
uncentered,error,log-0125,travel/mag_nuisance/corrected,t,189.0
uncentered,error,log-0125,travel/mag_nuisance/corrected,rmse,23.7982193801938
uncentered,error,log-0125,travel/mag_nuisance/corrected,bin_rmse,24.455881867764205
uncentered,error,log-0125,travel/mag_nuisance/corrected,mae,22.61071422162943
uncentered,error,log-0125,travel/mag_nuisance/corrected,me,-22.609805912554656
uncentered,error,log-0125,travel/mag_nuisance/corrected,rms_travel,36.335977928732376
uncentered,error,log-0126,travel/mag_nuisance/corrected,t,54.0
uncentered,error,log-0126,travel/mag_nuisance/corrected,rmse,28.725264468655325
uncentered,error,log-0126,travel/mag_nuisance/corrected,bin_rmse,29.857036961835128
uncentered,error,log-0126,travel/mag_nuisance/corrected,mae,26.75640036798806
uncentered,error,log-0126,travel/mag_nuisance/corrected,me,-26.75179172617535
uncentered,error,log-0126,travel/mag_nuisance/corrected,rms_travel,40.37316258649894
uncentered,error,log-0127,travel/mag_nuisance/corrected,t,105.0
uncentered,error,log-0127,travel/mag_nuisance/corrected,rmse,7.525511463886328
uncentered,error,log-0127,travel/mag_nuisance/corrected,bin_rmse,8.015438814909551
uncentered,error,log-0127,travel/mag_nuisance/corrected,mae,5.962259173679546
uncentered,error,log-0127,travel/mag_nuisance/corrected,me,-2.4603299336044557
uncentered,error,log-0127,travel/mag_nuisance/corrected,rms_travel,39.602957351884434
uncentered,error,log-0129,travel/mag_nuisance/corrected,t,415.0
uncentered,error,log-0129,travel/mag_nuisance/corrected,rmse,25.33530108941532
uncentered,error,log-0129,travel/mag_nuisance/corrected,bin_rmse,26.643975152149846
uncentered,error,log-0129,travel/mag_nuisance/corrected,mae,23.974206431045303
uncentered,error,log-0129,travel/mag_nuisance/corrected,me,-23.97305019589459
uncentered,error,log-0129,travel/mag_nuisance/corrected,rms_travel,34.86263197753653
uncentered,error,log-0132,travel/mag_nuisance/corrected,t,267.0
uncentered,error,log-0132,travel/mag_nuisance/corrected,rmse,21.153563964237698
uncentered,error,log-0132,travel/mag_nuisance/corrected,bin_rmse,21.632726625939586
uncentered,error,log-0132,travel/mag_nuisance/corrected,mae,19.58032286696811
uncentered,error,log-0132,travel/mag_nuisance/corrected,me,-19.57261426293964
uncentered,error,log-0132,travel/mag_nuisance/corrected,rms_travel,36.67915188470993
uncentered,error,log-0133,travel/mag_nuisance/corrected,t,93.0
uncentered,error,log-0133,travel/mag_nuisance/corrected,rmse,20.74811908323776
uncentered,error,log-0133,travel/mag_nuisance/corrected,bin_rmse,21.906761293871483
uncentered,error,log-0133,travel/mag_nuisance/corrected,mae,19.622799753639054
uncentered,error,log-0133,travel/mag_nuisance/corrected,me,-19.597702780742104
uncentered,error,log-0133,travel/mag_nuisance/corrected,rms_travel,32.725568521584854
centered,summary,log-0113,,samples,29498.0
centered,summary,log-0113,,dt_ms,9.99999999999801
centered,summary,log-0113,,total_s,294.9799999999413
centered,summary,log-0113,,active_s,236.18999999995302
centered,summary,log-0113,,active_pct,80.06983524306735
centered,summary,log-0115,,samples,18835.0
centered,summary,log-0115,,dt_ms,9.99999999999801
centered,summary,log-0115,,total_s,188.34999999996253
centered,summary,log-0115,,active_s,171.9199999999658
centered,summary,log-0115,,active_pct,91.2768781523759
centered,summary,log-0116,,samples,27283.0
centered,summary,log-0116,,dt_ms,9.99999999999801
centered,summary,log-0116,,total_s,272.8299999999457
centered,summary,log-0116,,active_s,180.11999999996416
centered,summary,log-0116,,active_pct,66.01913279331453
centered,summary,log-0117,,samples,14148.0
centered,summary,log-0117,,dt_ms,9.999999999999787
centered,summary,log-0117,,total_s,141.47999999999698
centered,summary,log-0117,,active_s,123.55999999999736
centered,summary,log-0117,,active_pct,87.33389878428046
centered,summary,log-0118,,samples,16328.0
centered,summary,log-0118,,dt_ms,9.999999999999787
centered,summary,log-0118,,total_s,163.2799999999965
centered,summary,log-0118,,active_s,110.59999999999764
centered,summary,log-0118,,active_pct,67.73640372366488
centered,summary,log-0119,,samples,19584.0
centered,summary,log-0119,,dt_ms,9.99999999999801
centered,summary,log-0119,,total_s,195.83999999996104
centered,summary,log-0119,,active_s,139.51999999997224
centered,summary,log-0119,,active_pct,71.24183006535948
centered,summary,log-0120,,samples,6011.0
centered,summary,log-0120,,dt_ms,9.99999999999801
centered,summary,log-0120,,total_s,60.10999999998804
centered,summary,log-0120,,active_s,49.679999999990116
centered,summary,log-0120,,active_pct,82.64847779071701
centered,summary,log-0122,,samples,43803.0
centered,summary,log-0122,,dt_ms,9.999999999990905
centered,summary,log-0122,,total_s,438.0299999996016
centered,summary,log-0122,,active_s,320.5099999997085
centered,summary,log-0122,,active_pct,73.17078738899161
centered,summary,log-0125,,samples,24913.0
centered,summary,log-0125,,dt_ms,9.99999999999801
centered,summary,log-0125,,total_s,249.12999999995043
centered,summary,log-0125,,active_s,189.9699999999622
centered,summary,log-0125,,active_pct,76.25336169871152
centered,summary,log-0126,,samples,14241.0
centered,summary,log-0126,,dt_ms,9.999999999999787
centered,summary,log-0126,,total_s,142.40999999999696
centered,summary,log-0126,,active_s,54.48999999999884
centered,summary,log-0126,,active_pct,38.262762446457415
centered,summary,log-0127,,samples,26922.0
centered,summary,log-0127,,dt_ms,9.99999999999801
centered,summary,log-0127,,total_s,269.2199999999464
centered,summary,log-0127,,active_s,105.0099999999791
centered,summary,log-0127,,active_pct,39.005274496694156
centered,summary,log-0129,,samples,77819.0
centered,summary,log-0129,,dt_ms,9.999999999990905
centered,summary,log-0129,,total_s,778.1899999992922
centered,summary,log-0129,,active_s,415.55999999962205
centered,summary,log-0129,,active_pct,53.400840411724644
centered,summary,log-0132,,samples,34660.0
centered,summary,log-0132,,dt_ms,9.999999999990905
centered,summary,log-0132,,total_s,346.59999999968477
centered,summary,log-0132,,active_s,267.4799999997567
centered,summary,log-0132,,active_pct,77.17253317945759
centered,summary,log-0133,,samples,10539.0
centered,summary,log-0133,,dt_ms,9.999999999999787
centered,summary,log-0133,,total_s,105.38999999999776
centered,summary,log-0133,,active_s,93.819999999998
centered,summary,log-0133,,active_pct,89.02172881677578
centered,error,log-0113,travel/mag_model,t,236.0
centered,error,log-0113,travel/mag_model,rmse,6.6404214909999855
centered,error,log-0113,travel/mag_model,bin_rmse,7.57986223509756
centered,error,log-0113,travel/mag_model,mae,5.096277946670711
centered,error,log-0113,travel/mag_model,me,7.85540959234842e-15
centered,error,log-0113,travel/mag_model,rms_travel,29.2846062635975
centered,error,log-0115,travel/mag_model,t,171.0
centered,error,log-0115,travel/mag_model,rmse,6.328436158446887
centered,error,log-0115,travel/mag_model,bin_rmse,7.07946609472485
centered,error,log-0115,travel/mag_model,mae,4.78741966588537
centered,error,log-0115,travel/mag_model,me,-1.2379115880343486e-14
centered,error,log-0115,travel/mag_model,rms_travel,26.41693928648056
centered,error,log-0116,travel/mag_model,t,180.0
centered,error,log-0116,travel/mag_model,rmse,7.277002357753218
centered,error,log-0116,travel/mag_model,bin_rmse,7.634352686302804
centered,error,log-0116,travel/mag_model,mae,5.394294737616484
centered,error,log-0116,travel/mag_model,me,7.927529878877955e-15
centered,error,log-0116,travel/mag_model,rms_travel,34.572143991889995
centered,error,log-0117,travel/mag_model,t,123.0
centered,error,log-0117,travel/mag_model,rmse,5.491935047232701
centered,error,log-0117,travel/mag_model,bin_rmse,6.872482849324883
centered,error,log-0117,travel/mag_model,mae,4.198589960219031
centered,error,log-0117,travel/mag_model,me,7.728791169161336e-16
centered,error,log-0117,travel/mag_model,rms_travel,28.771009226145868
centered,error,log-0118,travel/mag_model,t,110.0
centered,error,log-0118,travel/mag_model,rmse,8.8287573543266
centered,error,log-0118,travel/mag_model,bin_rmse,9.10843431946597
centered,error,log-0118,travel/mag_model,mae,7.317255199864725
centered,error,log-0118,travel/mag_model,me,-3.5154519440138048e-15
centered,error,log-0118,travel/mag_model,rms_travel,40.176871399123726
centered,error,log-0119,travel/mag_model,t,139.0
centered,error,log-0119,travel/mag_model,rmse,7.3940733257140785
centered,error,log-0119,travel/mag_model,bin_rmse,7.730064649206818
centered,error,log-0119,travel/mag_model,mae,6.08208166876246
centered,error,log-0119,travel/mag_model,me,1.0397391408599631e-14
centered,error,log-0119,travel/mag_model,rms_travel,39.62079151172572
centered,error,log-0120,travel/mag_model,t,49.0
centered,error,log-0120,travel/mag_model,rmse,6.844316456745126
centered,error,log-0120,travel/mag_model,bin_rmse,6.929560189758554
centered,error,log-0120,travel/mag_model,mae,5.321919713679215
centered,error,log-0120,travel/mag_model,me,3.56987654681403e-15
centered,error,log-0120,travel/mag_model,rms_travel,37.737025010779696
centered,error,log-0122,travel/mag_model,t,320.0
centered,error,log-0122,travel/mag_model,rmse,7.895489086332943
centered,error,log-0122,travel/mag_model,bin_rmse,7.604221334714278
centered,error,log-0122,travel/mag_model,mae,6.221375098142057
centered,error,log-0122,travel/mag_model,me,2.9511543784713282e-15
centered,error,log-0122,travel/mag_model,rms_travel,35.93895634700181
centered,error,log-0125,travel/mag_model,t,189.0
centered,error,log-0125,travel/mag_model,rmse,8.424228650617287
centered,error,log-0125,travel/mag_model,bin_rmse,8.277852327322975
centered,error,log-0125,travel/mag_model,mae,6.780091024198353
centered,error,log-0125,travel/mag_model,me,1.2447682395165624e-15
centered,error,log-0125,travel/mag_model,rms_travel,36.335977928732376
centered,error,log-0126,travel/mag_model,t,54.0
centered,error,log-0126,travel/mag_model,rmse,10.570765268638505
centered,error,log-0126,travel/mag_model,bin_rmse,10.85812633579056
centered,error,log-0126,travel/mag_model,mae,8.64252857503946
centered,error,log-0126,travel/mag_model,me,-1.1683727128666724e-14
centered,error,log-0126,travel/mag_model,rms_travel,40.37316258649894
centered,error,log-0127,travel/mag_model,t,105.0
centered,error,log-0127,travel/mag_model,rmse,7.668268406127503
centered,error,log-0127,travel/mag_model,bin_rmse,7.847300378001668
centered,error,log-0127,travel/mag_model,mae,6.1411996961372335
centered,error,log-0127,travel/mag_model,me,-1.3424595636111216e-15
centered,error,log-0127,travel/mag_model,rms_travel,39.602957351884434
centered,error,log-0129,travel/mag_model,t,415.0
centered,error,log-0129,travel/mag_model,rmse,9.292940433220284
centered,error,log-0129,travel/mag_model,bin_rmse,11.011304869327763
centered,error,log-0129,travel/mag_model,mae,6.606101053654784
centered,error,log-0129,travel/mag_model,me,-1.3481777271443926e-14
centered,error,log-0129,travel/mag_model,rms_travel,34.86263197753653
centered,error,log-0132,travel/mag_model,t,267.0
centered,error,log-0132,travel/mag_model,rmse,10.22369489309385
centered,error,log-0132,travel/mag_model,bin_rmse,9.55485158909133
centered,error,log-0132,travel/mag_model,mae,7.772928304649713
centered,error,log-0132,travel/mag_model,me,7.0724875866894374e-15
centered,error,log-0132,travel/mag_model,rms_travel,36.67915188470993
centered,error,log-0133,travel/mag_model,t,93.0
centered,error,log-0133,travel/mag_model,rmse,7.433883467759895
centered,error,log-0133,travel/mag_model,bin_rmse,8.629748280074464
centered,error,log-0133,travel/mag_model,mae,5.66203625454767
centered,error,log-0133,travel/mag_model,me,-1.9872779137012393e-15
centered,error,log-0133,travel/mag_model,rms_travel,32.725568521584854
centered,error,log-0113,travel/mag_model/adj,t,236.0
centered,error,log-0113,travel/mag_model/adj,rmse,6.6404214909999855
centered,error,log-0113,travel/mag_model/adj,bin_rmse,7.579862235097562
centered,error,log-0113,travel/mag_model/adj,mae,5.096277946670711
centered,error,log-0113,travel/mag_model/adj,me,7.701381953282766e-16
centered,error,log-0113,travel/mag_model/adj,rms_travel,29.2846062635975
centered,error,log-0115,travel/mag_model/adj,t,171.0
centered,error,log-0115,travel/mag_model/adj,rmse,6.328436158446887
centered,error,log-0115,travel/mag_model/adj,bin_rmse,7.079466094724848
centered,error,log-0115,travel/mag_model/adj,mae,4.787419665885371
centered,error,log-0115,travel/mag_model/adj,me,-5.3960248709189555e-15
centered,error,log-0115,travel/mag_model/adj,rms_travel,26.41693928648056
centered,error,log-0116,travel/mag_model/adj,t,180.0
centered,error,log-0116,travel/mag_model/adj,rmse,7.277002357753218
centered,error,log-0116,travel/mag_model/adj,bin_rmse,7.634352686302804
centered,error,log-0116,travel/mag_model/adj,mae,5.394294737616484
centered,error,log-0116,travel/mag_model/adj,me,7.927529878877955e-15
centered,error,log-0116,travel/mag_model/adj,rms_travel,34.572143991889995
centered,error,log-0117,travel/mag_model/adj,t,123.0
centered,error,log-0117,travel/mag_model/adj,rmse,5.491935047232701
centered,error,log-0117,travel/mag_model/adj,bin_rmse,6.872482849324879
centered,error,log-0117,travel/mag_model/adj,mae,4.1985899602190315
centered,error,log-0117,travel/mag_model/adj,me,1.501593712865631e-14
centered,error,log-0117,travel/mag_model/adj,rms_travel,28.771009226145868
centered,error,log-0118,travel/mag_model/adj,t,110.0
centered,error,log-0118,travel/mag_model/adj,rmse,8.8287573543266
centered,error,log-0118,travel/mag_model/adj,bin_rmse,9.10843431946597
centered,error,log-0118,travel/mag_model/adj,mae,7.317255199864725
centered,error,log-0118,travel/mag_model/adj,me,-3.433219150001786e-15
centered,error,log-0118,travel/mag_model/adj,rms_travel,40.176871399123726
centered,error,log-0119,travel/mag_model/adj,t,139.0
centered,error,log-0119,travel/mag_model/adj,rmse,7.3940733257140785
centered,error,log-0119,travel/mag_model/adj,bin_rmse,7.730064649206818
centered,error,log-0119,travel/mag_model/adj,mae,6.08208166876246
centered,error,log-0119,travel/mag_model/adj,me,1.0364797705124397e-14
centered,error,log-0119,travel/mag_model/adj,rms_travel,39.62079151172572
centered,error,log-0120,travel/mag_model/adj,t,49.0
centered,error,log-0120,travel/mag_model/adj,rmse,6.844316456745126
centered,error,log-0120,travel/mag_model/adj,bin_rmse,6.929560189758555
centered,error,log-0120,travel/mag_model/adj,mae,5.321919713679215
centered,error,log-0120,travel/mag_model/adj,me,6.499006021122977e-15
centered,error,log-0120,travel/mag_model/adj,rms_travel,37.737025010779696
centered,error,log-0122,travel/mag_model/adj,t,320.0
centered,error,log-0122,travel/mag_model/adj,rmse,7.895489086332944
centered,error,log-0122,travel/mag_model/adj,bin_rmse,7.604221334714279
centered,error,log-0122,travel/mag_model/adj,mae,6.2213750981420555
centered,error,log-0122,travel/mag_model/adj,me,-4.4267315677069925e-15
centered,error,log-0122,travel/mag_model/adj,rms_travel,35.93895634700181
centered,error,log-0125,travel/mag_model/adj,t,189.0
centered,error,log-0125,travel/mag_model/adj,rmse,8.42422865061729
centered,error,log-0125,travel/mag_model/adj,bin_rmse,8.277852327322977
centered,error,log-0125,travel/mag_model/adj,mae,6.780091024198354
centered,error,log-0125,travel/mag_model/adj,me,3.8300561215894224e-16
centered,error,log-0125,travel/mag_model/adj,rms_travel,36.335977928732376
centered,error,log-0126,travel/mag_model/adj,t,54.0
centered,error,log-0126,travel/mag_model/adj,rmse,10.570765268638507
centered,error,log-0126,travel/mag_model/adj,bin_rmse,10.85812633579056
centered,error,log-0126,travel/mag_model/adj,mae,8.64252857503946
centered,error,log-0126,travel/mag_model/adj,me,-8.178608990066707e-15
centered,error,log-0126,travel/mag_model/adj,rms_travel,40.37316258649894
centered,error,log-0127,travel/mag_model/adj,t,105.0
centered,error,log-0127,travel/mag_model/adj,rmse,7.668268406127502
centered,error,log-0127,travel/mag_model/adj,bin_rmse,7.847300378001669
centered,error,log-0127,travel/mag_model/adj,mae,6.141199696137233
centered,error,log-0127,travel/mag_model/adj,me,-1.1172727981021593e-14
centered,error,log-0127,travel/mag_model/adj,rms_travel,39.602957351884434
centered,error,log-0129,travel/mag_model/adj,t,415.0
centered,error,log-0129,travel/mag_model/adj,rmse,9.292940433220284
centered,error,log-0129,travel/mag_model/adj,bin_rmse,11.011304869327763
centered,error,log-0129,travel/mag_model/adj,mae,6.606101053654784
centered,error,log-0129,travel/mag_model/adj,me,-1.3481777271443926e-14
centered,error,log-0129,travel/mag_model/adj,rms_travel,34.86263197753653
centered,error,log-0132,travel/mag_model/adj,t,267.0
centered,error,log-0132,travel/mag_model/adj,rmse,10.22369489309385
centered,error,log-0132,travel/mag_model/adj,bin_rmse,9.554851589091328
centered,error,log-0132,travel/mag_model/adj,mae,7.772928304649713
centered,error,log-0132,travel/mag_model/adj,me,9.792675120031529e-15
centered,error,log-0132,travel/mag_model/adj,rms_travel,36.67915188470993
centered,error,log-0133,travel/mag_model/adj,t,93.0
centered,error,log-0133,travel/mag_model/adj,rmse,7.4338834677598955
centered,error,log-0133,travel/mag_model/adj,bin_rmse,8.629748280074466
centered,error,log-0133,travel/mag_model/adj,mae,5.662036254547671
centered,error,log-0133,travel/mag_model/adj,me,-4.750078915676134e-15
centered,error,log-0133,travel/mag_model/adj,rms_travel,32.725568521584854
centered,error,log-0113,travel/solved,t,236.0
centered,error,log-0113,travel/solved,rmse,6.160134253807758
centered,error,log-0113,travel/solved,bin_rmse,7.970822734472902
centered,error,log-0113,travel/solved,mae,4.791019616976622
centered,error,log-0113,travel/solved,me,6.122598652859799e-15
centered,error,log-0113,travel/solved,rms_travel,29.2846062635975
centered,error,log-0115,travel/solved,t,171.0
centered,error,log-0115,travel/solved,rmse,6.392243662121604
centered,error,log-0115,travel/solved,bin_rmse,8.411441580848528
centered,error,log-0115,travel/solved,mae,4.767117462657277
centered,error,log-0115,travel/solved,me,-1.9362206889768016e-14
centered,error,log-0115,travel/solved,rms_travel,26.41693928648056
centered,error,log-0116,travel/solved,t,180.0
centered,error,log-0116,travel/solved,rmse,6.933251000999811
centered,error,log-0116,travel/solved,bin_rmse,7.743648802513508
centered,error,log-0116,travel/solved,mae,5.46477274918532
centered,error,log-0116,travel/solved,me,9.997776535145447e-15
centered,error,log-0116,travel/solved,rms_travel,34.572143991889995
centered,error,log-0117,travel/solved,t,123.0
centered,error,log-0117,travel/solved,rmse,5.489869933864477
centered,error,log-0117,travel/solved,bin_rmse,7.214955010375667
centered,error,log-0117,travel/solved,mae,4.247218286611929
centered,error,log-0117,travel/solved,me,-2.981105165247944e-15
centered,error,log-0117,travel/solved,rms_travel,28.771009226145868
centered,error,log-0118,travel/solved,t,110.0
centered,error,log-0118,travel/solved,rmse,10.518750207213971
centered,error,log-0118,travel/solved,bin_rmse,11.520735269952626
centered,error,log-0118,travel/solved,mae,8.312580777737423
centered,error,log-0118,travel/solved,me,9.045607341322072e-16
centered,error,log-0118,travel/solved,rms_travel,40.176871399123726
centered,error,log-0119,travel/solved,t,139.0
centered,error,log-0119,travel/solved,rmse,8.549189655170279
centered,error,log-0119,travel/solved,bin_rmse,9.144662992076736
centered,error,log-0119,travel/solved,mae,6.865798465963213
centered,error,log-0119,travel/solved,me,1.3167856203994517e-14
centered,error,log-0119,travel/solved,rms_travel,39.62079151172572
centered,error,log-0120,travel/solved,t,49.0
centered,error,log-0120,travel/solved,rmse,7.230171773375015
centered,error,log-0120,travel/solved,bin_rmse,7.728063833072652
centered,error,log-0120,travel/solved,mae,5.579425257780492
centered,error,log-0120,travel/solved,me,1.4142203243147887e-14
centered,error,log-0120,travel/solved,rms_travel,37.737025010779696
centered,error,log-0122,travel/solved,t,320.0
centered,error,log-0122,travel/solved,rmse,7.597095610680017
centered,error,log-0122,travel/solved,bin_rmse,8.0107907800779
centered,error,log-0122,travel/solved,mae,5.974664149014213
centered,error,log-0122,travel/solved,me,1.4755771892356641e-15
centered,error,log-0122,travel/solved,rms_travel,35.93895634700181
centered,error,log-0125,travel/solved,t,189.0
centered,error,log-0125,travel/solved,rmse,8.335952983075858
centered,error,log-0125,travel/solved,bin_rmse,8.791999823501941
centered,error,log-0125,travel/solved,mae,6.6972408124466805
centered,error,log-0125,travel/solved,me,6.606846809741754e-15
centered,error,log-0125,travel/solved,rms_travel,36.335977928732376
centered,error,log-0126,travel/solved,t,54.0
centered,error,log-0126,travel/solved,rmse,11.961419622984652
centered,error,log-0126,travel/solved,bin_rmse,12.480271136455505
centered,error,log-0126,travel/solved,mae,9.472180871410737
centered,error,log-0126,travel/solved,me,-1.619030759258103e-14
centered,error,log-0126,travel/solved,rms_travel,40.37316258649894
centered,error,log-0127,travel/solved,t,105.0
centered,error,log-0127,travel/solved,rmse,8.374220046869253
centered,error,log-0127,travel/solved,bin_rmse,8.764390834982345
centered,error,log-0127,travel/solved,mae,6.484912453768648
centered,error,log-0127,travel/solved,me,-2.381783096729409e-15
centered,error,log-0127,travel/solved,rms_travel,39.602957351884434
centered,error,log-0129,travel/solved,t,415.0
centered,error,log-0129,travel/solved,rmse,7.239645873456306
centered,error,log-0129,travel/solved,bin_rmse,8.201101325926244
centered,error,log-0129,travel/solved,mae,5.766783457810968
centered,error,log-0129,travel/solved,me,-3.720620350885499e-15
centered,error,log-0129,travel/solved,rms_travel,34.86263197753653
centered,error,log-0132,travel/solved,t,267.0
centered,error,log-0132,travel/solved,rmse,8.028981836142826
centered,error,log-0132,travel/solved,bin_rmse,7.926037880110479
centered,error,log-0132,travel/solved,mae,6.107168418323095
centered,error,log-0132,travel/solved,me,8.160562600026274e-15
centered,error,log-0132,travel/solved,rms_travel,36.67915188470993
centered,error,log-0133,travel/solved,t,93.0
centered,error,log-0133,travel/solved,rmse,7.085652947130764
centered,error,log-0133,travel/solved,bin_rmse,8.368424728130579
centered,error,log-0133,travel/solved,mae,5.635703771853519
centered,error,log-0133,travel/solved,me,-2.1326884927525497e-15
centered,error,log-0133,travel/solved,rms_travel,32.725568521584854
centered,error,log-0113,travel/solved/mag_nuisance/delta_lifted,t,236.0
centered,error,log-0113,travel/solved/mag_nuisance/delta_lifted,rmse,5.907581852273162
centered,error,log-0113,travel/solved/mag_nuisance/delta_lifted,bin_rmse,7.433365775720168
centered,error,log-0113,travel/solved/mag_nuisance/delta_lifted,mae,4.636479118635132
centered,error,log-0113,travel/solved/mag_nuisance/delta_lifted,me,2.5992164092329337e-15
centered,error,log-0113,travel/solved/mag_nuisance/delta_lifted,rms_travel,29.2846062635975
centered,error,log-0115,travel/solved/mag_nuisance/delta_lifted,t,171.0
centered,error,log-0115,travel/solved/mag_nuisance/delta_lifted,rmse,6.159254028014512
centered,error,log-0115,travel/solved/mag_nuisance/delta_lifted,bin_rmse,7.603620625570377
centered,error,log-0115,travel/solved/mag_nuisance/delta_lifted,mae,4.694577613633063
centered,error,log-0115,travel/solved/mag_nuisance/delta_lifted,me,2.645110230842625e-15
centered,error,log-0115,travel/solved/mag_nuisance/delta_lifted,rms_travel,26.41693928648056
centered,error,log-0116,travel/solved/mag_nuisance/delta_lifted,t,180.0
centered,error,log-0116,travel/solved/mag_nuisance/delta_lifted,rmse,6.743748327843086
centered,error,log-0116,travel/solved/mag_nuisance/delta_lifted,bin_rmse,7.452916090040518
centered,error,log-0116,travel/solved/mag_nuisance/delta_lifted,mae,5.339052369243743
centered,error,log-0116,travel/solved/mag_nuisance/delta_lifted,me,3.181110715728097e-15
centered,error,log-0116,travel/solved/mag_nuisance/delta_lifted,rms_travel,34.572143991889995
centered,error,log-0117,travel/solved/mag_nuisance/delta_lifted,t,123.0
centered,error,log-0117,travel/solved/mag_nuisance/delta_lifted,rmse,5.253812540514009
centered,error,log-0117,travel/solved/mag_nuisance/delta_lifted,bin_rmse,6.720208546412181
centered,error,log-0117,travel/solved/mag_nuisance/delta_lifted,mae,4.1090634701276425
centered,error,log-0117,travel/solved/mag_nuisance/delta_lifted,me,1.4169450476795782e-14
centered,error,log-0117,travel/solved/mag_nuisance/delta_lifted,rms_travel,28.771009226145868
centered,error,log-0118,travel/solved/mag_nuisance/delta_lifted,t,110.0
centered,error,log-0118,travel/solved/mag_nuisance/delta_lifted,rmse,10.10525450075049
centered,error,log-0118,travel/solved/mag_nuisance/delta_lifted,bin_rmse,10.891028629230153
centered,error,log-0118,travel/solved/mag_nuisance/delta_lifted,mae,7.99835631563295
centered,error,log-0118,travel/solved/mag_nuisance/delta_lifted,me,9.86793528144226e-16
centered,error,log-0118,travel/solved/mag_nuisance/delta_lifted,rms_travel,40.176871399123726
centered,error,log-0119,travel/solved/mag_nuisance/delta_lifted,t,139.0
centered,error,log-0119,travel/solved/mag_nuisance/delta_lifted,rmse,7.870762435636618
centered,error,log-0119,travel/solved/mag_nuisance/delta_lifted,bin_rmse,8.34715312555065
centered,error,log-0119,travel/solved/mag_nuisance/delta_lifted,mae,6.379732589698721
centered,error,log-0119,travel/solved/mag_nuisance/delta_lifted,me,1.6427226551517912e-14
centered,error,log-0119,travel/solved/mag_nuisance/delta_lifted,rms_travel,39.62079151172572
centered,error,log-0120,travel/solved/mag_nuisance/delta_lifted,t,49.0
centered,error,log-0120,travel/solved/mag_nuisance/delta_lifted,rmse,6.681529457612773
centered,error,log-0120,travel/solved/mag_nuisance/delta_lifted,bin_rmse,6.96523271571944
centered,error,log-0120,travel/solved/mag_nuisance/delta_lifted,mae,5.153830609137744
centered,error,log-0120,travel/solved/mag_nuisance/delta_lifted,me,9.70274138364839e-15
centered,error,log-0120,travel/solved/mag_nuisance/delta_lifted,rms_travel,37.737025010779696
centered,error,log-0122,travel/solved/mag_nuisance/delta_lifted,t,320.0
centered,error,log-0122,travel/solved/mag_nuisance/delta_lifted,rmse,7.273783364221094
centered,error,log-0122,travel/solved/mag_nuisance/delta_lifted,bin_rmse,7.43447119214667
centered,error,log-0122,travel/solved/mag_nuisance/delta_lifted,mae,5.757256429038682
centered,error,log-0122,travel/solved/mag_nuisance/delta_lifted,me,1.367746548483827e-14
centered,error,log-0122,travel/solved/mag_nuisance/delta_lifted,rms_travel,35.93895634700181
centered,error,log-0125,travel/solved/mag_nuisance/delta_lifted,t,189.0
centered,error,log-0125,travel/solved/mag_nuisance/delta_lifted,rmse,8.030398787021026
centered,error,log-0125,travel/solved/mag_nuisance/delta_lifted,bin_rmse,8.276532961404913
centered,error,log-0125,travel/solved/mag_nuisance/delta_lifted,mae,6.476862614683634
centered,error,log-0125,travel/solved/mag_nuisance/delta_lifted,me,-3.351299106390745e-15
centered,error,log-0125,travel/solved/mag_nuisance/delta_lifted,rms_travel,36.335977928732376
centered,error,log-0126,travel/solved/mag_nuisance/delta_lifted,t,54.0
centered,error,log-0126,travel/solved/mag_nuisance/delta_lifted,rmse,11.138691763870964
centered,error,log-0126,travel/solved/mag_nuisance/delta_lifted,bin_rmse,11.569018613288588
centered,error,log-0126,travel/solved/mag_nuisance/delta_lifted,mae,9.030217250711681
centered,error,log-0126,travel/solved/mag_nuisance/delta_lifted,me,-1.427083813572864e-14
centered,error,log-0126,travel/solved/mag_nuisance/delta_lifted,rms_travel,40.37316258649894
centered,error,log-0127,travel/solved/mag_nuisance/delta_lifted,t,105.0
centered,error,log-0127,travel/solved/mag_nuisance/delta_lifted,rmse,7.677903785179919
centered,error,log-0127,travel/solved/mag_nuisance/delta_lifted,bin_rmse,7.8950483727210266
centered,error,log-0127,travel/solved/mag_nuisance/delta_lifted,mae,6.051942855506804
centered,error,log-0127,travel/solved/mag_nuisance/delta_lifted,me,4.936786782311867e-15
centered,error,log-0127,travel/solved/mag_nuisance/delta_lifted,rms_travel,39.602957351884434
centered,error,log-0129,travel/solved/mag_nuisance/delta_lifted,t,415.0
centered,error,log-0129,travel/solved/mag_nuisance/delta_lifted,rmse,7.113755007542315
centered,error,log-0129,travel/solved/mag_nuisance/delta_lifted,bin_rmse,7.933207998628591
centered,error,log-0129,travel/solved/mag_nuisance/delta_lifted,mae,5.718409818603898
centered,error,log-0129,travel/solved/mag_nuisance/delta_lifted,me,-5.5152725201361516e-15
centered,error,log-0129,travel/solved/mag_nuisance/delta_lifted,rms_travel,34.86263197753653
centered,error,log-0132,travel/solved/mag_nuisance/delta_lifted,t,267.0
centered,error,log-0132,travel/solved/mag_nuisance/delta_lifted,rmse,8.15326806040247
centered,error,log-0132,travel/solved/mag_nuisance/delta_lifted,bin_rmse,7.836002429638483
centered,error,log-0132,travel/solved/mag_nuisance/delta_lifted,mae,6.21992181318552
centered,error,log-0132,travel/solved/mag_nuisance/delta_lifted,me,7.0724875866894374e-15
centered,error,log-0132,travel/solved/mag_nuisance/delta_lifted,rms_travel,36.67915188470993
centered,error,log-0133,travel/solved/mag_nuisance/delta_lifted,t,93.0
centered,error,log-0133,travel/solved/mag_nuisance/delta_lifted,rmse,6.8912261387766245
centered,error,log-0133,travel/solved/mag_nuisance/delta_lifted,bin_rmse,7.88975634403477
centered,error,log-0133,travel/solved/mag_nuisance/delta_lifted,mae,5.486150727683077
centered,error,log-0133,travel/solved/mag_nuisance/delta_lifted,me,-1.2166018447292954e-14
centered,error,log-0133,travel/solved/mag_nuisance/delta_lifted,rms_travel,32.725568521584854
centered,error,log-0113,travel/mag_nuisance/corrected,t,236.0
centered,error,log-0113,travel/mag_nuisance/corrected,rmse,5.74014331346639
centered,error,log-0113,travel/mag_nuisance/corrected,bin_rmse,7.055628286864556
centered,error,log-0113,travel/mag_nuisance/corrected,mae,4.524316226035659
centered,error,log-0113,travel/mag_nuisance/corrected,me,7.29705940073542e-15
centered,error,log-0113,travel/mag_nuisance/corrected,rms_travel,29.2846062635975
centered,error,log-0115,travel/mag_nuisance/corrected,t,171.0
centered,error,log-0115,travel/mag_nuisance/corrected,rmse,5.77541243176695
centered,error,log-0115,travel/mag_nuisance/corrected,bin_rmse,6.829890553243502
centered,error,log-0115,travel/mag_nuisance/corrected,mae,4.5068154794839215
centered,error,log-0115,travel/mag_nuisance/corrected,me,-2.5287253806855496e-14
centered,error,log-0115,travel/mag_nuisance/corrected,rms_travel,26.41693928648056
centered,error,log-0116,travel/mag_nuisance/corrected,t,180.0
centered,error,log-0116,travel/mag_nuisance/corrected,rmse,6.42167752057261
centered,error,log-0116,travel/mag_nuisance/corrected,bin_rmse,7.010266980575745
centered,error,log-0116,travel/mag_nuisance/corrected,mae,4.997643503377849
centered,error,log-0116,travel/mag_nuisance/corrected,me,9.54333214718429e-15
centered,error,log-0116,travel/mag_nuisance/corrected,rms_travel,34.572143991889995
centered,error,log-0117,travel/mag_nuisance/corrected,t,123.0
centered,error,log-0117,travel/mag_nuisance/corrected,rmse,5.174781686161369
centered,error,log-0117,travel/mag_nuisance/corrected,bin_rmse,6.5341891453346514
centered,error,log-0117,travel/mag_nuisance/corrected,mae,4.046808705336653
centered,error,log-0117,travel/mag_nuisance/corrected,me,-2.245029815804007e-15
centered,error,log-0117,travel/mag_nuisance/corrected,rms_travel,28.771009226145868
centered,error,log-0118,travel/mag_nuisance/corrected,t,110.0
centered,error,log-0118,travel/mag_nuisance/corrected,rmse,9.531202592502812
centered,error,log-0118,travel/mag_nuisance/corrected,bin_rmse,10.068235779043679
centered,error,log-0118,travel/mag_nuisance/corrected,mae,7.589142140074915
centered,error,log-0118,travel/mag_nuisance/corrected,me,-1.5788696450307616e-14
centered,error,log-0118,travel/mag_nuisance/corrected,rms_travel,40.176871399123726
centered,error,log-0119,travel/mag_nuisance/corrected,t,139.0
centered,error,log-0119,travel/mag_nuisance/corrected,rmse,7.031750638304146
centered,error,log-0119,travel/mag_nuisance/corrected,bin_rmse,7.404236792657751
centered,error,log-0119,travel/mag_nuisance/corrected,mae,5.890148052411799
centered,error,log-0119,travel/mag_nuisance/corrected,me,1.2255232506687967e-14
centered,error,log-0119,travel/mag_nuisance/corrected,rms_travel,39.62079151172572
centered,error,log-0120,travel/mag_nuisance/corrected,t,49.0
centered,error,log-0120,travel/mag_nuisance/corrected,rmse,6.151240779602111
centered,error,log-0120,travel/mag_nuisance/corrected,bin_rmse,6.274094784425795
centered,error,log-0120,travel/mag_nuisance/corrected,mae,4.816413411021783
centered,error,log-0120,travel/mag_nuisance/corrected,me,1.1991123785452254e-14
centered,error,log-0120,travel/mag_nuisance/corrected,rms_travel,37.737025010779696
centered,error,log-0122,travel/mag_nuisance/corrected,t,320.0
centered,error,log-0122,travel/mag_nuisance/corrected,rmse,6.698859325428772
centered,error,log-0122,travel/mag_nuisance/corrected,bin_rmse,6.555923391839671
centered,error,log-0122,travel/mag_nuisance/corrected,mae,5.477587338239009
centered,error,log-0122,travel/mag_nuisance/corrected,me,1.1577605638618286e-14
centered,error,log-0122,travel/mag_nuisance/corrected,rms_travel,35.93895634700181
centered,error,log-0125,travel/mag_nuisance/corrected,t,189.0
centered,error,log-0125,travel/mag_nuisance/corrected,rmse,7.426434020742418
centered,error,log-0125,travel/mag_nuisance/corrected,bin_rmse,7.560719981520314
centered,error,log-0125,travel/mag_nuisance/corrected,mae,6.031964646366068
centered,error,log-0125,travel/mag_nuisance/corrected,me,5.745084182384134e-16
centered,error,log-0125,travel/mag_nuisance/corrected,rms_travel,36.335977928732376
centered,error,log-0126,travel/mag_nuisance/corrected,t,54.0
centered,error,log-0126,travel/mag_nuisance/corrected,rmse,10.463386556633003
centered,error,log-0126,travel/mag_nuisance/corrected,bin_rmse,10.835331382098191
centered,error,log-0126,travel/mag_nuisance/corrected,mae,8.503083494828862
centered,error,log-0126,travel/mag_nuisance/corrected,me,-7.761333021185752e-15
centered,error,log-0126,travel/mag_nuisance/corrected,rms_travel,40.37316258649894
centered,error,log-0127,travel/mag_nuisance/corrected,t,105.0
centered,error,log-0127,travel/mag_nuisance/corrected,rmse,7.111968743666864
centered,error,log-0127,travel/mag_nuisance/corrected,bin_rmse,7.342269110750557
centered,error,log-0127,travel/mag_nuisance/corrected,mae,5.763150027984354
centered,error,log-0127,travel/mag_nuisance/corrected,me,4.3305147213261987e-16
centered,error,log-0127,travel/mag_nuisance/corrected,rms_travel,39.602957351884434
centered,error,log-0129,travel/mag_nuisance/corrected,t,415.0
centered,error,log-0129,travel/mag_nuisance/corrected,rmse,8.195751679769678
centered,error,log-0129,travel/mag_nuisance/corrected,bin_rmse,9.742673573519966
centered,error,log-0129,travel/mag_nuisance/corrected,mae,5.889371937749916
centered,error,log-0129,travel/mag_nuisance/corrected,me,-1.015510495771101e-14
centered,error,log-0129,travel/mag_nuisance/corrected,rms_travel,34.86263197753653
centered,error,log-0132,travel/mag_nuisance/corrected,t,267.0
centered,error,log-0132,travel/mag_nuisance/corrected,rmse,8.024091182387407
centered,error,log-0132,travel/mag_nuisance/corrected,bin_rmse,7.680416227439179
centered,error,log-0132,travel/mag_nuisance/corrected,mae,6.21479378710621
centered,error,log-0132,travel/mag_nuisance/corrected,me,1.4416993926713085e-14
centered,error,log-0132,travel/mag_nuisance/corrected,rms_travel,36.67915188470993
centered,error,log-0133,travel/mag_nuisance/corrected,t,93.0
centered,error,log-0133,travel/mag_nuisance/corrected,rmse,6.812818154765919
centered,error,log-0133,travel/mag_nuisance/corrected,bin_rmse,7.981422043072277
centered,error,log-0133,travel/mag_nuisance/corrected,mae,5.300058404394561
centered,error,log-0133,travel/mag_nuisance/corrected,me,-1.8903375276670325e-15
centered,error,log-0133,travel/mag_nuisance/corrected,rms_travel,32.725568521584854
