split,cohort,subgroup,log,target_travel_mm,n_anchor_samples,reference_x_mm,reference_mag_mg,local_sensitivity_mm_per_mg,offset_mm,offset_error_mm,abs_offset_error_mm,uncentered_rmse_mm,mean_error_mm
tuning,front-default,stumpjumper-front-pod-v2,log-0046,5.0,175,5.405352723588237,472.2093723837053,0.02816344371916557,25.140155782303825,3.9220553050665536,3.9220553050665536,5.013140546778985,3.9220553050665554
tuning,front-default,stumpjumper-front-pod-v2,log-0046,25.0,906,25.080331668500477,846.2628261681507,0.10811157726042686,26.784205117533002,5.56610464029573,5.56610464029573,6.382051487764768,5.566104640295732
tuning,front-default,stumpjumper-front-pod-v2,log-0046,50.0,3877,49.907025091002936,1804.5950265327551,0.015863324050890526,18.726187357551176,-2.491913119686096,2.491913119686096,3.9948330780925594,-2.491913119686094
tuning,front-default,stumpjumper-front-pod-v2,log-0046,75.0,1917,74.77501431169776,3968.1724129747636,0.007050620280878661,21.831075541043717,0.6129750638064451,0.6129750638064451,3.1819488925196944,0.6129750638064472
tuning,front-default,stumpjumper-front-pod-v2,log-0046,100.0,323,99.70257327021145,8834.066125590261,0.0036652017993361596,22.81992272269062,1.6018222454533486,1.6018222454533486,3.5092584447127866,1.6018222454533506
tuning,front-default,stumpjumper-front-pod-v2,log-0046,125.0,21,124.34296224161083,18281.412504561515,0.0021233191418730257,21.700704898399266,0.4826044211619944,0.4826044211619944,3.15942516181091,0.48260442116199653
tuning,front-default,stumpjumper-front-pod-v2,log-0046,150.0,2,148.29457275104693,28126.50776395142,0.0015518412028967532,27.915955816747996,6.697855339510724,6.697855339510724,7.389880004084717,6.697855339510726
tuning,front-default,stumpjumper-front-pod-v2,log-0048,5.0,706,5.235599630178626,573.8791204051743,0.054418518350471956,17.324778932264184,-0.9514393593773107,0.9514393593773107,3.467286862372874,-0.9514393593773095
tuning,front-default,stumpjumper-front-pod-v2,log-0048,25.0,1088,25.192599383414304,764.8632104063936,0.09135506340896082,19.969839362862267,1.6936210712207718,1.6936210712207718,3.7396782835284403,1.6936210712207729
tuning,front-default,stumpjumper-front-pod-v2,log-0048,50.0,3551,49.982914451342,1664.9848855985813,0.016594040043308667,16.12335115563743,-2.1528671360040654,2.1528671360040654,3.9688383989144187,-2.152867136004064
tuning,front-default,stumpjumper-front-pod-v2,log-0048,75.0,1418,74.88267392324384,3739.476578849183,0.00730607294995167,19.26017104260829,0.9839527509667967,0.9839527509667967,3.476349284457238,0.9839527509667979
tuning,front-default,stumpjumper-front-pod-v2,log-0048,100.0,311,100.26760374522271,8506.576515113331,0.0036910452677432204,20.70839010218981,2.432171810548315,2.432171810548315,4.127020844075917,2.4321718105483154
tuning,front-default,stumpjumper-front-pod-v2,log-0048,125.0,36,124.23669029357292,17215.26507615376,0.0021413934046421446,20.71331073008716,2.4370924384456636,2.4370924384456636,4.129922624570617,2.437092438445664
tuning,front-default,stumpjumper-front-pod-v2,log-0049,5.0,152,4.361095381139592,457.8028616524938,0.026410336127714373,22.926330345571145,-3.008779154834123,3.008779154834123,4.6949262576818125,-3.008779154834122
tuning,front-default,stumpjumper-front-pod-v2,log-0049,25.0,744,25.51512314645268,693.3570869682101,0.04382640532354998,36.23108158584432,10.295972085439054,10.295972085439054,10.908557271548151,10.295972085439054
tuning,front-default,stumpjumper-front-pod-v2,log-0049,50.0,1597,49.81742373985472,1578.826595301876,0.018223882012541992,24.174333940342258,-1.76077556006301,1.76077556006301,4.011223147048917,-1.7607755600630084
tuning,front-default,stumpjumper-front-pod-v2,log-0049,75.0,753,75.0387214436721,3713.395448989046,0.007430935040723341,26.10564633745757,0.17053683705230327,0.17053683705230327,3.608138491701451,0.17053683705230413
tuning,front-default,stumpjumper-front-pod-v2,log-0049,100.0,202,99.72430512602487,8414.21189655833,0.003873178175723524,26.42117182849414,0.4860623280888703,0.4860623280888703,3.636734407307329,0.4860623280888712
tuning,front-default,stumpjumper-front-pod-v2,log-0049,125.0,1,124.50515324765311,14539.433003980655,0.002596069671099599,32.029584185806726,6.094474685401458,6.094474685401458,7.080409751808509,6.094474685401459
tuning,front-default,stumpjumper-front-pod-v2,log-0054,5.0,604,4.762955155350198,527.4492753684953,0.05141719414449497,18.682696309166893,5.17856269003121,5.17856269003121,6.099922521848094,5.17856269003121
tuning,front-default,stumpjumper-front-pod-v2,log-0054,25.0,2793,25.442877137456833,792.4767689374487,0.07086687518990153,16.375578302748025,2.871444683612342,2.871444683612342,4.317028817255209,2.8714446836123417
tuning,front-default,stumpjumper-front-pod-v2,log-0054,50.0,7067,49.88173447408113,1786.5804909674453,0.01616388029098914,12.11703320870609,-1.3871004104295928,1.3871004104295928,3.509357603120588,-1.3871004104295932
tuning,front-default,stumpjumper-front-pod-v2,log-0054,75.0,1939,74.85723183552162,3993.551929921177,0.007505729297463404,13.830362492606653,0.3262288734709706,0.3262288734709706,3.240056869231229,0.3262288734709702
tuning,front-default,stumpjumper-front-pod-v2,log-0054,100.0,163,99.82853170432662,8986.556852856822,0.0039205942855744524,12.559831430326653,-0.9443021888090293,0.9443021888090293,3.3590549060347104,-0.9443021888090298
tuning,front-default,stumpjumper-front-pod-v2,log-0054,125.0,9,125.02643188645041,18654.03002905336,0.0022681718959063346,9.570764144546857,-3.933369474588826,3.933369474588826,5.085561784266662,-3.933369474588827
tuning,front-default,stumpjumper-front-pod-v2,log-0055,5.0,750,4.441295262672881,397.2727147640776,0.035181498182566884,24.113671073651457,7.44065320271287,7.44065320271287,8.794758362533486,7.440653202712867
tuning,front-default,stumpjumper-front-pod-v2,log-0055,25.0,947,24.97191605327083,753.4758623431177,0.09746117630664752,20.48485100056091,3.811833129622322,3.811833129622322,6.042725079001836,3.811833129622321
tuning,front-default,stumpjumper-front-pod-v2,log-0055,50.0,2039,49.70650271256011,1734.0669390421767,0.01646302414870604,13.883244732062003,-2.7897731388765834,2.7897731388765834,5.455940683210253,-2.7897731388765856
tuning,front-default,stumpjumper-front-pod-v2,log-0055,75.0,763,74.97115280620389,3871.6268468853063,0.00752540613792263,16.417111585108124,-0.2559062858304628,0.2559062858304628,4.6957366407667065,-0.2559062858304638
tuning,front-default,stumpjumper-front-pod-v2,log-0055,100.0,146,100.02290110688641,8697.581005012447,0.003911541948667718,16.110158867754365,-0.5628590031842222,0.5628590031842222,4.722421500647416,-0.5628590031842242
tuning,front-default,stumpjumper-front-pod-v2,log-0055,125.0,31,125.03887646973733,18049.410923882413,0.002256456767582904,13.965431620021334,-2.7075862509172524,2.7075862509172524,5.414376961245642,-2.7075862509172537
tuning,front-default,stumpjumper-front-pod-v2,log-0056,5.0,349,5.135609905182008,456.1579151516002,0.04807118941340249,22.08513122224618,10.086632450978327,10.086632450978327,10.650978325000256,10.086632450978328
tuning,front-default,stumpjumper-front-pod-v2,log-0056,25.0,1069,25.10928570600106,806.7575344267073,0.06101914147872378,12.002848216583793,0.004349445315940059,0.004349445315940059,3.420994591660546,0.004349445315942299
tuning,front-default,stumpjumper-front-pod-v2,log-0056,50.0,2618,49.91424590528153,1758.2034163446701,0.015943363709084224,10.546119396103741,-1.4523793751641119,1.4523793751641119,3.7165294197541674,-1.4523793751641108
tuning,front-default,stumpjumper-front-pod-v2,log-0056,75.0,980,74.92098291903419,3950.8510515927937,0.007150449372915091,13.158271586045629,1.1597728147777762,1.1597728147777762,3.6122372652407155,1.159772814777778
tuning,front-default,stumpjumper-front-pod-v2,log-0056,100.0,160,99.70603531436063,8862.500583446674,0.0036323077955415783,13.694600363432414,1.6961015921645615,1.6961015921645615,3.818369506666336,1.6961015921645635
tuning,front-default,stumpjumper-front-pod-v2,log-0056,125.0,5,124.56569787106278,18457.514293119995,0.0020392760334715376,13.037053845710574,1.038555074442721,1.038555074442721,3.575161775521058,1.0385550744427228
tuning,front-default,stumpjumper-front-pod-v2,log-0058,5.0,458,4.842652604776575,471.74742266025385,0.11223322526672241,12.83310688796182,7.7617996277365116,7.7617996277365116,8.425835386914967,7.761799627736511
tuning,front-default,stumpjumper-front-pod-v2,log-0058,25.0,1087,25.035688180118143,764.2370852636318,0.05124522870971049,3.6980534838316927,-1.3732537763936161,1.3732537763936161,3.554573735433994,-1.373253776393616
tuning,front-default,stumpjumper-front-pod-v2,log-0058,50.0,3373,50.064155188331284,1701.182575229789,0.016688338913837697,3.4703968044872227,-1.6009104557380862,1.6009104557380862,3.6485727063537303,-1.600910455738086
tuning,front-default,stumpjumper-front-pod-v2,log-0058,75.0,2195,75.04015868317776,3743.6826385443765,0.007803202902707085,6.002152778764611,0.9308455185393019,0.9308455185393019,3.4081728074794793,0.930845518539302
tuning,front-default,stumpjumper-front-pod-v2,log-0058,100.0,401,99.4356476048613,8268.161637413823,0.003979654631706353,5.921803061613261,0.850495801387952,0.850495801387952,3.3871096253939568,0.8504958013879521
tuning,front-default,stumpjumper-front-pod-v2,log-0058,125.0,82,124.28858346475222,17411.958960387776,0.002180862667515271,4.468156606482381,-0.6031506537429276,0.6031506537429276,3.3336105377455802,-0.6031506537429276
tuning,front-default,stumpjumper-front-pod-v2,log-0058,150.0,3,149.40392039880822,28704.785271423898,0.001467986642495589,9.584681089796135,4.513373829570826,4.513373829570826,5.578504443998649,4.513373829570827
tuning,front-default,stumpjumper-front-pod-v2,log-0063,5.0,215,5.0801264244195465,433.46264715671975,0.024621508022431016,25.559090266476254,-0.4967570058663533,0.4967570058663533,3.4590363288200754,-0.4967570058663537
tuning,front-default,stumpjumper-front-pod-v2,log-0063,25.0,240,25.18109393194716,734.1680287980546,0.04718168607193718,35.73577179492331,9.679924522580702,9.679924522580702,10.267380560010375,9.679924522580702
tuning,front-default,stumpjumper-front-pod-v2,log-0063,50.0,790,50.15734609412354,1663.168873076185,0.017185163228113254,22.90792604987702,-3.1479212224655875,3.1479212224655875,4.6505454329647185,-3.147921222465587
tuning,front-default,stumpjumper-front-pod-v2,log-0063,75.0,619,74.87814950917848,3680.666621985751,0.007220308337466008,26.398665174112473,0.34281790176986604,0.34281790176986604,3.440303607967422,0.3428179017698648
tuning,front-default,stumpjumper-front-pod-v2,log-0063,100.0,180,99.68354251385952,8222.76085602184,0.0036905200280017425,28.547549178723244,2.491701906380637,2.491701906380637,4.233998487420687,2.4917019063806354
tuning,front-default,stumpjumper-front-pod-v2,log-0063,125.0,33,124.73264322885665,17422.159613263517,0.002088774427463136,28.67835976730119,2.622512494958581,2.622512494958581,4.312277424683348,2.622512494958581
tuning,front-default,stumpjumper-front-pod-v2,log-0063,150.0,5,151.77473603741453,28289.030276698155,0.0014651039939934662,36.892481562240064,10.836634289897457,10.836634289897457,11.364453683930483,10.836634289897457
tuning,front-default,stumpjumper-front-pod-v2,log-0071_183,5.0,685,5.166509364158713,430.0585448783423,0.08240440809056082,14.754582121048049,11.049262450865132,11.049262450865132,11.352272651525512,11.049262450865132
tuning,front-default,stumpjumper-front-pod-v2,log-0071_183,25.0,1615,25.10159103084814,821.5742050698125,0.0402073554248652,3.129465721337045,-0.5758539488458716,0.5758539488458716,2.668239385227145,-0.5758539488458717
tuning,front-default,stumpjumper-front-pod-v2,log-0071_183,50.0,3716,50.095666062743916,1942.6892472950017,0.014211773278432815,3.3011830029015456,-0.4041366672813709,0.4041366672813709,2.636516658835525,-0.4041366672813691
tuning,front-default,stumpjumper-front-pod-v2,log-0071_183,75.0,2181,74.75396322078154,4415.444470472579,0.00691806987902055,4.332835231617125,0.6275155614342083,0.6275155614342083,2.6798636954737156,0.6275155614342091
tuning,front-default,stumpjumper-front-pod-v2,log-0071_183,100.0,253,99.52977495135795,10015.427825599008,0.0036244894334629407,1.893867440165252,-1.8114522300176645,1.8114522300176645,3.173208601417801,-1.8114522300176643
tuning,front-default,stumpjumper-front-pod-v2,log-0071_183,125.0,17,125.7013982912327,21202.270809882717,0.0020542318210914345,-1.7616273686981856,-5.466947038881102,5.466947038881102,6.056022091472817,-5.466947038881102
tuning,front-default,stumpjumper-front-pod-v2,log-0072_184,5.0,479,5.246478870388586,432.1322489620556,0.05517847840236989,19.933706922376945,12.737150991447635,12.737150991447635,13.143051095384527,12.737150991447637
tuning,front-default,stumpjumper-front-pod-v2,log-0072_184,25.0,1207,25.259187229515646,832.1417219312323,0.04535627932993691,7.307059925219473,0.11050399429016355,0.11050399429016355,3.242990571942353,0.11050399429016419
tuning,front-default,stumpjumper-front-pod-v2,log-0072_184,50.0,3520,49.91132360582084,1949.1029568017784,0.013784484757366045,6.624304106794064,-0.5722518241352459,0.5722518241352459,3.291238196663837,-0.572251824135246
tuning,front-default,stumpjumper-front-pod-v2,log-0072_184,75.0,1159,74.72197144869108,4457.553884967447,0.0064172043950208035,8.78311056401715,1.5865546330878404,1.5865546330878404,3.6085914593820956,1.5865546330878415
tuning,front-default,stumpjumper-front-pod-v2,log-0072_184,100.0,171,99.71529951121008,10160.03705528919,0.003283759420966703,8.406213487007392,1.2096575560780822,1.2096575560780822,3.4594866844561936,1.2096575560780827
tuning,front-default,stumpjumper-front-pod-v2,log-0072_184,125.0,11,123.96973344453332,20675.835095463422,0.001893846249828357,6.986097790700541,-0.21045814022876908,0.21045814022876908,3.2479330882488116,-0.21045814022876863
tuning,front-default,stumpjumper-front-pod-v2,log-0073_185,5.0,557,4.635452541504492,490.3189121722668,0.016649262629965023,28.62779063194748,-3.5785659196756647,3.5785659196756647,6.7381263580692154,-3.5785659196756723
tuning,front-default,stumpjumper-front-pod-v2,log-0073_185,25.0,1048,25.26497564023626,820.4076804945978,0.02366264388998829,42.773230011498704,10.56687345987556,10.56687345987556,12.010621444907223,10.566873459875554
tuning,front-default,stumpjumper-front-pod-v2,log-0073_185,50.0,3237,49.968149283695055,1891.26010747039,0.018199899958180055,27.7301631411696,-4.4761934104535435,4.4761934104535435,7.254827373799511,-4.4761934104535515
tuning,front-default,stumpjumper-front-pod-v2,log-0073_185,75.0,974,74.72558006198823,4293.4661169582205,0.006796239609037968,27.82890145258711,-4.377455099036034,4.377455099036034,7.194325953132758,-4.377455099036041
tuning,front-default,stumpjumper-front-pod-v2,log-0073_185,100.0,96,99.47100081015151,9582.743623215902,0.0035182006103582353,27.630255082697516,-4.5761014689256285,4.5761014689256285,7.316892607503973,-4.5761014689256365
tuning,front-default,stumpjumper-front-pod-v2,log-0073_185,125.0,3,126.94313019735107,21048.87702576485,0.0019897573112217515,25.578798959736048,-6.627557591887097,6.627557591887097,8.747612954950814,-6.627557591887104
tuning,front-default,jamaal,log-0078-valid,5.0,177,5.365078287863355,1032.0411438836456,0.10423262661163335,28.188802662997087,-0.19173976015824223,0.19173976015824223,4.653223355821751,-0.19173976015823765
tuning,front-default,jamaal,log-0078-valid,25.0,545,25.450427292361468,1135.9872257747372,0.17317284453717363,34.596550638837314,6.216008215681985,6.216008215681985,7.762376028057742,6.216008215681988
tuning,front-default,jamaal,log-0078-valid,50.0,1058,50.21626076037799,1328.3088936638082,0.10364240573308336,27.22016313449904,-1.1603792886562907,1.1603792886562907,4.791889351506561,-1.1603792886562865
tuning,front-default,jamaal,log-0078-valid,75.0,696,75.00332682264258,1639.483622409643,0.05471695465058701,29.331256593942896,0.9507141707875668,0.9507141707875668,4.745480049275922,0.9507141707875709
tuning,front-default,jamaal,log-0078-valid,100.0,275,99.67446218001933,2173.4594467304423,0.03365837264264826,31.5198760605536,3.13933363739827,3.13933363739827,5.609914362130653,3.139333637398274
tuning,front-default,jamaal,log-0078-valid,125.0,54,125.17533394015608,3169.8972285039385,0.02136356545804574,30.743536772647857,2.362994349492528,2.362994349492528,5.215310705918981,2.362994349492532
tuning,front-default,jamaal,log-0078-valid,150.0,18,150.10699618783275,4776.194387639183,0.014407779095108708,27.84552022740405,-0.535022195751278,0.535022195751278,4.679954296089441,-0.5350221957512741
tuning,front-default,jamaal,log-0079,5.0,266,5.83821237664705,1023.4202412018086,0.09262969278630706,31.793985791838917,-0.8069908116500706,0.8069908116500706,5.205027951534146,-0.8069908116500694
tuning,front-default,jamaal,log-0079,25.0,1089,25.054387338107944,1124.4197345648063,0.13573471422878924,39.82059286141654,7.219616257927555,7.219616257927555,8.86363022231275,7.219616257927555
tuning,front-default,jamaal,log-0079,50.0,2137,49.96786053343706,1315.232314209567,0.11929056590659926,31.652581397139812,-0.9483952063491756,0.9483952063491756,5.228817770164705,-0.9483952063491756
tuning,front-default,jamaal,log-0079,75.0,1187,74.96022340033977,1640.9689302929132,0.05657035657699083,31.076498473638182,-1.5244781298508059,1.5244781298508059,5.3633119781118,-1.5244781298508059
tuning,front-default,jamaal,log-0079,100.0,294,99.97981116033685,2197.9836759138707,0.033885421864695786,32.229608494900674,-0.3713681085883138,0.3713681085883138,5.155482138291293,-0.37136810858831376
tuning,front-default,jamaal,log-0079,125.0,95,124.21404842145702,3138.732428496228,0.022017204059139317,31.158486994752977,-1.442489608736011,1.442489608736011,5.340585930164917,-1.4424896087360113
tuning,front-default,jamaal,log-0079,150.0,21,150.3064356614984,4875.692951763705,0.014442135966376668,26.727933174863963,-5.873043428625024,5.873043428625024,7.806005439447226,-5.873043428625024
tuning,front-default,jamaal,log-0080-valid,5.0,641,5.689410214294526,966.0705034898118,0.15610439893952233,34.258477647108066,22.796070596516117,22.796070596516117,24.034452450726473,22.796070596516117
tuning,front-default,jamaal,log-0080-valid,25.0,1236,25.507267547484744,1087.7663872811167,0.39812444426129145,23.956094775529948,12.493687724937997,12.493687724937997,14.631688314516254,12.493687724937995
tuning,front-default,jamaal,log-0080-valid,50.0,2665,50.19739640027257,1280.31323805281,0.11390874464701994,11.233573453974529,-0.22883359661742197,0.22883359661742197,7.618821088582273,-0.22883359661742225
tuning,front-default,jamaal,log-0080-valid,75.0,1657,74.77422028258104,1607.6031521414538,0.05684296202483097,10.218429690866898,-1.2439773597250525,1.2439773597250525,7.716317103151842,-1.243977359725053
tuning,front-default,jamaal,log-0080-valid,100.0,592,99.85135519351333,2178.5278956585717,0.03220872383704432,11.33067798709321,-0.13172906349874047,0.13172906349874047,7.616522993535526,-0.13172906349874092
tuning,front-default,jamaal,log-0080-valid,125.0,171,124.85093484363503,3143.5142071793407,0.019480669379902338,12.519197189316117,1.0567901387241658,1.0567901387241658,7.688359731580577,1.0567901387241656
tuning,front-default,jamaal,log-0080-valid,150.0,56,150.05974693749192,4813.1699908231185,0.012060972512699664,12.482731792752816,1.0203247421608648,1.0203247421608648,7.683432341366113,1.0203247421608639
tuning,front-default,jamaal,log-0081,5.0,751,5.501229181130611,993.6459877631162,0.09723115945570626,29.776691174835413,-3.2853261189902625,3.2853261189902625,9.0284659475642,-3.2853261189902643
tuning,front-default,jamaal,log-0081,25.0,2697,25.203184317725828,1096.285638324021,0.14845219721280323,37.33259973058384,4.270582436758161,4.270582436758161,9.431739182534361,4.2705824367581595
tuning,front-default,jamaal,log-0081,50.0,8909,49.895939227170544,1267.4621316457353,0.11999880746916602,31.99202898867619,-1.0699883051494865,1.0699883051494865,8.477305269445202,-1.0699883051494878
tuning,front-default,jamaal,log-0081,75.0,2247,74.76208265944504,1586.7396281780407,0.057829088410478846,31.424562629961976,-1.6374546638637,1.6374546638637,8.567443459656776,-1.6374546638637022
tuning,front-default,jamaal,log-0081,100.0,606,99.58736572015337,2109.159276499768,0.03551940652414487,33.043166439465466,-0.018850854360209723,0.018850854360209723,8.40952941685305,-0.018850854360211434
tuning,front-default,jamaal,log-0081,125.0,147,124.91286647675784,3034.8009268588658,0.023063111126049307,32.2898382309386,-0.7721790628870764,0.7721790628870764,8.444885444064228,-0.7721790628870785
tuning,front-default,jamaal,log-0081,150.0,22,148.83684768026205,4592.585798865653,0.015606924816410128,27.038063241180325,-6.023954052645351,6.023954052645351,10.344459970756766,-6.023954052645354
tuning,front-default,stumpjumper-front-pod-v1,log103,5.0,594,4.420535995800961,658.2455039878438,0.051533664359077136,11.534471483957507,-14.03372695586938,14.03372695586938,14.812878267572648,-14.033726955869378
tuning,front-default,stumpjumper-front-pod-v1,log103,25.0,1513,25.45030478413841,739.6696951293394,0.08724619798577393,27.227193483304426,1.658995043477539,1.658995043477539,5.022761675842708,1.6589950434775402
tuning,front-default,stumpjumper-front-pod-v1,log103,50.0,3829,49.81481790202167,1590.7167373132936,0.01566473158036885,24.116893486088795,-1.4513049537380915,1.4513049537380915,4.958039568899781,-1.45130495373809
tuning,front-default,stumpjumper-front-pod-v1,log103,75.0,1862,74.90638368906411,4011.1873385902427,0.006457744199586557,26.36679041797084,0.7985919781439534,0.7985919781439534,4.807662576095278,0.7985919781439542
tuning,front-default,stumpjumper-front-pod-v1,log103,100.0,384,99.84320462301822,9442.825422569189,0.0033612645901115457,26.86430746673092,1.296109026904034,1.296109026904034,4.91485187036734,1.2961090269040352
tuning,front-default,stumpjumper-front-pod-v1,log103,125.0,35,124.75199792991155,19335.843448641295,0.0020213922994258837,26.526947531545858,0.9587490917189712,0.9587490917189712,4.836845058393246,0.9587490917189723
tuning,front-default,stumpjumper-front-pod-v1,log104,5.0,645,4.121141943069432,704.0243080891202,0.025262674626018722,16.469936272396843,-16.991990979992288,16.991990979992288,17.730798942326057,-16.991990979992295
tuning,front-default,stumpjumper-front-pod-v1,log104,25.0,1229,25.13205478930223,742.0193236215164,0.02731219248599359,36.483323819881235,3.021396567492104,3.021396567492104,5.897652998193802,3.021396567492098
tuning,front-default,stumpjumper-front-pod-v1,log104,50.0,3921,49.963114418557154,1616.2401100560282,0.016224545295955295,31.149436124656386,-2.312491127732745,2.312491127732745,5.567862146721487,-2.3124911277327516
tuning,front-default,stumpjumper-front-pod-v1,log104,75.0,1649,74.64467272712605,4067.5284236334146,0.005814196205221833,33.98497471432879,0.5230474619396617,0.5230474619396617,5.091861380329676,0.5230474619396549
tuning,front-default,stumpjumper-front-pod-v1,log104,100.0,366,99.57160424321208,9661.625415898608,0.0029331773313572285,36.6868438028041,3.2249165504149673,3.2249165504149673,6.0044617099446675,3.224916550414961
tuning,front-default,stumpjumper-front-pod-v1,log104,125.0,40,124.20508818611867,19791.436919316948,0.0017547625929950073,38.836633701662834,5.3747064492737024,5.3747064492737024,7.385184025121891,5.374706449273696
tuning,front-default,stumpjumper-front-pod-v1,log106,5.0,700,4.578982305123688,678.3511953378196,0.11090071497797727,6.263743371201413,-7.716706251800646,7.716706251800646,8.333250558264922,-7.7167062518006455
tuning,front-default,stumpjumper-front-pod-v1,log106,25.0,393,25.370956495435536,881.3676502345384,0.04432658636135045,12.180676937090158,-1.7997726859119005,1.7997726859119005,3.6241814539559165,-1.799772685911901
tuning,front-default,stumpjumper-front-pod-v1,log106,50.0,1599,49.889554441662824,1920.9715056952848,0.01380362272022495,13.517126521740899,-0.4633231012611603,0.4633231012611603,3.179650576149169,-0.4633231012611603
tuning,front-default,stumpjumper-front-pod-v1,log106,75.0,672,74.79415567772617,4388.372528536975,0.006534600423918846,15.979301148787158,1.9988515257850992,1.9988515257850992,3.727052040470712,1.9988515257850994
tuning,front-default,stumpjumper-front-pod-v1,log106,100.0,129,99.66137531534613,10235.090452514538,0.0033971213705825676,14.19793741467764,0.2174877916755804,0.2174877916755804,3.153222229683693,0.2174877916755806
tuning,front-default,stumpjumper-front-pod-v1,log106,125.0,22,124.89808516028768,20405.951812760126,0.0020545251969110723,13.087708953108319,-0.8927406698937403,0.8927406698937403,3.269938133042551,-0.89274066989374
tuning,front-default,stumpjumper-front-pod-v1,log107,5.0,467,5.722356314563342,582.1573974133149,0.030897257698915936,20.578769738298234,0.29079349601691007,0.29079349601691007,3.174964591971766,0.29079349601690885
tuning,front-default,stumpjumper-front-pod-v1,log107,25.0,397,25.294270718798458,873.9106356316591,0.10075130372505386,25.72253128222252,5.434555039941195,5.434555039941195,6.2873068785529265,5.434555039941193
tuning,front-default,stumpjumper-front-pod-v1,log107,50.0,1620,50.16708548263293,1946.3016376054559,0.014626054885543027,19.68015505472589,-0.6078211875554338,0.6078211875554338,3.219516407628638,-0.607821187555436
tuning,front-default,stumpjumper-front-pod-v1,log107,75.0,653,74.95171234886939,4512.828970620126,0.006839970521760108,20.06518949792519,-0.2227867443561351,0.2227867443561351,3.1694594549243753,-0.22278674435613632
tuning,front-default,stumpjumper-front-pod-v1,log107,100.0,106,99.22172358943982,10050.461933258459,0.0038116042188107713,16.901708022030448,-3.3862682202508765,3.3862682202508765,4.632780133184583,-3.386268220250878
tuning,front-default,stumpjumper-front-pod-v1,log107,125.0,19,124.68989335196706,20891.561912983674,0.00232251312799292,10.807825388656369,-9.480150853624956,9.480150853624956,9.993452832251458,-9.480150853624957
tuning,front-default,stumpjumper-front-pod-v1,log109,5.0,277,5.3863169582566,678.3081293932592,0.03209528672078754,19.465714148464286,-4.717559582992234,4.717559582992234,5.817210660818927,-4.717559582992232
tuning,front-default,stumpjumper-front-pod-v1,log109,25.0,475,25.27983676390957,881.6858140170286,0.062249918625998824,30.599970784017348,6.416697052560828,6.416697052560828,7.263509655642124,6.416697052560829
tuning,front-default,stumpjumper-front-pod-v1,log109,50.0,1764,49.97267617944459,1800.3848561306988,0.016259423039272747,23.100006587414736,-1.083267144041784,1.083267144041784,3.57183974425281,-1.0832671440417818
tuning,front-default,stumpjumper-front-pod-v1,log109,75.0,763,75.0082174586484,4132.5262530111695,0.0070386325151332585,24.615675840828892,0.4324021093723722,0.4324021093723722,3.4309682361475184,0.4324021093723734
tuning,front-default,stumpjumper-front-pod-v1,log109,100.0,153,99.76957372064908,9389.482678844492,0.0037375959641536838,23.313047825661044,-0.8702259057954755,0.8702259057954755,3.5130989995132635,-0.8702259057954741
tuning,front-default,stumpjumper-front-pod-v1,log109,125.0,28,124.42592753242388,19335.589112906244,0.00224788102769935,19.766104314247045,-4.417169417209475,4.417169417209475,5.576374907912328,-4.4171694172094735
tuning,front-default,stumpjumper-front-pod-v1,log109,150.0,2,150.0469537223875,29882.20214492841,0.0016708553854556385,25.10044436084914,0.9171706293926185,0.9171706293926185,3.525021051949051,0.91717062939262
tuning,front-default,stumpjumper-front-pod-v1,log110,5.0,321,5.638044797011503,710.2613988246239,0.025847943465727496,22.69825672840626,-4.026657151016927,4.026657151016927,5.769586718187822,-4.026657151016926
tuning,front-default,stumpjumper-front-pod-v1,log110,25.0,570,24.97291020143203,845.054564683733,0.03320073159992809,38.10500045104521,11.38008657162202,11.38008657162202,12.107044786588734,11.380086571622021
tuning,front-default,stumpjumper-front-pod-v1,log110,50.0,1826,49.99324866968391,1810.7519150378093,0.017534211403873456,25.77886352393178,-0.9460503554914084,0.9460503554914084,4.239006294166004,-0.9460503554914061
tuning,front-default,stumpjumper-front-pod-v1,log110,75.0,751,74.75513343997176,4248.875597996608,0.006782085698255003,25.848515058493042,-0.8763988209301452,0.8763988209301452,4.22400733666282,-0.8763988209301441
tuning,front-default,stumpjumper-front-pod-v1,log110,100.0,149,100.15710867223856,10005.461670091941,0.003421770568323268,24.57185753279755,-2.153056346625636,2.153056346625636,4.659379220303764,-2.153056346625634
tuning,front-default,stumpjumper-front-pod-v1,log110,125.0,7,124.57348232878807,19868.115018168763,0.002087865306222625,23.155796310826176,-3.5691175685970116,3.5691175685970116,5.460106528752109,-3.56911756859701
tuning,front-default,stumpjumper-front-pod-v1,log112,5.0,476,5.126756702529946,800.5512902538417,0.053966707874735675,13.199185179815629,-9.9159092987143,9.9159092987143,10.902394527053668,-9.915909298714304
tuning,front-default,stumpjumper-front-pod-v1,log112,25.0,1027,25.27334721670499,881.4349011709361,0.0895337886232408,27.835252586167762,4.7201581076378325,4.7201581076378325,6.543457936313193,4.72015810763783
tuning,front-default,stumpjumper-front-pod-v1,log112,50.0,3087,49.85646299931926,1696.9508620435809,0.01681689558387589,23.204857717437125,0.08976323890719584,0.08976323890719584,4.532659996322257,0.08976323890719198
tuning,front-default,stumpjumper-front-pod-v1,log112,75.0,1570,74.88263211584776,4108.491314933926,0.006592740104089501,24.50636833123339,1.3912738527034598,1.3912738527034598,4.740526567420258,1.3912738527034567
tuning,front-default,stumpjumper-front-pod-v1,log112,100.0,331,99.65651512135454,9584.67569398817,0.003329068213972164,24.543289028643812,1.4281945501138829,1.4281945501138829,4.751493331172418,1.42819455011388
tuning,front-default,stumpjumper-front-pod-v1,log112,125.0,54,124.9432602884442,20093.75410442069,0.0019265852015735163,23.83157355597679,0.7164790774468592,0.7164790774468592,4.588059663040584,0.7164790774468561
tuning,front-default,stumpjumper-front-pod-v1,log112,150.0,5,149.04806707445044,30640.15061768618,0.0014236644037879387,30.59523276540989,7.48013828687996,7.48013828687996,8.745822888330657,7.480138286879957
tuning,front-default,jamaal,log-0098,5.0,536,6.320504387491468,976.7204592488716,0.37598077002553243,10.854410117515343,12.983961579498196,12.983961579498196,14.134592264404644,12.983961579498194
tuning,front-default,jamaal,log-0098,25.0,595,25.046726195490123,1079.1341921355995,0.1933543019083679,-0.4950087854615397,1.6345426765213138,1.6345426765213138,5.8202379628716,1.6345426765213147
tuning,front-default,jamaal,log-0098,50.0,2105,49.98360056354656,1270.2899851762559,0.0979874472435256,-1.1167616457200822,1.0127898162627713,1.0127898162627713,5.6770752500744495,1.0127898162627706
tuning,front-default,jamaal,log-0098,75.0,1009,74.91467948001235,1577.6625886814554,0.05825427282572093,0.9839659869939368,3.1135174489767903,3.1135174489767903,6.395109935580876,3.1135174489767894
tuning,front-default,jamaal,log-0098,100.0,293,99.6811159638145,2113.55389620659,0.03592941690443752,1.5918809510756375,3.721432413058491,3.721432413058491,6.712115865213043,3.7214324130584906
tuning,front-default,jamaal,log-0098,125.0,67,125.16547134264394,3084.46808291037,0.02227355605860737,0.0030496113843838657,2.1326010733672374,2.1326010733672374,5.979249745679585,2.1326010733672365
tuning,front-default,jamaal,log-0098,150.0,28,149.93114192735183,4691.98262673148,0.014288415037697177,-3.5544485514129462,-1.4248970894300927,1.4248970894300927,5.764873970742868,-1.4248970894300932
tuning,front-default,jamaal,log-0099,5.0,483,5.471450467692193,958.0608134018793,0.10598813787054695,32.13335915904743,4.79709530669491,4.79709530669491,9.161056408666095,4.797095306694911
tuning,front-default,jamaal,log-0099,25.0,1912,25.412871726184008,1066.211372721805,0.1761128774391043,37.5811276879701,10.244863835617583,10.244863835617583,12.87905532838464,10.244863835617585
tuning,front-default,jamaal,log-0099,50.0,7827,49.952732661933055,1250.2074952267885,0.1194062518577077,26.96314884469719,-0.3731150076553291,0.3731150076553291,7.813580866042496,-0.37311500765532896
tuning,front-default,jamaal,log-0099,75.0,2382,74.84300413230693,1557.1086037947478,0.05866166528744543,27.116005133884826,-0.22025871846769363,0.22025871846769363,7.807774653786366,-0.22025871846769315
tuning,front-default,jamaal,log-0099,100.0,386,99.79868831716594,2071.5311222419487,0.03506096462027131,29.199537563811234,1.8632737114587137,1.8632737114587137,8.02400274582835,1.8632737114587143
tuning,front-default,jamaal,log-0099,125.0,99,125.07294092249737,3024.0697771649457,0.0217580432291129,28.609040646943257,1.2727767945907367,1.2727767945907367,7.90776782095279,1.2727767945907376
tuning,front-default,jamaal,log-0099,150.0,8,149.595952884399,4627.155819135613,0.014188649641113216,25.34814599186285,-1.9881178604896697,1.9881178604896697,8.053908601942648,-1.9881178604896688
tuning,front-default,harry,log-0113,5.0,319,5.865605393464762,1054.4164959066907,0.09236232007563316,26.45659840438722,7.181290500462531,7.181290500462531,9.084686758351246,7.18129050046253
tuning,front-default,harry,log-0113,25.0,405,24.994793058910233,1206.1378059489193,0.22943871639459523,23.825917466648797,4.550609562724109,4.550609562724109,7.188090680958691,4.550609562724109
tuning,front-default,harry,log-0113,50.0,2279,49.95287224217091,1527.6535834003978,0.058162505783471374,16.403848375301514,-2.8714595286231734,2.8714595286231734,6.261459899244737,-2.8714595286231734
tuning,front-default,harry,log-0113,75.0,995,74.90146201237619,2072.3373640243153,0.03072907600869712,19.014695055736567,-0.2606128481881207,0.2606128481881207,5.570324882982123,-0.2606128481881211
tuning,front-default,harry,log-0113,100.0,397,99.99484634049213,3036.156711063094,0.018442296547178216,21.607029133284556,2.331721229359868,2.331721229359868,6.033036062943482,2.331721229359868
tuning,front-default,harry,log-0113,125.0,128,124.98365191314326,4625.4947033491,0.011925068843709141,23.359587160964153,4.084279257039466,4.084279257039466,6.902313908741903,4.084279257039466
tuning,front-default,harry,log-0113,150.0,43,149.8772541276532,7271.339929048904,0.007964025746829861,22.78176346396816,3.5064555600434737,3.5064555600434737,6.576916514590168,3.5064555600434737
tuning,front-default,harry,log-0115,5.0,162,5.673936994733964,1342.973752195393,0.08764933771081473,20.720927279896998,-9.428633744071767,9.428633744071767,10.97336891992511,-9.428633744071764
tuning,front-default,harry,log-0115,25.0,311,25.338017345919894,1526.6581702551066,0.11460570668411663,15.68455569796059,-14.465005326008175,14.465005326008175,15.516187362054326,-14.465005326008171
tuning,front-default,harry,log-0115,50.0,1582,50.117063184691204,1879.8792775523425,0.043199440696696456,17.366765762078025,-12.78279526189074,12.78279526189074,13.961215773719204,-12.782795261890737
tuning,front-default,harry,log-0115,75.0,1024,74.72121008171182,2444.942149186728,0.02493179950381119,23.85808101337387,-6.291480010594896,6.291480010594896,8.431987422704374,-6.291480010594892
tuning,front-default,harry,log-0115,100.0,208,99.83539391433575,3401.1941694945735,0.01581968549777457,30.285576795570577,0.13601577160181222,0.13601577160181222,5.615531271665583,0.13601577160181588
tuning,front-default,harry,log-0115,125.0,51,124.7358467906979,5015.817764942417,0.010472259595061928,34.678347029182945,4.5287860052141795,4.5287860052141795,7.212876947096317,4.528786005214183
tuning,front-default,harry,log-0115,150.0,15,149.47460395815682,7612.056104889324,0.00718564670891908,37.1439345910824,6.994373567113634,6.994373567113634,8.968665049452321,6.994373567113637
tuning,front-default,harry,log-0116,5.0,184,4.229147182308651,1131.1175226034925,0.14123780179457412,18.261656978809352,7.7651359236567625,7.7651359236567625,9.667169418657778,7.765135923656763
tuning,front-default,harry,log-0116,25.0,494,25.48621080852709,1299.2477454394402,0.12717669987218727,8.810065733827727,-1.6864553213248623,1.6864553213248623,6.000080016715804,-1.6864553213248616
tuning,front-default,harry,log-0116,50.0,983,50.191373728992545,1620.9338061458225,0.0552034053614463,7.926960018439694,-2.569561036712896,2.569561036712896,6.305511285975186,-2.569561036712895
tuning,front-default,harry,log-0116,75.0,1075,74.99842938015277,2183.82666728798,0.03142714922637424,9.840907065371596,-0.6556139897809938,0.6556139897809938,5.795399758408728,-0.6556139897809934
tuning,front-default,harry,log-0116,100.0,469,100.00481402572834,3124.4683724368133,0.01980585849094041,11.752991560327331,1.2564705051747413,1.2564705051747413,5.893687028214296,1.2564705051747418
tuning,front-default,harry,log-0116,125.0,176,124.64142399345178,4697.142778582043,0.013048551534737385,11.436769718214649,0.940248663062059,0.940248663062059,5.8344576615618156,0.9402486630620593
tuning,front-default,harry,log-0116,150.0,56,150.1434988820179,7345.993990948673,0.008773478308796712,8.93172778820363,-1.5647932669489588,1.5647932669489588,5.967026615028307,-1.5647932669489582
tuning,front-default,harry,log-0117,5.0,84,6.278320647735001,1153.3481459632578,0.179841040380893,16.108499872934015,9.724553554357952,9.724553554357952,10.723569554035729,9.724553554357954
tuning,front-default,harry,log-0117,25.0,254,25.032508297411553,1325.4627804703784,0.11303701933552546,3.4214655128293074,-2.9624808057467558,2.9624808057467558,5.404099802287526,-2.9624808057467553
tuning,front-default,harry,log-0117,50.0,1122,49.9399804345277,1663.8445143234826,0.05204645329435209,3.475083807140784,-2.908862511435279,2.908862511435279,5.374893790494812,-2.908862511435279
tuning,front-default,harry,log-0117,75.0,652,74.6839704223219,2225.7618480055157,0.030445669865699188,6.311753911804956,-0.07219240677110683,0.07219240677110683,4.520311260550709,-0.07219240677110647
tuning,front-default,harry,log-0117,100.0,150,99.88254875681574,3173.1329043722417,0.019235839493489948,8.931601478851675,2.547655160275612,2.547655160275612,5.188308873259676,2.5476551602756126
tuning,front-default,harry,log-0117,125.0,59,124.7242438104229,4761.833103262873,0.01261778357506671,9.339712646968664,2.955766328392601,2.955766328392601,5.40042190358546,2.9557663283926012
tuning,front-default,harry,log-0117,150.0,46,149.8034607638849,7429.130166314608,0.008436691446377154,7.220548050384792,0.8366017318087291,0.8366017318087291,4.5965100463646875,0.8366017318087295
tuning,front-default,harry,log-0118,5.0,175,5.657076173132623,1190.4728845825548,0.08202066688389564,19.95486735478456,-7.8687223374512385,7.8687223374512385,10.88366747627021,-7.8687223374512385
tuning,front-default,harry,log-0118,25.0,242,24.834909330261937,1384.7345442255487,0.10315720950841545,15.156213708144346,-12.667375984091453,12.667375984091453,14.730914460156734,-12.66737598409145
tuning,front-default,harry,log-0118,50.0,532,50.25353879638352,1723.6474113528477,0.042763782760008695,19.465122135069656,-8.358467557166144,8.358467557166144,11.24283800533997,-8.358467557166144
tuning,front-default,harry,log-0118,75.0,660,74.99393882601991,2283.8369720831897,0.025251306223076142,26.21977884566123,-1.603810846574568,1.603810846574568,7.688279114451301,-1.6038108465745677
tuning,front-default,harry,log-0118,100.0,379,99.83444730432933,3237.2243183471687,0.016316367820323308,32.01536673851007,4.191777046274268,4.191777046274268,8.608624821409611,4.191777046274268
tuning,front-default,harry,log-0118,125.0,197,124.92527480832169,4824.547204243339,0.011039464524117193,36.07378682595166,8.250197133715858,8.250197133715858,11.162579417647661,8.250197133715858
tuning,front-default,harry,log-0118,150.0,82,150.74997668276293,7555.8048649355405,0.007572711933789833,37.221947650025484,9.398357957789685,9.398357957789685,12.036052459708978,9.398357957789685
tuning,front-default,harry,log-0119,5.0,419,5.3806436634600345,1136.9305386990966,0.1390726278847989,16.169107032198347,1.340868950701866,1.340868950701866,5.932523823894258,1.340868950701865
tuning,front-default,harry,log-0119,25.0,391,24.94081410460788,1306.964230435769,0.10743638178859527,8.139001941731859,-6.689236139764622,6.689236139764622,8.839841034297491,-6.689236139764622
tuning,front-default,harry,log-0119,50.0,728,49.78732832164589,1645.8851210796468,0.04860636899056914,9.652385558396972,-5.175852523099509,5.175852523099509,7.757986769709793,-5.175852523099511
tuning,front-default,harry,log-0119,75.0,743,74.97295111452553,2211.9952161984606,0.02865191245972909,14.164326687947877,-0.6639113935486041,0.6639113935486041,5.817017080652271,-0.6639113935486052
tuning,front-default,harry,log-0119,100.0,447,100.04847270696592,3139.441405226586,0.018517643055105282,18.19081422247335,3.362576140976868,3.362576140976868,6.686092108398111,3.3625761409768673
tuning,front-default,harry,log-0119,125.0,175,124.45117171540673,4736.502014834064,0.01228714987998103,18.81618452078503,3.9879464392885478,3.9879464392885478,7.021440463377213,3.9879464392885464
tuning,front-default,harry,log-0119,150.0,47,149.3652517715242,7295.457721303776,0.00844488878425409,17.946990498856138,3.118752417359657,3.118752417359657,6.5668505403201705,3.1187524173596564
tuning,front-default,harry,log-0120,5.0,170,5.349486647244845,1154.9826312810646,0.12198753411925267,17.563504739197917,1.118686250813738,1.118686250813738,6.266745386398239,1.1186862508137394
tuning,front-default,harry,log-0120,25.0,101,25.035051215372988,1347.2635463627867,0.10192717857077227,8.39670743251688,-8.048111055867299,8.048111055867299,10.138674981365037,-8.048111055867299
tuning,front-default,harry,log-0120,50.0,259,50.251568418250514,1700.1968822420124,0.04827298339746022,9.996650936852966,-6.448167551531213,6.448167551531213,8.921855389032258,-6.4481675515312125
tuning,front-default,harry,log-0120,75.0,302,74.9395421225444,2236.846718899893,0.03030235572649076,14.534557071838869,-1.9102614165453105,1.9102614165453105,6.455210104227871,-1.9102614165453093
tuning,front-default,harry,log-0120,100.0,144,99.61465144283893,3163.0888475682345,0.020047982481003146,16.709182517333886,0.2643640289497071,0.2643640289497071,6.171752356501873,0.26436402894970834
tuning,front-default,harry,log-0120,125.0,55,125.15530467355765,4794.981774503059,0.01352013687792919,15.73551410269998,-0.7093043856841987,0.7093043856841987,6.206750480060783,-0.7093043856841975
tuning,front-default,harry,log-0120,150.0,10,149.07748286860397,7224.510853936597,0.009650076661245066,12.174277752040155,-4.270540736344024,4.270540736344024,7.500543779684088,-4.2705407363440235
tuning,front-default,harry,log-0122,5.0,447,5.601161684432327,1264.1449105348172,0.07667691546005173,24.704839223509584,-7.926564819652558,7.926564819652558,10.936153449391396,-7.9265648196525555
tuning,front-default,harry,log-0122,25.0,1044,24.707913279521946,1453.1497308665553,0.15634416257273287,19.790124059669314,-12.841279983492829,12.841279983492829,14.888502075189944,-12.841279983492827
tuning,front-default,harry,log-0122,50.0,1794,50.07910570850103,1787.7669788040794,0.04796507062292932,19.04938427653468,-13.582019766627461,13.582019766627461,15.531911774457797,-13.582019766627457
tuning,front-default,harry,log-0122,75.0,1903,74.83907855095097,2358.5916139077945,0.025964905408251582,24.232548496339334,-8.398855546822809,8.398855546822809,11.283164313475098,-8.398855546822807
tuning,front-default,harry,log-0122,100.0,854,100.02138648216898,3312.8251629685474,0.01608474989320996,30.251321342929316,-2.380082700232826,2.380082700232826,7.901507203592827,-2.380082700232823
tuning,front-default,harry,log-0122,125.0,354,124.44986208432502,4879.150645268914,0.010587558354387738,34.5100214111519,1.8786173679897544,1.8786173679897544,7.765193213552032,1.8786173679897575
tuning,front-default,harry,log-0122,150.0,96,150.68269980443785,7570.884637095207,0.007080888217558368,37.72215661585595,5.090752572693809,5.090752572693809,9.093117407406023,5.0907525726938125
tuning,front-default,harry,log-0125,5.0,369,5.310037053085068,1129.4861098834829,0.05940752979158859,28.310388340612665,-7.572266345560177,7.572266345560177,11.000863895669502,-7.572266345560178
tuning,front-default,harry,log-0125,25.0,488,25.40992904792128,1300.3214025458224,0.1125412282195466,34.87284719990594,-1.0098074862669009,1.0098074862669009,8.043599940465844,-1.0098074862669026
tuning,front-default,harry,log-0125,50.0,1143,49.66895766677973,1611.9804578945505,0.0577592194269414,25.9828993720719,-9.899755314100943,9.899755314100943,12.715539474281512,-9.899755314100945
tuning,front-default,harry,log-0125,75.0,1114,74.89036057048001,2165.0455644038384,0.027671183605342264,29.99243069853717,-5.890223987635672,5.890223987635672,9.918393391445015,-5.8902239876356735
tuning,front-default,harry,log-0125,100.0,489,99.8456618544729,3069.6953027587283,0.01666236388818021,35.90383379569936,0.021179109526521245,0.021179109526521245,7.97998981187456,0.02117910952651951
tuning,front-default,harry,log-0125,125.0,198,124.51102636913105,4676.483183367017,0.010571402691866183,39.581660775240834,3.6990060890679928,3.6990060890679928,8.795591787361639,3.6990060890679906
tuning,front-default,harry,log-0125,150.0,60,149.6488432572568,7169.891834724245,0.0071690199953309275,43.26421103639913,7.38155635022629,7.38155635022629,10.870472068613557,7.381556350226289
tuning,front-default,harry,log-0126,5.0,46,6.032744949121792,1209.282958253738,0.07119442506222029,19.611574012122894,-17.198280343524708,17.198280343524708,19.46026831240056,-17.19828034352471
tuning,front-default,harry,log-0126,25.0,189,25.277634885056784,1333.9749535768512,0.15651875378359004,26.336165962737496,-10.473688392910105,10.473688392910105,13.878737138800954,-10.473688392910109
tuning,front-default,harry,log-0126,50.0,251,50.007289155492884,1651.6175282838412,0.044663845892113585,26.45801864325596,-10.35183571239164,10.35183571239164,13.787011954462793,-10.351835712391646
tuning,front-default,harry,log-0126,75.0,237,75.13950500191714,2212.153431944973,0.023709143113556763,33.93244745733672,-2.8774068983108805,2.8774068983108805,9.54990400342328,-2.877406898310885
tuning,front-default,harry,log-0126,100.0,158,99.95758579829241,3108.007526524826,0.014982289556940032,42.15281499114478,5.342960635497178,5.342960635497178,10.55786078562439,5.342960635497174
tuning,front-default,harry,log-0126,125.0,81,125.2398556356791,4746.217076147505,0.009703970025825015,47.98274674296988,11.172892387322278,11.172892387322278,14.413699050376934,11.172892387322273
tuning,front-default,harry,log-0126,150.0,33,150.41187801519456,7164.665969482156,0.006779643802644841,53.74285124897642,16.93299689332882,16.93299689332882,19.226221152520747,16.932996893328816
tuning,front-default,harry,log-0127,5.0,354,6.076995332802738,1153.0729625123709,0.11762255392839549,21.135977462214335,1.2285250857146153,1.2285250857146153,7.2276580676307205,1.228525085714615
tuning,front-default,harry,log-0127,25.0,279,25.068027427745704,1337.0398027019803,0.11656445918983316,9.804761815485895,-10.102690561013825,10.102690561013825,12.360992024427295,-10.102690561013825
tuning,front-default,harry,log-0127,50.0,571,50.12256156092374,1673.4842060938984,0.04785921888262834,11.0999357172484,-8.80751665925132,8.80751665925132,11.327052439154102,-8.80751665925132
tuning,front-default,harry,log-0127,75.0,551,74.75508028163796,2215.752107711827,0.027433034582266203,16.51283890027812,-3.3946134762216005,3.3946134762216005,7.8900676745705205,-3.394613476221601
tuning,front-default,harry,log-0127,100.0,392,100.09874165494402,3126.0335236877386,0.017170708264458767,22.40738807259602,2.4999356960963013,2.4999356960963013,7.548473073474783,2.499935696096301
tuning,front-default,harry,log-0127,125.0,100,124.68912991727258,4680.513765950756,0.011123433332201671,25.8018956347085,5.894443258208781,5.894443258208781,9.24522734066612,5.8944432582087805
tuning,front-default,harry,log-0127,150.0,29,149.18773181618755,7082.751812415197,0.007565449794796564,28.496278792868438,8.588826416368718,8.588826416368718,11.157854026060319,8.588826416368718
tuning,front-default,harry,log-0129,5.0,855,6.225743220016739,1026.303321457204,0.17102486163165764,25.595698043919352,26.039250624859925,26.039250624859925,27.243226681250125,26.03925062485992
tuning,front-default,harry,log-0129,25.0,890,25.25550329476259,1218.2653196821948,0.14351272938721138,0.909649708704162,1.3532022896447338,1.3532022896447338,8.122929480083556,1.3532022896447358
tuning,front-default,harry,log-0129,50.0,2233,50.07888438581807,1540.8764984593377,0.05961912085860632,-2.7209975580068573,-2.2774449770662852,2.2774449770662852,8.326919149678062,-2.2774449770662857
tuning,front-default,harry,log-0129,75.0,2944,75.0989941870823,2099.807927960517,0.032240202501071735,-1.6380369033584543,-1.1944843224178825,1.1944843224178825,8.098000969264753,-1.1944843224178827
tuning,front-default,harry,log-0129,100.0,1305,99.70634098211801,3017.495966849045,0.01944435968614755,0.35445397347402263,0.7980065544145944,0.7980065544145944,8.049077050357974,0.7980065544145942
tuning,front-default,harry,log-0129,125.0,398,124.86681751241977,4623.452767925859,0.012039101429181187,1.2920168525092777,1.7355694334498495,1.7355694334498495,8.19530525118108,1.7355694334498497
tuning,front-default,harry,log-0129,150.0,64,149.8060306601039,7155.323173509571,0.007832918649910425,1.9253037799066703,2.3688563608472424,2.3688563608472424,8.352383334117107,2.3688563608472424
tuning,front-default,harry,log-0132,5.0,613,6.090083225639091,1225.108682755396,0.07569535939177996,31.19263493677196,0.8570933117564472,0.8570933117564472,9.796356098528598,0.8570933117564462
tuning,front-default,harry,log-0132,25.0,683,24.78888854661122,1428.5044836994775,0.24253891510596284,24.904852859995838,-5.430688765019674,5.430688765019674,11.16809582366805,-5.430688765019675
tuning,front-default,harry,log-0132,50.0,1731,49.87039430747734,1710.3236451175153,0.06247296781383227,19.454922865694535,-10.880618759320978,10.880618759320978,14.615808169574764,-10.88061875932098
tuning,front-default,harry,log-0132,75.0,1483,74.847340768864,2292.508647474075,0.030073919838059737,20.165969679120835,-10.169571945894678,10.169571945894678,14.094473293700934,-10.16957194589468
tuning,front-default,harry,log-0132,100.0,723,99.93369726091137,3239.203170002443,0.018011717130136162,23.64095991395719,-6.694581711058323,6.694581711058323,11.834331757651439,-6.694581711058323
tuning,front-default,harry,log-0132,125.0,296,124.83688287013202,4813.770507326302,0.011576111498058594,26.132902752443485,-4.202638872572027,4.202638872572027,10.625260343039804,-4.202638872572028
tuning,front-default,harry,log-0132,150.0,118,150.5826667805433,7400.39435740694,0.007723541268305212,27.714094107500344,-2.6214475175151684,2.6214475175151684,10.104749920270528,-2.6214475175151692
tuning,front-default,harry,log-0133,5.0,67,5.349154586055533,1041.745200970238,0.11930997771264984,25.193007451456673,14.023337428568022,14.023337428568022,15.186652687185926,14.023337428568023
tuning,front-default,harry,log-0133,25.0,243,25.956704173676144,1230.2126001172617,0.14508922064744745,11.066603963204212,-0.10306605968443883,0.10306605968443883,5.8301843725900815,-0.10306605968443584
tuning,front-default,harry,log-0133,50.0,542,49.90362991179377,1545.28851780279,0.057030968880205535,8.038294989965976,-3.1313750329226746,3.1313750329226746,6.61709428696208,-3.1313750329226733
tuning,front-default,harry,log-0133,75.0,649,74.94772460433688,2087.077184080849,0.031424828507638836,10.710086846429405,-0.45958317645924573,0.45958317645924573,5.8473621319206055,-0.45958317645924396
tuning,front-default,harry,log-0133,100.0,257,100.06130173960142,3011.387201523516,0.019197267045527155,13.504989365836536,2.3353193429478853,2.3353193429478853,6.279661108633274,2.335319342947887
tuning,front-default,harry,log-0133,125.0,89,124.79893569715173,4528.925253790837,0.01242437344767211,15.11562218659681,3.9459521637081583,3.9459521637081583,7.039244681356647,3.9459521637081605
tuning,front-default,harry,log-0133,150.0,23,148.68582725463406,7008.747737196945,0.008288275880147467,14.126141594678273,2.9564715717896224,2.9564715717896224,6.5361419324043855,2.956471571789624
validation,slayer-filtered,other-front,log-0145-filtered-c01,5.0,890,4.463927557241789,1321.8199920746779,0.08376899588093067,21.19800304734747,17.83142454729967,17.83142454729967,19.10121328845033,17.831424547299665
validation,slayer-filtered,other-front,log-0145-filtered-c01,25.0,4047,25.241294185533263,1720.0183108680014,0.054381479910336594,-0.6437274586770165,-4.010305958724819,4.010305958724819,7.935943648200519,-4.010305958724821
validation,slayer-filtered,other-front,log-0145-filtered-c01,50.0,2154,49.81531896979098,2524.5782893698083,0.02074784272608099,-1.475780067258242,-4.842358567306045,4.842358567306045,8.387197636826775,-4.842358567306045
validation,slayer-filtered,other-front,log-0145-filtered-c01,75.0,425,74.92373679591287,4195.2109766831445,0.010342472640019196,-0.058253754280443104,-3.424832254328246,3.424832254328246,7.65676979379147,-3.4248322543282455
validation,slayer-filtered,other-front,log-0145-filtered-c01,100.0,88,100.01932220150302,7798.312909723942,0.005493410861745929,-1.402005352208917,-4.76858385225672,4.76858385225672,8.344821128150915,-4.76858385225672
validation,slayer-filtered,other-front,log-0147-filtered-c01,5.0,361,4.17199912180223,1251.439418629661,0.01924365860433852,25.202601932323926,-9.638300219375264,9.638300219375264,11.105265130852123,-9.638300219375267
validation,slayer-filtered,other-front,log-0147-filtered-c01,25.0,1134,25.37648732756935,1554.56914532997,0.031840940889621194,39.04109186168819,4.200189709988997,4.200189709988997,6.933374078153297,4.200189709988993
validation,slayer-filtered,other-front,log-0147-filtered-c01,50.0,374,49.40064998859381,2239.2527525048504,0.022691194330970887,30.9369936311199,-3.9039085205792894,3.9039085205792894,6.75800149783664,-3.9039085205792934
validation,slayer-filtered,other-front,log-0147-filtered-c01,75.0,68,74.88925997790564,3712.2524945923296,0.008224391546207244,37.74154059089165,2.9006384391924627,2.9006384391924627,6.23247830823594,2.9006384391924596
validation,slayer-filtered,other-front,log-0147-filtered-c01,100.0,9,99.82202851201237,7548.333550667979,0.003742626794561943,42.32683569754899,7.485933545849797,7.485933545849797,9.298886146232242,7.485933545849792
validation,slayer-filtered,other-front,log-0147-filtered-c01,125.0,2,124.65206343268288,16012.077277404172,0.001947726188191723,45.003484296959,10.162582145259812,10.162582145259812,11.563224393172696,10.162582145259808
validation,slayer-filtered,other-front,log-0147-filtered-c02,5.0,779,5.28610736791677,1300.4687496970823,0.3700185142871497,0.8689083904039885,27.434773081857582,27.434773081857582,29.805129069356532,27.434773081857582
validation,slayer-filtered,other-front,log-0147-filtered-c02,25.0,3350,25.298613900887858,1634.6933433246743,0.07423541525109556,-27.34007191373442,-0.7742072222808254,0.7742072222808254,11.673831488034084,-0.7742072222808235
validation,slayer-filtered,other-front,log-0147-filtered-c02,50.0,2163,49.68601038259155,2312.5607811768364,0.03145955851995552,-34.41390209615109,-7.8480374046974966,7.8480374046974966,14.045306543237682,-7.848037404697495
validation,slayer-filtered,other-front,log-0147-filtered-c02,75.0,444,74.89405768057384,3741.1001182182936,0.015198726902596604,-39.54760595722924,-12.981741265775643,12.981741265775643,17.441460692256438,-12.981741265775641
validation,slayer-filtered,other-front,log-0147-filtered-c02,100.0,72,99.4377161125386,6889.949733562575,0.0075450167393569245,-47.826685282110475,-21.26082059065688,21.26082059065688,24.2425542584952,-21.26082059065688
validation,slayer-filtered,other-front,log-0147-filtered-c02,125.0,5,125.74140739838839,14924.34188824899,0.0035275810246560013,-61.67744238565845,-35.111577694204854,35.111577694204854,36.99326740049016,-35.111577694204854
validation,slayer-filtered,other-front,log-0147-filtered-c02,150.0,1,148.87763314980853,25520.373021798252,0.0021549638250348835,-67.36730839797968,-40.801443706526086,40.801443706526086,42.43155374629595,-40.801443706526086
validation,slayer-filtered,other-front,log-0151-filtered-c01,5.0,579,2.9965490053704684,1432.802724116831,0.16646841078039154,5.270089215065978,1.093727386296532,1.093727386296532,6.6066779925726395,1.0937273862965327
validation,slayer-filtered,other-front,log-0151-filtered-c01,25.0,988,25.18791760034705,1765.5604630148573,0.049683938372840686,-2.0118357665213473,-6.188197595290793,6.188197595290793,8.985863563418452,-6.188197595290793
validation,slayer-filtered,other-front,log-0151-filtered-c01,50.0,526,49.921579583458,2511.223982579965,0.023436932223233953,-1.6016497798021163,-5.778011608571562,5.778011608571562,8.708465573842291,-5.778011608571562
validation,slayer-filtered,other-front,log-0151-filtered-c01,75.0,81,74.92014606958779,4064.2819128720816,0.012942607259162742,-2.8980709803802114,-7.074432809149657,7.074432809149657,9.617668848176345,-7.074432809149657
validation,slayer-filtered,other-front,log-0151-filtered-c01,100.0,22,98.21257224619937,7288.146496079884,0.0075475609449284775,-10.733732666064924,-14.91009449483437,14.91009449483437,16.271535648084935,-14.910094494834368
validation,slayer-filtered,other-front,log-0151-filtered-c01,125.0,9,125.93253117830398,17136.764104943133,0.003865994290464414,-34.34184182442303,-38.51820365319247,38.51820365319247,39.06538067356849,-38.51820365319248
validation,slayer-filtered,other-front,log-0152-filtered-c01,5.0,395,3.4402658268618325,1333.1488476648037,0.03839967545738432,20.336421709366324,-0.8863088068587075,0.8863088068587075,4.197884162904326,-0.8863088068587033
validation,slayer-filtered,other-front,log-0152-filtered-c01,25.0,1380,25.314693949551724,1664.320555234713,0.074741220007005,18.106035360925034,-3.116695155299997,3.116695155299997,5.152715481677414,-3.1166951552999937
validation,slayer-filtered,other-front,log-0152-filtered-c01,50.0,1084,49.783865025564296,2350.994553580792,0.01925097136146192,19.768346886303604,-1.454383629921427,1.454383629921427,4.353380282841262,-1.4543836299214234
validation,slayer-filtered,other-front,log-0152-filtered-c01,75.0,219,74.91412332685479,3898.2727943254054,0.008938034102321524,25.464170208064317,4.241439691839286,4.241439691839286,5.901398038054832,4.24143969183929
validation,slayer-filtered,other-front,log-0152-filtered-c01,100.0,21,98.58652766848434,7194.922948551361,0.004769858193981236,28.230139386789816,7.007408870564785,7.007408870564785,8.120373588900804,7.007408870564788
validation,slayer-filtered,other-front,log-0152-filtered-c02,5.0,171,4.972536261869379,1314.3573204632119,0.022707238172692712,28.77145609983895,-3.9160016263665582,3.9160016263665582,6.83684046685987,-3.9160016263665596
validation,slayer-filtered,other-front,log-0152-filtered-c02,25.0,1339,25.27963538745371,1654.39879877207,0.0433412465434273,38.72392628596883,6.036468559763321,6.036468559763321,8.236884817975678,6.036468559763321
validation,slayer-filtered,other-front,log-0152-filtered-c02,50.0,372,49.92225087080435,2372.7235761944135,0.022822512864852484,26.214188864242097,-6.473268861963412,6.473268861963412,8.562156772148724,-6.473268861963414
validation,slayer-filtered,other-front,log-0152-filtered-c02,75.0,53,74.07685915863519,3892.004548628576,0.008845759452952962,30.11047820056391,-2.5769795256415975,2.5769795256415975,6.168317623725545,-2.576979525641599
validation,slayer-filtered,other-front,log-0152-filtered-c02,100.0,4,100.04246011792782,7774.969972548823,0.0040950884841635116,33.67024095064289,0.9827832244373838,0.9827832244373838,5.6897435529048845,0.9827832244373831
validation,slayer-filtered,other-front,log-0155-filtered-c01,5.0,701,5.2356206275890145,1336.8767383513152,0.02164451964231162,27.38169767728448,-8.68026532840149,8.68026532840149,10.005940734558104,-8.68026532840149
validation,slayer-filtered,other-front,log-0155-filtered-c01,25.0,941,25.090060967242977,1624.0250183841902,0.034918973799175745,39.477774223592746,3.4158112179067786,3.4158112179067786,6.036523013160634,3.415811217906779
validation,slayer-filtered,other-front,log-0155-filtered-c01,50.0,835,49.64384444160322,2236.510774572024,0.0275315898994819,31.59245889622265,-4.469504109463319,4.469504109463319,6.68941782194457,-4.469504109463318
validation,slayer-filtered,other-front,log-0155-filtered-c01,75.0,477,74.652090030589,3552.9439678144136,0.010037337972029547,36.32271726094896,0.2607542552629951,0.2607542552629951,4.983957924549315,0.26075425526299545
validation,slayer-filtered,other-front,log-0155-filtered-c01,100.0,129,100.46710356735377,6687.703572733711,0.004835426313626101,41.16076601574304,5.098803010057075,5.098803010057075,7.125281464434036,5.098803010057075
validation,slayer-filtered,other-front,log-0155-filtered-c01,125.0,29,123.93148260450869,13552.20538235426,0.00259609950938966,41.00561678610897,4.943653780423006,4.943653780423006,7.015094904043054,4.9436537804230065
