stage,duration_s,evaluation_scope,premerge,current,paired_delta_median,n_logs,delta_current_minus_premerge
fusion1,5.0,common_core,3.4258985265706468,3.3369693048807294,-0.14239012496600312,11,-0.08892922168991735
fusion1,5.0,full_log,4.8675506062057465,4.59612163484262,0.29273754727269496,11,-0.27142897136312616
fusion1,5.0,full_log_excluding_training,4.852365091060253,4.603017532575901,0.2940042400599068,11,-0.2493475584843523
fusion1,5.0,training_window,3.4258985265706468,3.3369693048807294,-0.14239012496600312,11,-0.08892922168991735
fusion1,10.0,common_core,3.5955838605724546,2.8373073734823366,-0.5430227966088479,11,-0.758276487090118
fusion1,10.0,full_log,4.5128203454982065,4.19987095471085,-0.5975973305849047,11,-0.31294939078735684
fusion1,10.0,full_log_excluding_training,4.554052820013017,4.119159510265958,-0.5981018419827913,11,-0.43489330974705886
fusion1,10.0,training_window,3.5715466489211076,2.983114318535648,-0.7742988236113266,11,-0.5884323303854595
fusion1,20.0,common_core,3.0653879394850407,2.265103946259108,-0.5279875875327762,11,-0.8002839932259329
fusion1,20.0,full_log,3.9440164620163127,3.8708712192126766,0.07198063067853955,11,-0.0731452428036361
fusion1,20.0,full_log_excluding_training,3.968194824909139,3.9398732865972237,0.05876267509391564,11,-0.02832153831191553
fusion1,20.0,training_window,3.515414262856339,3.0058692048805717,-0.3949289628136836,11,-0.5095450579757674
fusion1,40.0,common_core,3.003532349460114,2.1842637302180954,-0.7060017041315474,11,-0.8192686192420187
fusion1,40.0,full_log,3.667081961395801,3.4321047928216624,-0.08081517987408793,11,-0.23497716857413842
fusion1,40.0,full_log_excluding_training,3.688178037918661,3.4357761414186023,-0.036585843854887834,11,-0.2524018965000585
fusion1,40.0,training_window,3.235418549916231,2.9827591617333864,-0.18190121774025503,11,-0.2526593881828445
fusion1,120.0,common_core,2.9107187831401604,2.4567628567315505,-0.376936629823029,11,-0.45395592640860993
fusion1,120.0,full_log,3.632973691872985,3.30606419187305,0.1524490353966943,11,-0.3269094999999349
fusion1,120.0,full_log_excluding_training,3.591236529610493,3.486468598560509,-0.10154395138588246,11,-0.10476793104998405
fusion1,120.0,training_window,3.403553255388105,3.288026524236627,0.0060039209947797545,11,-0.11552673115147805
mag_model,5.0,common_core,3.169771156979328,3.5433636262531474,-0.15139250905100798,11,0.3735924692738193
mag_model,5.0,full_log,5.1008414104726665,4.615557806100973,0.27037639387094714,11,-0.48528360437169304
mag_model,5.0,full_log_excluding_training,5.118001565219468,4.622618855586077,0.2811695120686313,11,-0.49538270963339137
mag_model,5.0,training_window,3.169771156979328,3.5433636262531474,-0.15139250905100798,11,0.3735924692738193
mag_model,10.0,common_core,3.2915787132844967,3.0801461766972262,-0.24883511688995874,11,-0.21143253658727046
mag_model,10.0,full_log,4.388724724510105,4.2944848389664845,-0.5834752461351842,11,-0.09423988554362062
mag_model,10.0,full_log_excluding_training,4.39780334324891,4.262838850646398,-0.5989953742480569,11,-0.13496449260251175
mag_model,10.0,training_window,3.634629579822911,3.142251755500797,-0.3163090597792215,11,-0.49237782432211397
mag_model,20.0,common_core,3.3560347674203905,3.010048403568418,-0.35427383228396625,11,-0.34598636385197246
mag_model,20.0,full_log,4.728350743562894,4.170616226194769,0.23097598317445112,11,-0.5577345173681252
mag_model,20.0,full_log_excluding_training,4.7815028164517726,4.192413228795869,0.23976668273705215,11,-0.5890895876559039
mag_model,20.0,training_window,3.8269855802120354,3.2980228169762533,-0.1636331906159767,11,-0.5289627632357821
mag_model,40.0,common_core,3.7683192297810817,2.853959802781331,-0.4629771126006501,11,-0.9143594269997508
mag_model,40.0,full_log,4.389090216529825,3.7801579869143773,-0.3667225331938102,11,-0.6089322296154474
mag_model,40.0,full_log_excluding_training,4.446283303738451,3.7806156469930894,-0.4130178108165148,11,-0.6656676567453612
mag_model,40.0,training_window,3.6818327202438885,3.5010574257863416,-0.270732934000081,11,-0.18077529445754692
mag_model,120.0,common_core,3.8115707596233017,2.918882449742563,-0.9603975238313436,11,-0.8926883098807386
mag_model,120.0,full_log,4.096359354940774,4.225169394764361,-0.539421443882536,11,0.12881003982358674
mag_model,120.0,full_log_excluding_training,4.070599324108939,4.151289903144415,-0.43965771493610095,11,0.08069057903547527
mag_model,120.0,training_window,4.289303363024931,4.213670688048179,-0.4632436023095483,11,-0.07563267497675241
nuisance_corrected_mag,5.0,common_core,3.1044859918418286,3.16604561501602,0.005694725137715295,11,0.06155962317419128
nuisance_corrected_mag,5.0,full_log,4.668418995977898,4.423292311025885,0.4135382741552869,11,-0.24512668495201329
nuisance_corrected_mag,5.0,full_log_excluding_training,4.632873522300274,4.439842125417343,0.41504167475991327,11,-0.19303139688293136
nuisance_corrected_mag,5.0,training_window,3.1044859918418286,3.16604561501602,0.005694725137715295,11,0.06155962317419128
nuisance_corrected_mag,10.0,common_core,3.1899653381499293,2.990501737590903,-0.2987322402152346,11,-0.19946360055902623
nuisance_corrected_mag,10.0,full_log,4.029000254378697,3.7136113452990775,-0.48022600050991526,11,-0.31538890907961914
nuisance_corrected_mag,10.0,full_log_excluding_training,4.061550157767565,3.7292687550133854,-0.48376544402862676,11,-0.3322814027541794
nuisance_corrected_mag,10.0,training_window,3.5056573345794577,3.1702208973688846,-0.2680387992813529,11,-0.33543643721057315
nuisance_corrected_mag,20.0,common_core,2.9897502441219643,2.7098418777542337,-0.3346239084343843,11,-0.27990836636773064
nuisance_corrected_mag,20.0,full_log,3.678866102789813,3.730085624403502,0.2582945104861536,11,0.051219521613689256
nuisance_corrected_mag,20.0,full_log_excluding_training,3.6398969370016796,3.7072547669914844,0.24750036235249873,11,0.06735782998980477
nuisance_corrected_mag,20.0,training_window,3.59498509676101,2.9714950861486003,-0.23495516629543456,11,-0.6234900106124099
nuisance_corrected_mag,40.0,common_core,2.8711985752604336,2.7682201945189187,-0.10157227980512129,11,-0.102978380741515
nuisance_corrected_mag,40.0,full_log,3.5736497693254305,3.2845982244059995,0.10010940049340578,11,-0.2890515449194311
nuisance_corrected_mag,40.0,full_log_excluding_training,3.5227753946482028,3.29111881921255,0.07279735101548424,11,-0.231656575435653
nuisance_corrected_mag,40.0,training_window,3.101765662767131,3.15131258244158,0.10923350747174743,11,0.04954691967444935
nuisance_corrected_mag,120.0,common_core,2.8451246771221106,2.562403714408852,-0.2532651187921253,11,-0.28272096271325875
nuisance_corrected_mag,120.0,full_log,3.4702629136333742,3.780402539116648,0.018809006343702972,11,0.31013962548327356
nuisance_corrected_mag,120.0,full_log_excluding_training,3.2571000111467656,3.6657089930415827,0.010735406529173375,11,0.4086089818948171
nuisance_corrected_mag,120.0,training_window,3.402263657330365,3.5193305244366413,0.3479334598422912,11,0.11706686710627645
nuisance_delta_lifted,5.0,common_core,3.238805131096388,3.068744680835247,-0.46529268812460156,11,-0.17006045026114114
nuisance_delta_lifted,5.0,full_log,4.646520740690365,4.290913391485253,0.28830421553116903,11,-0.35560734920511194
nuisance_delta_lifted,5.0,full_log_excluding_training,4.607336278400888,4.3062391467307295,0.30601302633974115,11,-0.3010971316701587
nuisance_delta_lifted,5.0,training_window,3.238805131096388,3.068744680835247,-0.46529268812460156,11,-0.17006045026114114
nuisance_delta_lifted,10.0,common_core,3.444269435988934,2.787662052583451,-0.6566073834054831,11,-0.6566073834054831
nuisance_delta_lifted,10.0,full_log,4.11487946698618,3.5278608375255462,-0.5393519147507222,11,-0.5870186294606334
nuisance_delta_lifted,10.0,full_log_excluding_training,4.121989761711754,3.4922988658260614,-0.5437275394080823,11,-0.6296908958856928
nuisance_delta_lifted,10.0,training_window,3.4885513406390913,3.0849984748719637,-0.5813270158939758,11,-0.4035528657671277
nuisance_delta_lifted,20.0,common_core,2.8854614760221136,2.5371972101871205,-0.6598315317313768,11,-0.34826426583499304
nuisance_delta_lifted,20.0,full_log,3.609820693975905,3.626290783674433,0.22500153725004912,11,0.0164700896985277
nuisance_delta_lifted,20.0,full_log_excluding_training,3.572581407845915,3.62002092933787,0.20661822043627387,11,0.04743952149195518
nuisance_delta_lifted,20.0,training_window,3.5010793493921577,2.8828684650657452,-0.406350212726613,11,-0.6182108843264125
nuisance_delta_lifted,40.0,common_core,2.8776698475032774,2.2928767459133166,-0.4723911560959766,11,-0.5847931015899608
nuisance_delta_lifted,40.0,full_log,3.428681550884853,3.128408413740269,-0.00026609987561254655,11,-0.3002731371445839
nuisance_delta_lifted,40.0,full_log_excluding_training,3.3620023586299643,3.141056313261541,0.036046071413049496,11,-0.22094604536842333
nuisance_delta_lifted,40.0,training_window,3.100910763075147,2.8805052602789374,-0.1807647688410916,11,-0.22040550279620952
nuisance_delta_lifted,120.0,common_core,2.9268176279677847,2.2574931429015876,-0.44424325826221134,11,-0.669324485066197
nuisance_delta_lifted,120.0,full_log,3.2258738955106443,3.3658077980488903,-0.12535801711945682,11,0.139933902538246
nuisance_delta_lifted,120.0,full_log_excluding_training,3.158787974448672,3.0953991678676935,-0.10330310122933417,11,-0.06338880658097867
nuisance_delta_lifted,120.0,training_window,3.1755936792625885,3.3567383314388564,0.05656484085461244,11,0.18114465217626785
solved,5.0,common_core,3.341137142874056,3.0167083187814328,-0.34536851655730505,11,-0.3244288240926232
solved,5.0,full_log,4.519612582543372,3.9755680528852397,0.12851077187148352,11,-0.5440445296581324
solved,5.0,full_log_excluding_training,4.508902469682477,3.9964053170923406,0.12563490379691178,11,-0.5124971525901363
solved,5.0,training_window,3.341137142874056,3.0167083187814328,-0.34536851655730505,11,-0.3244288240926232
solved,10.0,common_core,3.521813294833243,2.744793492852339,-0.47900474910502355,11,-0.777019801980904
solved,10.0,full_log,4.1700350790484855,3.203406792403393,-0.5829578691011199,11,-0.9666282866450926
solved,10.0,full_log_excluding_training,4.177486747309152,3.1894834154931866,-0.5964230265179835,11,-0.9880033318159658
solved,10.0,training_window,3.6030538832890215,2.919115094830053,-0.6806584205625468,11,-0.6839387884589687
solved,20.0,common_core,2.882881559454887,2.49079233164758,-0.5212789095627857,11,-0.39208922780730715
solved,20.0,full_log,3.68237687867215,3.3587571063607995,-0.03653209995007689,11,-0.3236197723113503
solved,20.0,full_log_excluding_training,3.67756208018898,3.3534841088518803,-0.034068226932850276,11,-0.3240779713370996
solved,20.0,training_window,3.5189178937263335,2.835477390150281,-0.1895212843322116,11,-0.6834405035760525
solved,40.0,common_core,3.099893943436806,2.113885399214022,-0.6498149798168626,11,-0.9860085442227837
solved,40.0,full_log,3.2867471730719693,2.931038771706713,-0.5281131165666504,11,-0.3557084013652565
solved,40.0,full_log_excluding_training,3.2755483957425513,2.9797200471246645,-0.5024794482026005,11,-0.29582834861788676
solved,40.0,training_window,3.0853852871895064,2.5977696572583984,-0.583075673317432,11,-0.4876156299311081
solved,120.0,common_core,2.711705553228742,2.0051458431354803,-0.4644048555216358,11,-0.7065597100932619
solved,120.0,full_log,3.2390040140823975,2.645076722692277,-0.2996959877066385,11,-0.5939272913901203
solved,120.0,full_log_excluding_training,3.1850696899221003,2.5902159330967036,-0.42960915314677717,11,-0.5948537568253967
solved,120.0,training_window,3.1050095913931006,2.7318138519460975,-0.2959409773110053,11,-0.3731957394470031
