trainer,aligned_nrmse_std_median,aligned_rmse_median,anchored_rmse_median,evaluation_logs,pair_type,train_log
self-supervised,0.15125468428724687,3.3182859338948463,7.286896444905687,1,diagonal,log-0049
self-supervised,0.6406378273680173,15.233071276722553,27.415656360991967,19,transfer,log-0049
self-supervised,0.21975357652925065,3.8513822463077063,4.130485000371445,1,diagonal,log-0054
self-supervised,0.6289820898355156,15.20243481192078,27.303144369869305,19,transfer,log-0054
self-supervised,0.17064004257270543,3.7818455459353584,4.625381742210358,1,diagonal,log-0056
self-supervised,0.6390477067082758,15.375735329569466,27.903764894532365,19,transfer,log-0056
self-supervised,0.17484203993523886,4.03226422442719,4.03845233616428,1,diagonal,log-0058
self-supervised,0.6271395418276846,15.149524454030805,27.501257935139492,19,transfer,log-0058
self-supervised,0.19923295507071298,4.15304997503975,4.446809177460013,1,diagonal,log-0072_184
self-supervised,0.642720584760537,15.304772496341746,27.70105458835459,19,transfer,log-0072_184
self-supervised,0.30693593390119245,8.715145070913326,9.306647906532156,1,diagonal,log-0078-valid
self-supervised,0.5975083175984791,11.874601288484591,15.116963594679264,19,transfer,log-0078-valid
self-supervised,0.3735513764774252,10.802557944090216,13.668476093827989,1,diagonal,log-0080-valid
self-supervised,0.5959870311269718,12.470755372439829,14.147609930729194,19,transfer,log-0080-valid
self-supervised,0.6306124014740979,13.19527537157912,13.418815023004555,1,diagonal,log-0081
self-supervised,0.46729289193154666,10.982823155721654,14.695401324425193,19,transfer,log-0081
self-supervised,0.37703291156854485,9.994092810050166,9.997206888897017,1,diagonal,log-0098
self-supervised,0.5627083518358348,10.935117535116689,13.893310602350187,19,transfer,log-0098
self-supervised,0.6461437422582638,12.86091818097745,12.930521628652436,1,diagonal,log-0099
self-supervised,0.40725724722806517,9.43601748144361,13.22576538015888,19,transfer,log-0099
self-supervised,0.2423301968060937,7.446743912850886,10.829931266823966,1,diagonal,log-0116
self-supervised,0.4703301397649214,9.411160194255693,12.984407513675547,19,transfer,log-0116
self-supervised,0.20129156524751948,5.202057071266257,12.867618777623298,1,diagonal,log-0117
self-supervised,0.46701905592794174,9.594893369653912,12.929738600498606,19,transfer,log-0117
self-supervised,0.24623513031720182,8.05369051134562,13.162352319858124,1,diagonal,log-0125
self-supervised,0.34758513065587116,7.890008668862197,10.796306652928756,19,transfer,log-0125
self-supervised,0.19854681793962173,7.201568114674277,54.05836520578254,1,diagonal,log-0126
self-supervised,0.33101940705271643,8.16431191830056,13.653358343462486,19,transfer,log-0126
self-supervised,0.28038423691944275,8.867341451986306,11.451963388823284,1,diagonal,log-0129
self-supervised,0.5129146057367526,10.297462516204002,13.35209016758463,19,transfer,log-0129
self-supervised,0.49321662621265555,8.867546008779039,14.488743006468512,1,diagonal,log-0145-filtered-c01
self-supervised,0.44546300113726994,9.401616825141549,14.475364249676657,19,transfer,log-0145-filtered-c01
self-supervised,0.7553508873111844,13.186141104921704,27.85195183894544,1,diagonal,log-0147-filtered-c02
self-supervised,0.810493473596253,19.854302813468976,39.20103449860074,19,transfer,log-0147-filtered-c02
self-supervised,0.4883082386344521,9.622179092328158,12.500756770264516,1,diagonal,log-0151-filtered-c01
self-supervised,0.43730531705834264,8.704778126704964,13.5540954608127,19,transfer,log-0151-filtered-c01
self-supervised,0.4155219529301782,5.887135821611689,10.632842875873523,1,diagonal,log-0152-filtered-c02
self-supervised,0.5262456069375862,13.044494609074064,16.11637116211809,19,transfer,log-0152-filtered-c02
self-supervised,0.18827910951343943,5.021865794286215,13.398833742613762,1,diagonal,log-0155-filtered-c01
self-supervised,0.551869207700418,12.919576727134684,17.02085172620442,19,transfer,log-0155-filtered-c01
oracle-power,0.11826476714134214,2.594539898911108,2.5945398989111075,1,diagonal,log-0049
oracle-power,0.6186691862734113,15.030493279121902,20.85102635927252,19,transfer,log-0049
oracle-power,0.15638548441583158,2.7407985242924777,2.7407985242924777,1,diagonal,log-0054
oracle-power,0.619405194985423,15.150751306604231,20.144564998957843,19,transfer,log-0054
oracle-power,0.15193497586607943,3.36729060241595,3.36729060241595,1,diagonal,log-0056
oracle-power,0.6400815881380253,15.490084878412311,20.987497733056262,19,transfer,log-0056
oracle-power,0.14294884145038883,3.296732865375042,3.2967328653750414,1,diagonal,log-0058
oracle-power,0.6043634615081096,14.909816899634931,20.621037102424552,19,transfer,log-0058
oracle-power,0.12521055296548586,2.6100385033362614,2.610038503336262,1,diagonal,log-0072_184
oracle-power,0.6231970376200485,15.189836878342438,19.606999911934015,19,transfer,log-0072_184
oracle-power,0.24480915178131188,6.9511159718047075,6.951115971804706,1,diagonal,log-0078-valid
oracle-power,0.49424243560911885,10.40646069171639,49.219073281221235,19,transfer,log-0078-valid
oracle-power,0.25181177773509794,7.282027296055627,7.282027296055627,1,diagonal,log-0080-valid
oracle-power,0.4544985047499889,8.741916572784,35.021873414136685,19,transfer,log-0080-valid
oracle-power,0.40692268665433234,8.514670648397114,8.514670648397116,1,diagonal,log-0081
oracle-power,0.606225662714005,10.772386852852755,47.59185434035036,19,transfer,log-0081
oracle-power,0.30243080302285485,8.016598607941193,8.016598607941193,1,diagonal,log-0098
oracle-power,0.5222607451987964,10.147075616782628,38.857206113517925,19,transfer,log-0098
oracle-power,0.44453627110770066,8.848100255852675,8.84810025585278,1,diagonal,log-0099
oracle-power,0.6291511974930541,11.041529633060694,44.386913034318844,19,transfer,log-0099
oracle-power,0.17574863918402764,5.400709966338683,5.400709966338682,1,diagonal,log-0116
oracle-power,0.3768860451359672,8.737121472999023,24.801234445744242,19,transfer,log-0116
oracle-power,0.1402800579400749,3.6253126973674794,3.6253126973674794,1,diagonal,log-0117
oracle-power,0.40706292422786333,8.690720730423937,26.688377009730857,19,transfer,log-0117
oracle-power,0.2025272266833921,6.624122243353313,6.624122243353313,1,diagonal,log-0125
oracle-power,0.35232336805067654,8.747637546458906,23.71441984522606,19,transfer,log-0125
oracle-power,0.15944172752635347,5.783172316826297,5.783172316826297,1,diagonal,log-0126
oracle-power,0.35198149993821704,8.689422088106186,24.377159653870304,19,transfer,log-0126
oracle-power,0.17312351772246834,5.47514853859346,5.47514853859346,1,diagonal,log-0129
oracle-power,0.3684040902136229,8.661895926609855,23.748767837680433,19,transfer,log-0129
oracle-power,0.19174900124176425,3.447456959643637,3.447456959643637,1,diagonal,log-0145-filtered-c01
oracle-power,0.4559990047129454,10.579860201970988,43.23226742576283,19,transfer,log-0145-filtered-c01
oracle-power,0.2280917222300858,3.9817913564605996,3.9817913564605996,1,diagonal,log-0147-filtered-c02
oracle-power,0.5055719804613572,11.863457726423583,24.201981921702817,19,transfer,log-0147-filtered-c02
oracle-power,0.25018497171925047,4.929928298616744,4.929928298616745,1,diagonal,log-0151-filtered-c01
oracle-power,0.5049741164022544,12.20700040675156,27.387501805841083,19,transfer,log-0151-filtered-c01
oracle-power,0.2741631711267457,3.884357527502604,3.884357527502604,1,diagonal,log-0152-filtered-c02
oracle-power,0.5163740874198416,11.969899951603061,27.92236057015276,19,transfer,log-0152-filtered-c02
oracle-power,0.14497442844355773,3.866823701940916,3.866823701940916,1,diagonal,log-0155-filtered-c01
oracle-power,0.4363246109490149,10.990347344336858,26.0606660090654,19,transfer,log-0155-filtered-c01
oracle-binned-median,0.117248064839081,2.5722350759930643,2.5828004713768675,1,diagonal,log-0049
oracle-binned-median,0.6236744917375664,15.221994335961357,20.968022980258,19,transfer,log-0049
oracle-binned-median,0.15459029789547837,2.7093362400261785,2.711623701420622,1,diagonal,log-0054
oracle-binned-median,0.615229827946708,15.235297596773918,20.065656759755267,19,transfer,log-0054
oracle-binned-median,0.1431624339892254,3.172867312762959,3.17312516011025,1,diagonal,log-0056
oracle-binned-median,0.6194146093971036,15.195554138094172,21.051157473397094,19,transfer,log-0056
oracle-binned-median,0.13430387871663965,3.0973599115607606,3.097471469065157,1,diagonal,log-0058
oracle-binned-median,0.6037902452813368,14.92797719652411,20.56191150068399,19,transfer,log-0058
oracle-binned-median,0.12360509082013349,2.576572330431701,2.5769494633063452,1,diagonal,log-0072_184
oracle-binned-median,0.6206864558025993,15.137094290866502,19.076205994720137,19,transfer,log-0072_184
oracle-binned-median,0.23754163113734214,6.744761844697377,6.80349726502593,1,diagonal,log-0078-valid
oracle-binned-median,0.3978180065977806,7.889240042328726,33.60464834400251,19,transfer,log-0078-valid
oracle-binned-median,0.24340067907633814,7.038790658858539,7.105254666520434,1,diagonal,log-0080-valid
oracle-binned-median,0.40917581118658686,7.848923774343196,33.74360436362707,19,transfer,log-0080-valid
oracle-binned-median,0.4019170332644161,8.409929646253444,8.411806438627744,1,diagonal,log-0081
oracle-binned-median,0.4101186162968993,7.952837353030217,34.478059146095354,19,transfer,log-0081
oracle-binned-median,0.2923051550124975,7.7481958694205435,7.8342048534151845,1,diagonal,log-0098
oracle-binned-median,0.43176096417341614,8.491995890726264,35.78980948960673,19,transfer,log-0098
oracle-binned-median,0.4416439675187173,8.790531517846397,8.797271431057952,1,diagonal,log-0099
oracle-binned-median,0.4033513884639747,8.198212683426211,35.010797030490174,19,transfer,log-0099
oracle-binned-median,0.16656063816646943,5.118365085054582,5.1381763768297235,1,diagonal,log-0116
oracle-binned-median,0.36226386136455385,8.738087201153366,24.206922594819524,19,transfer,log-0116
oracle-binned-median,0.12331705641248654,3.186931178807656,3.1916624371943243,1,diagonal,log-0117
oracle-binned-median,0.35092217506188883,7.724378368261502,25.69626246155059,19,transfer,log-0117
oracle-binned-median,0.19634663212943618,6.421971576835719,6.446300405390538,1,diagonal,log-0125
oracle-binned-median,0.31915030727694205,8.149614123677715,23.24514374754422,19,transfer,log-0125
oracle-binned-median,0.1500358717789026,5.442008899829774,5.445103115215209,1,diagonal,log-0126
oracle-binned-median,0.35080072499418713,7.840417392270498,23.079183529160165,19,transfer,log-0126
oracle-binned-median,0.16347462311809666,5.169995709635482,5.205364065244239,1,diagonal,log-0129
oracle-binned-median,0.3456842401779441,8.21218015026005,22.252893734580297,19,transfer,log-0129
oracle-binned-median,0.18313379822854303,3.2925641498019584,3.3140352596237053,1,diagonal,log-0145-filtered-c01
oracle-binned-median,0.5050231107414984,11.9048376642953,28.283827820593594,19,transfer,log-0145-filtered-c01
oracle-binned-median,0.19104406068416954,3.335051277170035,3.3521155961748805,1,diagonal,log-0147-filtered-c02
oracle-binned-median,0.514219819369024,12.530314490136327,24.5398858940023,19,transfer,log-0147-filtered-c02
oracle-binned-median,0.20363571291545324,4.012668933757712,4.027381896429526,1,diagonal,log-0151-filtered-c01
oracle-binned-median,0.5543365746041744,12.592519311729005,27.51448956433716,19,transfer,log-0151-filtered-c01
oracle-binned-median,0.24363847780418368,3.45188214506917,3.4650016271190496,1,diagonal,log-0152-filtered-c02
oracle-binned-median,0.5346829168222563,12.309946770897234,28.206181887073207,19,transfer,log-0152-filtered-c02
oracle-binned-median,0.11136643627762821,2.9704160935297805,2.9802650677237983,1,diagonal,log-0155-filtered-c01
oracle-binned-median,0.5261138690514777,13.224764347031936,24.83197877738492,19,transfer,log-0155-filtered-c01
