section,log,comparison,metric,value
summary,log148_rear,,samples,175098.0
summary,log148_rear,,dt_ms,4.9999999999954525
summary,log148_rear,,total_s,875.4899999992037
summary,log148_rear,,boring_s,676.234999999385
summary,log148_rear,,boring_pct,77.2407451826977
summary,log149_rear,,samples,240302.0
summary,log149_rear,,dt_ms,4.9999999999954525
summary,log149_rear,,total_s,1201.5099999989072
summary,log149_rear,,boring_s,868.9049999992097
summary,log149_rear,,boring_pct,72.31775016437649
summary,log150_rear,,samples,226894.0
summary,log150_rear,,dt_ms,4.9999999999954525
summary,log150_rear,,total_s,1134.4699999989682
summary,log150_rear,,boring_s,803.5299999992692
summary,log150_rear,,boring_pct,70.8286688938447
summary,log151_rear,,samples,251496.0
summary,log151_rear,,dt_ms,4.9999999999954525
summary,log151_rear,,total_s,1257.4799999988563
summary,log151_rear,,boring_s,640.4449999994175
summary,log151_rear,,boring_pct,50.93082991379584
summary,log152_rear,,samples,204294.0
summary,log152_rear,,dt_ms,4.9999999999954525
summary,log152_rear,,total_s,1021.469999999071
summary,log152_rear,,boring_s,586.1949999994669
summary,log152_rear,,boring_pct,57.38739267917805
summary,log153_rear,,samples,194901.0
summary,log153_rear,,dt_ms,4.9999999999954525
summary,log153_rear,,total_s,974.5049999991137
summary,log153_rear,,boring_s,572.2749999994795
summary,log153_rear,,boring_pct,58.72468586615769
summary,log154_rear,,samples,163698.0
summary,log154_rear,,dt_ms,4.9999999999954525
summary,log154_rear,,total_s,818.4899999992556
summary,log154_rear,,boring_s,416.21999999962145
summary,log154_rear,,boring_pct,50.85217901257193
error,log148_rear,travel/mag_model,t,1352.0
error,log148_rear,travel/mag_model,rmse,6.896657721690279
error,log148_rear,travel/mag_model,bin_rmse,6.975144258551638
error,log148_rear,travel/mag_model,mae,5.209885536027865
error,log148_rear,travel/mag_model,me,-3.830385754433443e-14
error,log148_rear,travel/mag_model,rms_travel,22.9233691648275
error,log149_rear,travel/mag_model,t,1737.0
error,log149_rear,travel/mag_model,rmse,8.733150495913398
error,log149_rear,travel/mag_model,bin_rmse,8.789648740312591
error,log149_rear,travel/mag_model,mae,7.118395267481809
error,log149_rear,travel/mag_model,me,1.2728037672195242e-13
error,log149_rear,travel/mag_model,rms_travel,23.314177778624263
error,log150_rear,travel/mag_model,t,1607.0
error,log150_rear,travel/mag_model,rmse,6.452362397022989
error,log150_rear,travel/mag_model,bin_rmse,7.076825747557134
error,log150_rear,travel/mag_model,mae,5.427257186943969
error,log150_rear,travel/mag_model,me,-2.1007581129398464e-14
error,log150_rear,travel/mag_model,rms_travel,16.872042899828433
error,log151_rear,travel/mag_model,t,1280.0
error,log151_rear,travel/mag_model,rmse,5.138214601204384
error,log151_rear,travel/mag_model,bin_rmse,5.486550123541565
error,log151_rear,travel/mag_model,mae,3.8811470817124754
error,log151_rear,travel/mag_model,me,1.59050982673872e-14
error,log151_rear,travel/mag_model,rms_travel,22.4233690760854
error,log152_rear,travel/mag_model,t,1172.0
error,log152_rear,travel/mag_model,rmse,5.571376447063119
error,log152_rear,travel/mag_model,bin_rmse,6.516713837129274
error,log152_rear,travel/mag_model,mae,4.185145716898471
error,log152_rear,travel/mag_model,me,-6.733607427041357e-14
error,log152_rear,travel/mag_model,rms_travel,17.149929498152996
error,log153_rear,travel/mag_model,t,1144.0
error,log153_rear,travel/mag_model,rmse,4.526975945302366
error,log153_rear,travel/mag_model,bin_rmse,6.81060379755499
error,log153_rear,travel/mag_model,mae,3.134507711114749
error,log153_rear,travel/mag_model,me,3.7379433638896114e-14
error,log153_rear,travel/mag_model,rms_travel,19.687394637183974
error,log154_rear,travel/mag_model,t,832.0
error,log154_rear,travel/mag_model,rmse,3.885466793073391
error,log154_rear,travel/mag_model,bin_rmse,5.489896048670021
error,log154_rear,travel/mag_model,mae,2.9225632504520522
error,log154_rear,travel/mag_model,me,5.419121763482923e-15
error,log154_rear,travel/mag_model,rms_travel,17.67073738152914
error,log148_rear,travel/mag_model/adj,t,1352.0
error,log148_rear,travel/mag_model/adj,rmse,6.8966577216902785
error,log148_rear,travel/mag_model/adj,bin_rmse,6.975144258551627
error,log148_rear,travel/mag_model/adj,mae,5.209885536027881
error,log148_rear,travel/mag_model/adj,me,1.1620271389854266e-14
error,log148_rear,travel/mag_model/adj,rms_travel,22.9233691648275
error,log149_rear,travel/mag_model/adj,t,1737.0
error,log149_rear,travel/mag_model/adj,rmse,8.733150495913398
error,log149_rear,travel/mag_model/adj,bin_rmse,8.78964874031259
error,log149_rear,travel/mag_model/adj,mae,7.118395267481799
error,log149_rear,travel/mag_model/adj,me,-8.03876063507068e-15
error,log149_rear,travel/mag_model/adj,rms_travel,23.314177778624263
error,log150_rear,travel/mag_model/adj,t,1607.0
error,log150_rear,travel/mag_model/adj,rmse,6.452362397022988
error,log150_rear,travel/mag_model/adj,bin_rmse,7.076825747557127
error,log150_rear,travel/mag_model/adj,mae,5.427257186943968
error,log150_rear,travel/mag_model/adj,me,0.0
error,log150_rear,travel/mag_model/adj,rms_travel,16.872042899828433
error,log151_rear,travel/mag_model/adj,t,1280.0
error,log151_rear,travel/mag_model/adj,rmse,5.138214601204384
error,log151_rear,travel/mag_model/adj,bin_rmse,5.4865501235415675
error,log151_rear,travel/mag_model/adj,mae,3.881147081712472
error,log151_rear,travel/mag_model/adj,me,1.8177255162728232e-15
error,log151_rear,travel/mag_model/adj,rms_travel,22.4233690760854
error,log152_rear,travel/mag_model/adj,t,1172.0
error,log152_rear,travel/mag_model/adj,rmse,5.571376447063119
error,log152_rear,travel/mag_model/adj,bin_rmse,6.516713837129277
error,log152_rear,travel/mag_model/adj,mae,4.185145716898479
error,log152_rear,travel/mag_model/adj,me,1.8059721302018755e-14
error,log152_rear,travel/mag_model/adj,rms_travel,17.149929498152996
error,log153_rear,travel/mag_model/adj,t,1144.0
error,log153_rear,travel/mag_model/adj,rmse,4.5269759453023655
error,log153_rear,travel/mag_model/adj,bin_rmse,6.810603797555003
error,log153_rear,travel/mag_model/adj,mae,3.134507711114744
error,log153_rear,travel/mag_model/adj,me,2.0342548919127137e-15
error,log153_rear,travel/mag_model/adj,rms_travel,19.687394637183974
error,log154_rear,travel/mag_model/adj,t,832.0
error,log154_rear,travel/mag_model/adj,rmse,3.885466793073391
error,log154_rear,travel/mag_model/adj,bin_rmse,5.489896048670023
error,log154_rear,travel/mag_model/adj,mae,2.922563250452052
error,log154_rear,travel/mag_model/adj,me,-1.7481037946719104e-15
error,log154_rear,travel/mag_model/adj,rms_travel,17.67073738152914
error,log148_rear,travel/solved,t,1352.0
error,log148_rear,travel/solved,rmse,6.176657002246662
error,log148_rear,travel/solved,bin_rmse,6.405320802983088
error,log148_rear,travel/solved,mae,4.769705304038909
error,log148_rear,travel/solved,me,6.240516116773588e-15
error,log148_rear,travel/solved,rms_travel,22.9233691648275
error,log149_rear,travel/solved,t,1737.0
error,log149_rear,travel/solved,rmse,8.634461123882442
error,log149_rear,travel/solved,bin_rmse,8.626107679279068
error,log149_rear,travel/solved,mae,7.0523699406331035
error,log149_rear,travel/solved,me,-1.0718347513427572e-14
error,log149_rear,travel/solved,rms_travel,23.314177778624263
error,log150_rear,travel/solved,t,1607.0
error,log150_rear,travel/solved,rmse,5.667061952940275
error,log150_rear,travel/solved,bin_rmse,5.966227722803939
error,log150_rear,travel/solved,mae,5.046672930052277
error,log150_rear,travel/solved,me,2.1731980478688065e-15
error,log150_rear,travel/solved,rms_travel,16.872042899828433
error,log151_rear,travel/solved,t,1280.0
error,log151_rear,travel/solved,rmse,5.099286382230166
error,log151_rear,travel/solved,bin_rmse,5.3618345210160605
error,log151_rear,travel/solved,mae,3.85863714469348
error,log151_rear,travel/solved,me,-2.7265882744092346e-15
error,log151_rear,travel/solved,rms_travel,22.4233690760854
error,log152_rear,travel/solved,t,1172.0
error,log152_rear,travel/solved,rmse,5.560141422402248
error,log152_rear,travel/solved,bin_rmse,6.46691413749349
error,log152_rear,travel/solved,mae,4.185314811437778
error,log152_rear,travel/solved,me,1.2784544976686817e-14
error,log152_rear,travel/solved,rms_travel,17.149929498152996
error,log153_rear,travel/solved,t,1144.0
error,log153_rear,travel/solved,rmse,4.335604536132421
error,log153_rear,travel/solved,bin_rmse,6.586663391349054
error,log153_rear,travel/solved,mae,3.0759445040761664
error,log153_rear,travel/solved,me,-5.975623744993596e-15
error,log153_rear,travel/solved,rms_travel,19.687394637183974
error,log154_rear,travel/solved,t,832.0
error,log154_rear,travel/solved,rmse,3.814700515323387
error,log154_rear,travel/solved,bin_rmse,5.265542198145317
error,log154_rear,travel/solved,mae,2.8912826300066135
error,log154_rear,travel/solved,me,2.622155692007866e-15
error,log154_rear,travel/solved,rms_travel,17.67073738152914
diagnostic_stage,log148_rear,,n,135247.0
diagnostic_stage,log148_rear,,mag_model_rmse,6.896657721690279
diagnostic_stage,log148_rear,,mag_adj_rmse,6.8966577216902785
diagnostic_stage,log148_rear,,solved_rmse,6.176657002246662
diagnostic_stage,log148_rear,,solver_delta,-0.7200007194436164
diagnostic_stage,log148_rear,,mag_anchor_pct,nan
diagnostic_stage,log148_rear,,mag_abs_anchor_pct,nan
diagnostic_stage,log148_rear,,bad_mag_pct,0.0
diagnostic_stage,log148_rear,,zvs_per_1k,84.40852662166259
diagnostic_stage,log149_rear,,n,173781.0
diagnostic_stage,log149_rear,,mag_model_rmse,8.733150495913398
diagnostic_stage,log149_rear,,mag_adj_rmse,8.733150495913398
diagnostic_stage,log149_rear,,solved_rmse,8.634461123882442
diagnostic_stage,log149_rear,,solver_delta,-0.09868937203095562
diagnostic_stage,log149_rear,,mag_anchor_pct,nan
diagnostic_stage,log149_rear,,mag_abs_anchor_pct,nan
diagnostic_stage,log149_rear,,bad_mag_pct,0.0
diagnostic_stage,log149_rear,,zvs_per_1k,80.22165829405976
diagnostic_stage,log150_rear,,n,160706.0
diagnostic_stage,log150_rear,,mag_model_rmse,6.452362397022989
diagnostic_stage,log150_rear,,mag_adj_rmse,6.452362397022988
diagnostic_stage,log150_rear,,solved_rmse,5.667061952940275
diagnostic_stage,log150_rear,,solver_delta,-0.7853004440827132
diagnostic_stage,log150_rear,,mag_anchor_pct,nan
diagnostic_stage,log150_rear,,mag_abs_anchor_pct,nan
diagnostic_stage,log150_rear,,bad_mag_pct,0.0
diagnostic_stage,log150_rear,,zvs_per_1k,66.84255721628315
diagnostic_stage,log151_rear,,n,128089.0
diagnostic_stage,log151_rear,,mag_model_rmse,5.138214601204384
diagnostic_stage,log151_rear,,mag_adj_rmse,5.138214601204384
diagnostic_stage,log151_rear,,solved_rmse,5.099286382230166
diagnostic_stage,log151_rear,,solver_delta,-0.03892821897421772
diagnostic_stage,log151_rear,,mag_anchor_pct,nan
diagnostic_stage,log151_rear,,mag_abs_anchor_pct,nan
diagnostic_stage,log151_rear,,bad_mag_pct,0.0
diagnostic_stage,log151_rear,,zvs_per_1k,82.03670885087712
diagnostic_stage,log152_rear,,n,117239.0
diagnostic_stage,log152_rear,,mag_model_rmse,5.571376447063119
diagnostic_stage,log152_rear,,mag_adj_rmse,5.571376447063119
diagnostic_stage,log152_rear,,solved_rmse,5.560141422402248
diagnostic_stage,log152_rear,,solver_delta,-0.011235024660870785
diagnostic_stage,log152_rear,,mag_anchor_pct,nan
diagnostic_stage,log152_rear,,mag_abs_anchor_pct,nan
diagnostic_stage,log152_rear,,bad_mag_pct,0.0
diagnostic_stage,log152_rear,,zvs_per_1k,78.01158317624682
diagnostic_stage,log153_rear,,n,114455.0
diagnostic_stage,log153_rear,,mag_model_rmse,4.526975945302366
diagnostic_stage,log153_rear,,mag_adj_rmse,4.5269759453023655
diagnostic_stage,log153_rear,,solved_rmse,4.335604536132421
diagnostic_stage,log153_rear,,solver_delta,-0.19137140916994433
diagnostic_stage,log153_rear,,mag_anchor_pct,nan
diagnostic_stage,log153_rear,,mag_abs_anchor_pct,nan
diagnostic_stage,log153_rear,,bad_mag_pct,0.0
diagnostic_stage,log153_rear,,zvs_per_1k,78.3452011707658
diagnostic_stage,log154_rear,,n,83244.0
diagnostic_stage,log154_rear,,mag_model_rmse,3.885466793073391
diagnostic_stage,log154_rear,,mag_adj_rmse,3.885466793073391
diagnostic_stage,log154_rear,,solved_rmse,3.814700515323387
diagnostic_stage,log154_rear,,solver_delta,-0.07076627775000421
diagnostic_stage,log154_rear,,mag_anchor_pct,nan
diagnostic_stage,log154_rear,,mag_abs_anchor_pct,nan
diagnostic_stage,log154_rear,,bad_mag_pct,0.0
diagnostic_stage,log154_rear,,zvs_per_1k,76.82235356301956
diagnostic_condition_rmse,log148_rear,,low_trav,10.114599382812187
diagnostic_condition_rmse,log148_rear,,high_trav,4.576724168688588
diagnostic_condition_rmse,log148_rear,,high_acc,4.63524456463838
diagnostic_condition_rmse,log148_rear,,low_mag,5.229863258388756
diagnostic_condition_rmse,log148_rear,,high_mag,nan
diagnostic_condition_rmse,log148_rear,,bad_mag,nan
diagnostic_condition_rmse,log148_rear,,zv,7.135054004786434
diagnostic_condition_rmse,log149_rear,,low_trav,11.674299731087105
diagnostic_condition_rmse,log149_rear,,high_trav,7.048427888360109
diagnostic_condition_rmse,log149_rear,,high_acc,7.697980185732747
diagnostic_condition_rmse,log149_rear,,low_mag,9.488161586544965
diagnostic_condition_rmse,log149_rear,,high_mag,nan
diagnostic_condition_rmse,log149_rear,,bad_mag,nan
diagnostic_condition_rmse,log149_rear,,zv,9.778854868224046
diagnostic_condition_rmse,log150_rear,,low_trav,6.86321074461172
diagnostic_condition_rmse,log150_rear,,high_trav,5.573365712025321
diagnostic_condition_rmse,log150_rear,,high_acc,5.939066521166574
diagnostic_condition_rmse,log150_rear,,low_mag,6.307313106439147
diagnostic_condition_rmse,log150_rear,,high_mag,nan
diagnostic_condition_rmse,log150_rear,,bad_mag,nan
diagnostic_condition_rmse,log150_rear,,zv,5.553508153720077
diagnostic_condition_rmse,log151_rear,,low_trav,7.771243469425924
diagnostic_condition_rmse,log151_rear,,high_trav,5.08225471673243
diagnostic_condition_rmse,log151_rear,,high_acc,4.385307744534821
diagnostic_condition_rmse,log151_rear,,low_mag,4.977198942016015
diagnostic_condition_rmse,log151_rear,,high_mag,nan
diagnostic_condition_rmse,log151_rear,,bad_mag,nan
diagnostic_condition_rmse,log151_rear,,zv,5.647094279669837
diagnostic_condition_rmse,log152_rear,,low_trav,10.30827484785494
diagnostic_condition_rmse,log152_rear,,high_trav,4.91914373568796
diagnostic_condition_rmse,log152_rear,,high_acc,5.50763807323602
diagnostic_condition_rmse,log152_rear,,low_mag,6.330821057014766
diagnostic_condition_rmse,log152_rear,,high_mag,nan
diagnostic_condition_rmse,log152_rear,,bad_mag,nan
diagnostic_condition_rmse,log152_rear,,zv,5.833387470697606
diagnostic_condition_rmse,log153_rear,,low_trav,7.274243245794116
diagnostic_condition_rmse,log153_rear,,high_trav,6.701285298275923
diagnostic_condition_rmse,log153_rear,,high_acc,4.750874526823906
diagnostic_condition_rmse,log153_rear,,low_mag,4.778847026526425
diagnostic_condition_rmse,log153_rear,,high_mag,nan
diagnostic_condition_rmse,log153_rear,,bad_mag,nan
diagnostic_condition_rmse,log153_rear,,zv,4.442210727013598
diagnostic_condition_rmse,log154_rear,,low_trav,4.021160006160965
diagnostic_condition_rmse,log154_rear,,high_trav,10.136588931455892
diagnostic_condition_rmse,log154_rear,,high_acc,4.887798076738511
diagnostic_condition_rmse,log154_rear,,low_mag,4.328027319317203
diagnostic_condition_rmse,log154_rear,,high_mag,nan
diagnostic_condition_rmse,log154_rear,,bad_mag,nan
diagnostic_condition_rmse,log154_rear,,zv,3.5064734196271017
diagnostic_condition_occurrence,log148_rear,,low_trav,24.331038766109415
diagnostic_condition_occurrence,log148_rear,,high_trav,1.1734086523176115
diagnostic_condition_occurrence,log148_rear,,high_acc,20.0004436327608
diagnostic_condition_occurrence,log148_rear,,low_mag,20.0004436327608
diagnostic_condition_occurrence,log148_rear,,high_mag,0.0
diagnostic_condition_occurrence,log148_rear,,bad_mag,0.0
diagnostic_condition_occurrence,log148_rear,,zv,8.44085266216626
diagnostic_condition_occurrence,log149_rear,,low_trav,28.891535898631037
diagnostic_condition_occurrence,log149_rear,,high_trav,0.9189727300452869
diagnostic_condition_occurrence,log149_rear,,high_acc,19.999884912619905
diagnostic_condition_occurrence,log149_rear,,low_mag,19.999884912619905
diagnostic_condition_occurrence,log149_rear,,high_mag,0.0
diagnostic_condition_occurrence,log149_rear,,bad_mag,0.0
diagnostic_condition_occurrence,log149_rear,,zv,8.022165829405976
diagnostic_condition_occurrence,log150_rear,,low_trav,13.383445546525955
diagnostic_condition_occurrence,log150_rear,,high_trav,0.6844797331773549
diagnostic_condition_occurrence,log150_rear,,high_acc,19.999875549139425
diagnostic_condition_occurrence,log150_rear,,low_mag,19.999875549139425
diagnostic_condition_occurrence,log150_rear,,high_mag,0.0
diagnostic_condition_occurrence,log150_rear,,bad_mag,0.0
diagnostic_condition_occurrence,log150_rear,,zv,6.684255721628316
diagnostic_condition_occurrence,log151_rear,,low_trav,23.329872198237165
diagnostic_condition_occurrence,log151_rear,,high_trav,1.2795790426968747
diagnostic_condition_occurrence,log151_rear,,high_acc,20.00015614143291
diagnostic_condition_occurrence,log151_rear,,low_mag,20.00015614143291
diagnostic_condition_occurrence,log151_rear,,high_mag,0.0
diagnostic_condition_occurrence,log151_rear,,bad_mag,0.0
diagnostic_condition_occurrence,log151_rear,,zv,8.203670885087712
diagnostic_condition_occurrence,log152_rear,,low_trav,14.023490476718498
diagnostic_condition_occurrence,log152_rear,,high_trav,0.8981652862955161
diagnostic_condition_occurrence,log152_rear,,high_acc,20.0001705916973
diagnostic_condition_occurrence,log152_rear,,low_mag,20.0001705916973
diagnostic_condition_occurrence,log152_rear,,high_mag,0.0
diagnostic_condition_occurrence,log152_rear,,bad_mag,0.0
diagnostic_condition_occurrence,log152_rear,,zv,7.801158317624682
diagnostic_condition_occurrence,log153_rear,,low_trav,15.614870473111703
diagnostic_condition_occurrence,log153_rear,,high_trav,1.881962343279018
diagnostic_condition_occurrence,log153_rear,,high_acc,20.0
diagnostic_condition_occurrence,log153_rear,,low_mag,20.0
diagnostic_condition_occurrence,log153_rear,,high_mag,0.0
diagnostic_condition_occurrence,log153_rear,,bad_mag,0.0
diagnostic_condition_occurrence,log153_rear,,zv,7.834520117076581
diagnostic_condition_occurrence,log154_rear,,low_trav,16.669069242227668
diagnostic_condition_occurrence,log154_rear,,high_trav,0.6571044159338811
diagnostic_condition_occurrence,log154_rear,,high_acc,20.0002402575561
diagnostic_condition_occurrence,log154_rear,,low_mag,20.0002402575561
diagnostic_condition_occurrence,log154_rear,,high_mag,0.0
diagnostic_condition_occurrence,log154_rear,,bad_mag,0.0
diagnostic_condition_occurrence,log154_rear,,zv,7.682235356301955
diagnostic_solver_delta,log148_rear,,all_d,-0.7200007194436164
diagnostic_solver_delta,log148_rear,,low_trav_d,-1.491660312720569
diagnostic_solver_delta,log148_rear,,high_trav_d,-0.08737968305307753
diagnostic_solver_delta,log148_rear,,anchor_off_d,nan
diagnostic_solver_delta,log148_rear,,anchor_on_d,nan
diagnostic_solver_delta,log148_rear,,bad_mag_d,nan
diagnostic_solver_delta,log148_rear,,zv_d,-0.9982773015679962
diagnostic_solver_delta,log149_rear,,all_d,-0.09868937203095562
diagnostic_solver_delta,log149_rear,,low_trav_d,-0.19627179778842851
diagnostic_solver_delta,log149_rear,,high_trav_d,-0.21566091764205542
diagnostic_solver_delta,log149_rear,,anchor_off_d,nan
diagnostic_solver_delta,log149_rear,,anchor_on_d,nan
diagnostic_solver_delta,log149_rear,,bad_mag_d,nan
diagnostic_solver_delta,log149_rear,,zv_d,-0.13342699103959177
diagnostic_solver_delta,log150_rear,,all_d,-0.7853004440827132
diagnostic_solver_delta,log150_rear,,low_trav_d,-3.7807694812559323
diagnostic_solver_delta,log150_rear,,high_trav_d,-0.17370168391726004
diagnostic_solver_delta,log150_rear,,anchor_off_d,nan
diagnostic_solver_delta,log150_rear,,anchor_on_d,nan
diagnostic_solver_delta,log150_rear,,bad_mag_d,nan
diagnostic_solver_delta,log150_rear,,zv_d,-1.4626860866415967
diagnostic_solver_delta,log151_rear,,all_d,-0.03892821897421772
diagnostic_solver_delta,log151_rear,,low_trav_d,-0.06743095007190103
diagnostic_solver_delta,log151_rear,,high_trav_d,-0.22231543133616505
diagnostic_solver_delta,log151_rear,,anchor_off_d,nan
diagnostic_solver_delta,log151_rear,,anchor_on_d,nan
diagnostic_solver_delta,log151_rear,,bad_mag_d,nan
diagnostic_solver_delta,log151_rear,,zv_d,-0.055990755852175944
diagnostic_solver_delta,log152_rear,,all_d,-0.011235024660870785
diagnostic_solver_delta,log152_rear,,low_trav_d,-0.041549479738852924
diagnostic_solver_delta,log152_rear,,high_trav_d,-0.0708712801648419
diagnostic_solver_delta,log152_rear,,anchor_off_d,nan
diagnostic_solver_delta,log152_rear,,anchor_on_d,nan
diagnostic_solver_delta,log152_rear,,bad_mag_d,nan
diagnostic_solver_delta,log152_rear,,zv_d,-0.02452827899648735
diagnostic_solver_delta,log153_rear,,all_d,-0.19137140916994433
diagnostic_solver_delta,log153_rear,,low_trav_d,-0.6396105193541759
diagnostic_solver_delta,log153_rear,,high_trav_d,-0.1334041994497719
diagnostic_solver_delta,log153_rear,,anchor_off_d,nan
diagnostic_solver_delta,log153_rear,,anchor_on_d,nan
diagnostic_solver_delta,log153_rear,,bad_mag_d,nan
diagnostic_solver_delta,log153_rear,,zv_d,-0.26842330681360504
diagnostic_solver_delta,log154_rear,,all_d,-0.07076627775000421
diagnostic_solver_delta,log154_rear,,low_trav_d,-0.04814347897869542
diagnostic_solver_delta,log154_rear,,high_trav_d,-0.42798399050168356
diagnostic_solver_delta,log154_rear,,anchor_off_d,nan
diagnostic_solver_delta,log154_rear,,anchor_on_d,nan
diagnostic_solver_delta,log154_rear,,bad_mag_d,nan
diagnostic_solver_delta,log154_rear,,zv_d,-0.056202703703775114
diagnostic_binned_summary,log148_rear,,range_pct,100.0
diagnostic_binned_summary,log148_rear,,eligible_bins,5.0
diagnostic_binned_summary,log148_rear,,mag_adj_bin_rmse,6.975144258551627
diagnostic_binned_summary,log148_rear,,solved_bin_rmse,6.405320802983088
diagnostic_binned_summary,log149_rear,,range_pct,100.0
diagnostic_binned_summary,log149_rear,,eligible_bins,5.0
diagnostic_binned_summary,log149_rear,,mag_adj_bin_rmse,8.78964874031259
diagnostic_binned_summary,log149_rear,,solved_bin_rmse,8.626107679279068
diagnostic_binned_summary,log150_rear,,range_pct,100.0
diagnostic_binned_summary,log150_rear,,eligible_bins,5.0
diagnostic_binned_summary,log150_rear,,mag_adj_bin_rmse,7.076825747557127
diagnostic_binned_summary,log150_rear,,solved_bin_rmse,5.966227722803939
diagnostic_binned_summary,log151_rear,,range_pct,100.0
diagnostic_binned_summary,log151_rear,,eligible_bins,5.0
diagnostic_binned_summary,log151_rear,,mag_adj_bin_rmse,5.4865501235415675
diagnostic_binned_summary,log151_rear,,solved_bin_rmse,5.3618345210160605
diagnostic_binned_summary,log152_rear,,range_pct,100.0
diagnostic_binned_summary,log152_rear,,eligible_bins,5.0
diagnostic_binned_summary,log152_rear,,mag_adj_bin_rmse,6.516713837129277
diagnostic_binned_summary,log152_rear,,solved_bin_rmse,6.46691413749349
diagnostic_binned_summary,log153_rear,,range_pct,100.0
diagnostic_binned_summary,log153_rear,,eligible_bins,5.0
diagnostic_binned_summary,log153_rear,,mag_adj_bin_rmse,6.810603797555003
diagnostic_binned_summary,log153_rear,,solved_bin_rmse,6.586663391349054
diagnostic_binned_summary,log154_rear,,range_pct,100.0
diagnostic_binned_summary,log154_rear,,eligible_bins,4.0
diagnostic_binned_summary,log154_rear,,mag_adj_bin_rmse,5.489896048670023
diagnostic_binned_summary,log154_rear,,solved_bin_rmse,5.265542198145317
diagnostic_binned_occurrence,log148_rear,,bin0_pct,24.331038766109415
diagnostic_binned_occurrence,log148_rear,,bin1_pct,58.253417820728004
diagnostic_binned_occurrence,log148_rear,,bin2_pct,15.289063713058331
diagnostic_binned_occurrence,log148_rear,,bin3_pct,1.9482872078493423
diagnostic_binned_occurrence,log148_rear,,bin4_pct,0.17819249225491138
diagnostic_binned_occurrence,log149_rear,,bin0_pct,28.891535898631037
diagnostic_binned_occurrence,log149_rear,,bin1_pct,56.66902595795858
diagnostic_binned_occurrence,log149_rear,,bin2_pct,12.774123753459815
diagnostic_binned_occurrence,log149_rear,,bin3_pct,1.4777219603984324
diagnostic_binned_occurrence,log149_rear,,bin4_pct,0.18759242955213745
diagnostic_binned_occurrence,log150_rear,,bin0_pct,13.383445546525953
diagnostic_binned_occurrence,log150_rear,,bin1_pct,70.94134630940972
diagnostic_binned_occurrence,log150_rear,,bin2_pct,14.362251564969572
diagnostic_binned_occurrence,log150_rear,,bin3_pct,1.2109068734210298
diagnostic_binned_occurrence,log150_rear,,bin4_pct,0.10204970567371473
diagnostic_binned_occurrence,log151_rear,,bin0_pct,23.32987219823716
diagnostic_binned_occurrence,log151_rear,,bin1_pct,58.26495639750486
diagnostic_binned_occurrence,log151_rear,,bin2_pct,16.15907689184864
diagnostic_binned_occurrence,log151_rear,,bin3_pct,2.037645699474584
diagnostic_binned_occurrence,log151_rear,,bin4_pct,0.2084488129347563
diagnostic_binned_occurrence,log152_rear,,bin0_pct,14.023490476718498
diagnostic_binned_occurrence,log152_rear,,bin1_pct,68.62221615673965
diagnostic_binned_occurrence,log152_rear,,bin2_pct,15.547727292112693
diagnostic_binned_occurrence,log152_rear,,bin3_pct,1.6871518863176929
diagnostic_binned_occurrence,log152_rear,,bin4_pct,0.11941418811146462
diagnostic_binned_occurrence,log153_rear,,bin0_pct,15.614870473111703
diagnostic_binned_occurrence,log153_rear,,bin1_pct,62.955746800052424
diagnostic_binned_occurrence,log153_rear,,bin2_pct,18.215019003101656
diagnostic_binned_occurrence,log153_rear,,bin3_pct,2.929535625354943
diagnostic_binned_occurrence,log153_rear,,bin4_pct,0.2848280983792757
diagnostic_binned_occurrence,log154_rear,,bin0_pct,16.669069242227668
diagnostic_binned_occurrence,log154_rear,,bin1_pct,63.615395704194896
diagnostic_binned_occurrence,log154_rear,,bin2_pct,18.325645091538128
diagnostic_binned_occurrence,log154_rear,,bin3_pct,1.2853779251357456
diagnostic_binned_occurrence,log154_rear,,bin4_pct,0.10451203690356062
diagnostic_mag_adj_bins,log148_rear,,bin0_rmse,11.606259695532756
diagnostic_mag_adj_bins,log148_rear,,bin1_rmse,4.175678715651228
diagnostic_mag_adj_bins,log148_rear,,bin2_rmse,5.230669791006628
diagnostic_mag_adj_bins,log148_rear,,bin3_rmse,4.3488500212931624
diagnostic_mag_adj_bins,log148_rear,,bin4_rmse,6.696956570807886
diagnostic_mag_adj_bins,log149_rear,,bin0_rmse,11.870571528875534
diagnostic_mag_adj_bins,log149_rear,,bin1_rmse,6.85964045569788
diagnostic_mag_adj_bins,log149_rear,,bin2_rmse,7.862207485639224
diagnostic_mag_adj_bins,log149_rear,,bin3_rmse,7.568316644289955
diagnostic_mag_adj_bins,log149_rear,,bin4_rmse,8.901166547780031
diagnostic_mag_adj_bins,log150_rear,,bin0_rmse,10.643980225867653
diagnostic_mag_adj_bins,log150_rear,,bin1_rmse,5.4644344443297515
diagnostic_mag_adj_bins,log150_rear,,bin2_rmse,5.8021745679975005
diagnostic_mag_adj_bins,log150_rear,,bin3_rmse,5.830858999479065
diagnostic_mag_adj_bins,log150_rear,,bin4_rmse,6.291963769132454
diagnostic_mag_adj_bins,log151_rear,,bin0_rmse,7.838674419497825
diagnostic_mag_adj_bins,log151_rear,,bin1_rmse,3.7531806951580178
diagnostic_mag_adj_bins,log151_rear,,bin2_rmse,4.4953619315498115
diagnostic_mag_adj_bins,log151_rear,,bin3_rmse,5.118303058534965
diagnostic_mag_adj_bins,log151_rear,,bin4_rmse,5.345528431374946
diagnostic_mag_adj_bins,log152_rear,,bin0_rmse,10.349824327593794
diagnostic_mag_adj_bins,log152_rear,,bin1_rmse,3.725618471111104
diagnostic_mag_adj_bins,log152_rear,,bin2_rmse,6.164692663564134
diagnostic_mag_adj_bins,log152_rear,,bin3_rmse,5.765590986548259
diagnostic_mag_adj_bins,log152_rear,,bin4_rmse,4.482546654576661
diagnostic_mag_adj_bins,log153_rear,,bin0_rmse,7.913853765148292
diagnostic_mag_adj_bins,log153_rear,,bin1_rmse,3.251599398257058
diagnostic_mag_adj_bins,log153_rear,,bin2_rmse,3.9648778206932556
diagnostic_mag_adj_bins,log153_rear,,bin3_rmse,5.455268996345208
diagnostic_mag_adj_bins,log153_rear,,bin4_rmse,10.641401431106013
diagnostic_mag_adj_bins,log154_rear,,bin0_rmse,4.069303485139661
diagnostic_mag_adj_bins,log154_rear,,bin1_rmse,3.41972752861269
diagnostic_mag_adj_bins,log154_rear,,bin2_rmse,4.531425918203857
diagnostic_mag_adj_bins,log154_rear,,bin3_rmse,8.47161415696678
diagnostic_mag_adj_bins,log154_rear,,bin4_rmse,14.229299717599185
diagnostic_solved_bins,log148_rear,,bin0_rmse,10.114599382812187
diagnostic_solved_bins,log148_rear,,bin1_rmse,3.949072448962448
diagnostic_solved_bins,log148_rear,,bin2_rmse,4.959291178423714
diagnostic_solved_bins,log148_rear,,bin3_rmse,4.134368156053746
diagnostic_solved_bins,log148_rear,,bin4_rmse,6.749282185648938
diagnostic_solved_bins,log149_rear,,bin0_rmse,11.674299731087105
diagnostic_solved_bins,log149_rear,,bin1_rmse,6.826864816133447
diagnostic_solved_bins,log149_rear,,bin2_rmse,7.819145552167656
diagnostic_solved_bins,log149_rear,,bin3_rmse,7.452420776581967
diagnostic_solved_bins,log149_rear,,bin4_rmse,8.513266026992904
diagnostic_solved_bins,log150_rear,,bin0_rmse,6.86321074461172
diagnostic_solved_bins,log150_rear,,bin1_rmse,5.413186258006826
diagnostic_solved_bins,log150_rear,,bin2_rmse,5.661058756258078
diagnostic_solved_bins,log150_rear,,bin3_rmse,5.619343552988858
diagnostic_solved_bins,log150_rear,,bin4_rmse,6.160236262077939
diagnostic_solved_bins,log151_rear,,bin0_rmse,7.771243469425924
diagnostic_solved_bins,log151_rear,,bin1_rmse,3.7488724752494367
diagnostic_solved_bins,log151_rear,,bin2_rmse,4.4331999780470195
diagnostic_solved_bins,log151_rear,,bin3_rmse,4.934717175851052
diagnostic_solved_bins,log151_rear,,bin4_rmse,5.029451421976778
diagnostic_solved_bins,log152_rear,,bin0_rmse,10.30827484785494
diagnostic_solved_bins,log152_rear,,bin1_rmse,3.7247216460727586
diagnostic_solved_bins,log152_rear,,bin2_rmse,6.167146329666185
diagnostic_solved_bins,log152_rear,,bin3_rmse,5.754792919505345
diagnostic_solved_bins,log152_rear,,bin4_rmse,4.221312027204356
diagnostic_solved_bins,log153_rear,,bin0_rmse,7.274243245794116
diagnostic_solved_bins,log153_rear,,bin1_rmse,3.2394293597978434
diagnostic_solved_bins,log153_rear,,bin2_rmse,3.9039850918945964
diagnostic_solved_bins,log153_rear,,bin3_rmse,5.355008459284068
diagnostic_solved_bins,log153_rear,,bin4_rmse,10.468760221814634
diagnostic_solved_bins,log154_rear,,bin0_rmse,4.021160006160965
diagnostic_solved_bins,log154_rear,,bin1_rmse,3.405509736110729
diagnostic_solved_bins,log154_rear,,bin2_rmse,4.342767608944281
diagnostic_solved_bins,log154_rear,,bin3_rmse,8.017286554602311
diagnostic_solved_bins,log154_rear,,bin4_rmse,13.710301262140343
pooled_correlation,,travel,corr,-0.3581555760700546
pooled_correlation,,mag,corr,0.39094728570969606
pooled_correlation,,|accel_hp|,corr,-0.07005926040661661
pooled_correlation,,|dmag|,corr,-0.033946664419024046
pooled_correlation,,|dtravel|,corr,-0.021346275470332278
