aligned_nrmse_std_log_median,aligned_rmse_log_median,anchored_rmse_log_median,duration_s,evaluation_scope,failure_rate,fixed_aligned_rmse_log_median,n_logs,prediction_to_travel_std_log_median,run,trainer,training_observations_log_median,travel_range_log_median,travel_std_log_median
0.1868603587010489,4.385905286299303,4.749473604943742,1.0,full_log,0.0,4.385905286299303,11.0,0.9875393968147674,random-window-front-v1-shorter,oracle-power,97.5,149.90437255734173,22.524702380028554
0.18715497665098596,4.391300929758437,4.756613225008035,1.0,full_log_excluding_training,0.0,4.391307735990239,11.0,0.9875305123630902,random-window-front-v1-shorter,oracle-power,97.5,149.90437255734173,22.527058952750163
0.08659919676713025,1.4054301508103708,1.4054301508103708,1.0,training_window,0.0,2.741641813203901,11.0,0.9962398234566284,random-window-front-v1-shorter,oracle-power,97.5,56.802346261178016,14.558207267403503
0.17560590299659262,3.9554707011744137,4.458290400287471,2.0,full_log,0.0,3.9554707011744137,11.0,0.9924253472424089,random-window-front-v1-shorter,oracle-power,195.0,149.90437255734173,22.524702380028554
0.17627239626292945,3.9604090904262823,4.464966364501361,2.0,full_log_excluding_training,0.0,3.9604277467823525,11.0,0.9924801347159915,random-window-front-v1-shorter,oracle-power,195.0,149.90437255734173,22.517656015060602
0.0965612944064158,1.536399098844559,1.536399098844559,2.0,training_window,0.0,2.5648071273538458,11.0,0.9952932522068378,random-window-front-v1-shorter,oracle-power,195.0,70.13976486404539,16.993911686558082
0.171968281778223,3.8707898890495,4.113749673315883,3.0,full_log,0.0,3.8707898890495,11.0,0.9957700600182365,random-window-front-v1-shorter,oracle-power,293.0,149.90437255734173,22.524702380028554
0.1721517325905111,3.88294839940315,4.121423740375423,3.0,full_log_excluding_training,0.0,3.882949935018088,11.0,0.9956933093677627,random-window-front-v1-shorter,oracle-power,293.0,149.90437255734173,22.519638692607437
0.1003001252855106,1.6420978636594068,1.642097863667586,3.0,training_window,0.0,2.455029151215856,11.0,0.9949436179289115,random-window-front-v1-shorter,oracle-power,293.0,81.43901884284485,17.637939237046968
0.16405557040406257,3.6814351378322647,4.061253779201516,4.0,full_log,0.0,3.6814351378322647,11.0,0.9802320611332199,random-window-front-v1-shorter,oracle-power,390.0,149.90437255734173,22.524702380028554
0.16414762761235338,3.6964143243479812,4.071745809008481,4.0,full_log_excluding_training,0.0,3.6964593143434943,11.0,0.9802248586806711,random-window-front-v1-shorter,oracle-power,390.0,149.90437255734173,22.49209994916999
0.09560174560008233,1.5908097884673755,1.5908097884673755,4.0,training_window,0.0,2.414768230901907,11.0,0.9954139039724388,random-window-front-v1-shorter,oracle-power,390.0,88.43425067769581,17.602470477167017
0.1675462624015323,3.7597668649609695,4.070142439531641,5.0,full_log,0.0,3.7597668649609695,11.0,0.9837480538806549,random-window-front-v1-shorter,oracle-power,488.0,149.90437255734173,22.524702380028554
0.1681136237933719,3.7782925618604084,4.094765091114346,5.0,full_log_excluding_training,0.0,3.778379037787884,11.0,0.9836550064817109,random-window-front-v1-shorter,oracle-power,488.0,149.90437255734173,22.48838338083261
0.09732935519892266,1.6578589893573525,1.6578589893576612,5.0,training_window,0.0,2.3606835519520644,11.0,0.9952521772508749,random-window-front-v1-shorter,oracle-power,488.0,96.00361137306587,17.80536702861164
0.3283792319446738,7.6687002554604335,9.47984459206995,1.0,full_log,0.18181818181818182,7.6687002554604335,11.0,0.8933833275858081,random-window-front-v1-shorter,self-supervised,3.0,149.90437255734173,22.524702380028554
0.3284007288248579,7.689210229850158,9.477417545613637,1.0,full_log_excluding_training,0.18181818181818182,7.6892800033817,11.0,0.8934325752974476,random-window-front-v1-shorter,self-supervised,3.0,149.90437255734173,22.512877785312426
0.24284084712306073,4.1748542855864486,9.170280302086919,1.0,training_window,0.18181818181818182,5.162225727689935,11.0,0.9565918555598919,random-window-front-v1-shorter,self-supervised,3.0,67.30321225744449,16.978685999480565
0.293135582010628,6.0302884272381,9.547698999382245,2.0,full_log,0.08181818181818182,6.0302884272381,11.0,0.941327422511429,random-window-front-v1-shorter,self-supervised,7.0,149.90437255734173,22.524702380028554
0.2933390904739702,6.037399900074187,9.548377162746931,2.0,full_log_excluding_training,0.08181818181818182,6.03739990117475,11.0,0.9423296293330417,random-window-front-v1-shorter,self-supervised,7.0,149.90437255734173,22.494390733491507
0.21184685949884927,3.457067680466792,9.516085376471349,2.0,training_window,0.08181818181818182,4.71175315673648,11.0,0.9747082016785522,random-window-front-v1-shorter,self-supervised,7.0,74.94458373812833,17.251584098357746
0.2342325977147669,5.565270449000338,9.266616470773101,3.0,full_log,0.07272727272727272,5.565270449000338,11.0,0.9195875573571686,random-window-front-v1-shorter,self-supervised,10.0,149.90437255734173,22.524702380028554
0.23437670613465156,5.581571937964039,9.25175215024927,3.0,full_log_excluding_training,0.07272727272727272,5.581629334283626,11.0,0.9195814596394047,random-window-front-v1-shorter,self-supervised,10.0,149.90437255734173,22.519638692607437
0.2044128251656028,3.8976257068727516,8.951158588457474,3.0,training_window,0.07272727272727272,4.166154110529254,11.0,0.9250334326851654,random-window-front-v1-shorter,self-supervised,10.0,83.26058708774372,17.637939237046968
0.2196616927869086,5.035405372049553,9.129948955648542,4.0,full_log,0.045454545454545456,5.035405372049553,11.0,0.9354274523544748,random-window-front-v1-shorter,self-supervised,11.5,149.90437255734173,22.524702380028554
0.21990964013435205,5.028914365333314,9.159304226207555,4.0,full_log_excluding_training,0.045454545454545456,5.028977251312658,11.0,0.9360041747965956,random-window-front-v1-shorter,self-supervised,11.5,149.90437255734173,22.49209994916999
0.19893224324759068,3.6445816181764754,8.600599074352573,4.0,training_window,0.045454545454545456,4.104168369778265,11.0,0.9386714799501001,random-window-front-v1-shorter,self-supervised,11.5,88.88093135557074,18.692195816731342
0.21762232624211622,4.970604255646103,8.334281137141609,5.0,full_log,0.03636363636363636,4.970604255646103,11.0,0.9321096413866645,random-window-front-v1-shorter,self-supervised,15.5,149.90437255734173,22.524702380028554
0.21755365009749278,4.986155347701725,8.366258254319568,5.0,full_log_excluding_training,0.03636363636363636,4.986182689026596,11.0,0.9317512454820731,random-window-front-v1-shorter,self-supervised,15.5,149.90437255734173,22.48838338083261
0.19493336089867996,3.607457280641988,8.765502835269718,5.0,training_window,0.03636363636363636,3.963079090203521,11.0,0.9172096904533759,random-window-front-v1-shorter,self-supervised,15.5,96.00361137306587,18.80578967895989
0.15560346122078456,3.54218626989294,3.8366724220818442,10.0,full_log,0.0,3.54218626989294,11.0,0.9518479190079155,random-window-front-v1,oracle-isotonic,976.0,149.90437255734173,22.524702380028554
0.15733107214830583,3.5657252656297285,3.8586087547984054,10.0,full_log_excluding_training,0.0,3.565794226919353,11.0,0.9510274501329775,random-window-front-v1,oracle-isotonic,976.0,149.90437255734173,22.604706452395806
0.09630282367629467,1.8029164269668732,1.802916426966873,10.0,training_window,0.0,2.161199810658219,11.0,0.9953520741108305,random-window-front-v1,oracle-isotonic,976.0,107.54200519072413,19.819635599045128
0.13324238809298256,2.9229532573182198,3.0168234808123673,120.0,full_log,0.0,2.9229532573182198,11.0,0.9893971776276058,random-window-front-v1,oracle-isotonic,11711.0,149.90437255734173,22.524702380028554
0.14641584498264532,3.2264019408634708,3.256856802790117,120.0,full_log_excluding_training,0.0,3.2342380636874606,11.0,0.9881999703026989,random-window-front-v1,oracle-isotonic,11711.0,148.7314640450589,22.13414303858061
0.10805339453933416,2.4620950328155473,2.4620950328155473,120.0,training_window,0.0,2.4818026592436104,11.0,0.9941446536885943,random-window-front-v1,oracle-isotonic,11711.0,142.1416860975866,21.521057166498586
0.14389275470331625,3.228978095285385,3.445191544073431,20.0,full_log,0.0,3.228978095285385,11.0,0.9726213292761516,random-window-front-v1,oracle-isotonic,1952.0,149.90437255734173,22.524702380028554
0.14480144343295948,3.2875043767828123,3.473867926641625,20.0,full_log_excluding_training,0.0,3.2879534674163757,11.0,0.9714601290171858,random-window-front-v1,oracle-isotonic,1952.0,149.90437255734173,22.498072701689363
0.09921879485690772,2.1446636630120453,2.144663663012045,20.0,training_window,0.0,2.300866588773596,11.0,0.9950649450236113,random-window-front-v1,oracle-isotonic,1952.0,120.06269069374967,20.131818835001138
0.1378961338647739,3.0944128951590244,3.2868450252734607,40.0,full_log,0.0,3.0944128951590244,11.0,0.982908158869908,random-window-front-v1,oracle-isotonic,3904.0,149.90437255734173,22.524702380028554
0.14061389795596585,3.1909983605413745,3.346968109952982,40.0,full_log_excluding_training,0.0,3.1912864000073142,11.0,0.9813776694384384,random-window-front-v1,oracle-isotonic,3904.0,148.7314640450589,22.45820799698266
0.10413348727519009,2.2861817810183176,2.2861817810183176,40.0,training_window,0.0,2.3476528909983037,11.0,0.9945629380334713,random-window-front-v1,oracle-isotonic,3904.0,128.48474116409312,20.6791755745095
0.17907504024464999,4.039836336511243,4.170826857566491,5.0,full_log,0.0,4.039836336511243,11.0,0.9414103161374716,random-window-front-v1,oracle-isotonic,488.0,149.90437255734173,22.524702380028554
0.1798795285454956,4.068952937622967,4.200763974232933,5.0,full_log_excluding_training,0.0,4.069089223435474,11.0,0.940120357790523,random-window-front-v1,oracle-isotonic,488.0,149.90437255734173,22.574643379384764
0.08585526581439468,1.5582903877084062,1.5582903877084062,5.0,training_window,0.0,1.971850686610177,11.0,0.9963065515603904,random-window-front-v1,oracle-isotonic,488.0,97.2151890459368,18.927690997462705
0.13715069606023814,3.0776851429715943,3.1683324300219935,60.0,full_log,0.0,3.0776851429715943,11.0,0.9846659321878743,random-window-front-v1,oracle-isotonic,5855.5,149.90437255734173,22.524702380028554
0.139059421356992,3.2215736616871746,3.3158405786130163,60.0,full_log_excluding_training,0.0,3.2237516074219315,11.0,0.9812569953871727,random-window-front-v1,oracle-isotonic,5855.5,148.7314640450589,22.513578517151423
0.11341769076639263,2.299245603707643,2.299245603707643,60.0,training_window,0.0,2.419599332452126,11.0,0.9935433048635458,random-window-front-v1,oracle-isotonic,5855.5,136.14620959402913,20.87511092084815
0.15088003518190737,3.34398185045328,3.500892694623796,10.0,full_log,0.0,3.34398185045328,11.0,0.9804631412941383,random-window-front-v1,oracle-power,976.0,149.90437255734173,22.524702380028554
0.1549113101705246,3.3629446074947866,3.5272455143654367,10.0,full_log_excluding_training,0.0,3.3629894414592787,11.0,0.9798797207276068,random-window-front-v1,oracle-power,976.0,149.90437255734173,22.604706452395806
0.11346116590260032,2.046455584201516,2.0464555842015164,10.0,training_window,0.0,2.4785011051195704,11.0,0.9935421799984299,random-window-front-v1,oracle-power,976.0,107.54200519072413,19.819635599045128
0.13899303832711032,3.007211044557444,3.0696484331684992,120.0,full_log,0.0,3.007211044557444,11.0,0.9904797181658924,random-window-front-v1,oracle-power,11711.0,149.90437255734173,22.524702380028554
0.15185012506357232,3.2881018161445006,3.454291998611494,120.0,full_log_excluding_training,0.0,3.2882282540231733,11.0,0.9899578021121221,random-window-front-v1,oracle-power,11711.0,148.7314640450589,22.13414303858061
0.12086643678075124,2.5964937240084636,2.5964937240086363,120.0,training_window,0.0,2.717617661261926,11.0,0.9926687700305821,random-window-front-v1,oracle-power,11711.0,142.1416860975866,21.521057166498586
0.14785979857337322,3.3179992401363627,3.471059396218692,20.0,full_log,0.0,3.3179992401363627,11.0,0.9812286878174836,random-window-front-v1,oracle-power,1952.0,149.90437255734173,22.524702380028554
0.15072309801987765,3.3609043401285112,3.539303179091449,20.0,full_log_excluding_training,0.0,3.3613149070116073,11.0,0.9811613527353985,random-window-front-v1,oracle-power,1952.0,149.90437255734173,22.498072701689363
0.11739696406254385,2.4853933791040355,2.4853933791040355,20.0,training_window,0.0,2.542026662963254,11.0,0.9930850674802565,random-window-front-v1,oracle-power,1952.0,120.06269069374967,20.131818835001138
0.14762241262666148,3.3126722587769386,3.5591725665375504,40.0,full_log,0.0,3.3126722587769386,11.0,0.9922527976382811,random-window-front-v1,oracle-power,3904.0,149.90437255734173,22.524702380028554
0.1501063335206576,3.3641092997238236,3.687957665368696,40.0,full_log_excluding_training,0.0,3.3660586654171882,11.0,0.9920736381316919,random-window-front-v1,oracle-power,3904.0,148.7314640450589,22.45820799698266
0.11761745569178608,2.550770282724871,2.550770282724871,40.0,training_window,0.0,2.6942515462527066,11.0,0.9930589183879974,random-window-front-v1,oracle-power,3904.0,128.48474116409312,20.6791755745095
0.1574678076752021,3.3179434041061153,3.788466779991033,5.0,full_log,0.0,3.3179434041061153,11.0,0.9822506572756866,random-window-front-v1,oracle-power,488.0,149.90437255734173,22.524702380028554
0.1574777240873098,3.3333393337756885,3.7981194596462995,5.0,full_log_excluding_training,0.0,3.333367993702357,11.0,0.9820713426820709,random-window-front-v1,oracle-power,488.0,149.90437255734173,22.574643379384764
0.10642400873307155,2.029259304518437,2.029259304518437,5.0,training_window,0.0,2.3241377077516097,11.0,0.9943196036597679,random-window-front-v1,oracle-power,488.0,97.2151890459368,18.927690997462705
0.14418241113500926,3.235478035292953,3.305914524494482,60.0,full_log,0.0,3.235478035292953,11.0,0.9885149998248492,random-window-front-v1,oracle-power,5855.5,149.90437255734173,22.524702380028554
0.1453957191388359,3.3128293995621867,3.4728270237902645,60.0,full_log_excluding_training,0.0,3.315460586766376,11.0,0.9858961161492708,random-window-front-v1,oracle-power,5855.5,148.7314640450589,22.513578517151423
0.12253989569510176,2.5341763059385256,2.5341763059385505,60.0,training_window,0.0,2.718847139211155,11.0,0.9924609659249352,random-window-front-v1,oracle-power,5855.5,136.14620959402913,20.87511092084815
0.18982219036155573,4.179077533595459,7.880631685984823,10.0,full_log,0.004545454545454545,4.179077533595459,11.0,0.9128227721950875,random-window-front-v1,self-supervised,37.0,149.90437255734173,22.524702380028554
0.19104303445503162,4.140180346947707,7.883870067140757,10.0,full_log_excluding_training,0.004545454545454545,4.141918538479839,11.0,0.9136876598326549,random-window-front-v1,self-supervised,37.0,149.90437255734173,22.604706452395806
0.17537074128888658,3.5393239519329542,7.946686901139659,10.0,training_window,0.004545454545454545,3.7850543538321006,11.0,0.9378024675535405,random-window-front-v1,self-supervised,37.0,107.54200519072413,19.819635599045128
0.18178681531635515,4.0281131074851375,8.114957260127538,120.0,full_log,0.0,4.0281131074851375,11.0,1.0605505296417537,random-window-front-v1,self-supervised,178.0,149.90437255734173,22.524702380028554
0.1963034071196848,4.051412177996677,7.487286162571424,120.0,full_log_excluding_training,0.0,4.133956874040967,11.0,1.0589177528840255,random-window-front-v1,self-supervised,178.0,148.7314640450589,22.13414303858061
0.1940021287991862,4.0726797539669635,8.418464002640343,120.0,training_window,0.0,4.0842432898602645,11.0,1.0666943905158728,random-window-front-v1,self-supervised,178.0,142.1416860975866,21.521057166498586
0.19390106468458193,3.9883194319911954,8.852156344032341,20.0,full_log,0.0,3.9883194319911954,11.0,0.9591234070515229,random-window-front-v1,self-supervised,50.0,149.90437255734173,22.524702380028554
0.19473661018054356,3.952972900779343,8.944982275281593,20.0,full_log_excluding_training,0.0,3.954081452800284,11.0,0.9602025245866135,random-window-front-v1,self-supervised,50.0,149.90437255734173,22.498072701689363
0.18524262359546206,3.543012408218754,8.084372388359533,20.0,training_window,0.0,3.8852411692277524,11.0,0.9612071109182272,random-window-front-v1,self-supervised,50.0,120.06269069374967,20.131818835001138
0.18339634019445222,3.7955643035709006,7.824042309179758,40.0,full_log,0.0,3.7955643035709006,11.0,1.019949250026841,random-window-front-v1,self-supervised,63.5,149.90437255734173,22.524702380028554
0.1839131869663426,3.835793388617312,7.883277228315585,40.0,full_log_excluding_training,0.0,3.835833920064796,11.0,1.021593841773292,random-window-front-v1,self-supervised,63.5,148.7314640450589,22.45820799698266
0.17034476453124484,3.684003676550828,7.28037379052694,40.0,training_window,0.0,3.811940968073512,11.0,1.0184984983652996,random-window-front-v1,self-supervised,63.5,128.48474116409312,20.6791755745095
0.20328586208510063,4.744524804887718,8.171848443565764,5.0,full_log,0.004545454545454545,4.744524804887718,11.0,0.9045563382833284,random-window-front-v1,self-supervised,17.5,149.90437255734173,22.524702380028554
0.20358928773327778,4.746267265740166,8.172542218297876,5.0,full_log_excluding_training,0.004545454545454545,4.7463037003686255,11.0,0.90463633477987,random-window-front-v1,self-supervised,17.5,149.90437255734173,22.574643379384764
0.18091096495075562,3.4116982354239207,8.173770896248662,5.0,training_window,0.004545454545454545,3.8894415468103514,11.0,0.9484886162090147,random-window-front-v1,self-supervised,17.5,97.2151890459368,18.927690997462705
0.17560534901709884,3.9819200771051726,7.821868806579245,60.0,full_log,0.0,3.9819200771051726,11.0,1.0263060506914563,random-window-front-v1,self-supervised,88.5,149.90437255734173,22.524702380028554
0.17396121209568977,3.9964105791746283,7.823444496527905,60.0,full_log_excluding_training,0.0,3.9993353041544215,11.0,1.0269836692228616,random-window-front-v1,self-supervised,88.5,148.7314640450589,22.513578517151423
0.17323603675619892,3.6747371567486677,7.600672246487878,60.0,training_window,0.0,3.920728718302045,11.0,1.0161317021383631,random-window-front-v1,self-supervised,88.5,136.14620959402913,20.87511092084815
0.3160476565986364,6.745691579823218,7.657119807957242,1.0,full_log,0.0,6.745691579823218,24.0,1.0154831809063043,random-window-front-v2,oracle-power,98.0,157.4201158688699,22.68625101314575
0.10943328213622502,1.9321326346557464,1.9321326346557546,1.0,training_window,0.0,3.8222630422851145,24.0,0.993993765012922,random-window-front-v2,oracle-power,98.0,65.55779552652982,16.081951208704485
0.19256499855126238,4.338537346863065,4.587791721863768,10.0,full_log,0.0,4.338537346863065,24.0,0.9732291860871555,random-window-front-v2,oracle-power,976.0,157.4201158688699,22.68625101314575
0.140713738120615,2.7450920898969744,2.7450920898969757,10.0,training_window,0.0,3.410998439379741,24.0,0.9900381418673276,random-window-front-v2,oracle-power,976.0,111.45329226683393,21.136985804842617
0.23574679097993712,5.318059856401556,5.550214427352701,2.0,full_log,0.0,5.318059856401556,24.0,1.0037980142506284,random-window-front-v2,oracle-power,195.5,157.4201158688699,22.68625101314575
0.11047025381694847,2.405514854362493,2.405514854362522,2.0,training_window,0.0,3.3458429431897976,24.0,0.9938740362130716,random-window-front-v2,oracle-power,195.5,86.232972600007,18.34715504124508
0.18295806981621682,4.292957014467994,4.419982754369142,40.0,full_log,0.0,4.292957014467994,24.0,0.9829668564451801,random-window-front-v2,oracle-power,3904.0,157.4201158688699,22.68625101314575
0.15367500773828638,3.1688011593283334,3.1688011593292726,40.0,training_window,0.0,3.554423483401501,24.0,0.9881125485955293,random-window-front-v2,oracle-power,3904.0,135.6864221730401,21.38110334939152
0.21331145066934937,4.543924692552036,5.011021138844008,5.0,full_log,0.0,4.543924692552036,24.0,0.988517865701522,random-window-front-v2,oracle-power,488.0,157.4201158688699,22.68625101314575
0.13172623056053517,2.6597144044315812,2.659714404431659,5.0,training_window,0.0,3.4516387737691274,24.0,0.9912704338593394,random-window-front-v2,oracle-power,488.0,97.21514766053053,19.773594084601456
0.3630420561096357,8.593675040689352,13.849746668223592,1.0,full_log,0.16666666666666666,8.593675040689352,24.0,0.9073473763689717,random-window-front-v2,self-supervised,2.0,157.4201158688699,22.68625101314575
0.25838771387478543,4.698493201559899,13.368955219404159,1.0,training_window,0.16666666666666666,6.092168180633319,24.0,0.958340752302568,random-window-front-v2,self-supervised,2.0,66.83604829306194,17.74711324643615
0.22150407563713093,5.14668829671831,9.613145457971715,10.0,full_log,0.0,5.14668829671831,24.0,0.9134901653158773,random-window-front-v2,self-supervised,37.5,157.4201158688699,22.68625101314575
0.19843005537936018,3.7382975272595296,9.1622670724507,10.0,training_window,0.0,4.213093205883013,24.0,0.9314550646071893,random-window-front-v2,self-supervised,37.5,111.45329226683393,21.136985804842617
0.28562773344453896,6.803953598016374,11.327010420394313,2.0,full_log,0.041666666666666664,6.803953598016374,24.0,0.913795987804912,random-window-front-v2,self-supervised,5.0,157.4201158688699,22.68625101314575
0.22158297823222362,3.975284802183003,10.09891857342628,2.0,training_window,0.041666666666666664,4.966567696165538,24.0,0.9385726357260663,random-window-front-v2,self-supervised,5.0,88.13298342320529,18.419427348593416
0.2528615776700973,5.532948036691709,10.103248447582764,40.0,full_log,0.0,5.532948036691709,24.0,0.9847244916602051,random-window-front-v2,self-supervised,52.0,157.4201158688699,22.68625101314575
0.20577012703024955,4.414613045949613,9.990988897284748,40.0,training_window,0.0,4.540186307415015,24.0,0.9820004935115157,random-window-front-v2,self-supervised,52.0,135.6864221730401,21.38110334939152
0.2634300086882263,6.047986630595746,10.857762315938038,5.0,full_log,0.008333333333333333,6.047986630595746,24.0,0.9064205456407453,random-window-front-v2,self-supervised,17.0,157.4201158688699,22.68625101314575
0.2074594886854555,4.500679994621953,10.284899979574018,5.0,training_window,0.008333333333333333,5.214706149118594,24.0,0.9349390491932821,random-window-front-v2,self-supervised,17.0,97.21514766053053,19.773594084601456
