duration_s,evaluation_scope,metric,n_logs,run,setup,trainer,value
1.0,full_log,aligned_rmse,7,random-window-front-v2,stumpjumper-pod-v1,oracle-power,6.092452318614729
1.0,full_log,aligned_nrmse_std,7,random-window-front-v2,stumpjumper-pod-v1,oracle-power,0.26525551050046936
1.0,full_log,fixed_aligned_rmse,7,random-window-front-v2,stumpjumper-pod-v1,oracle-power,6.092452318614729
1.0,full_log,aligned_rmse,11,random-window-front-v2,stumpjumper-pod-v2,oracle-power,5.543247868756998
1.0,full_log,aligned_nrmse_std,11,random-window-front-v2,stumpjumper-pod-v2,oracle-power,0.23033012847166712
1.0,full_log,fixed_aligned_rmse,11,random-window-front-v2,stumpjumper-pod-v2,oracle-power,5.543247868756998
1.0,full_log,aligned_rmse,6,random-window-front-v2,tr11-pod-v2,oracle-power,10.56758025504677
1.0,full_log,aligned_nrmse_std,6,random-window-front-v2,tr11-pod-v2,oracle-power,0.4443952835688904
1.0,full_log,fixed_aligned_rmse,6,random-window-front-v2,tr11-pod-v2,oracle-power,10.56758025504677
10.0,full_log,aligned_rmse,7,random-window-front-v2,stumpjumper-pod-v1,oracle-power,5.708724159615157
10.0,full_log,aligned_nrmse_std,7,random-window-front-v2,stumpjumper-pod-v1,oracle-power,0.24854860769913886
10.0,full_log,fixed_aligned_rmse,7,random-window-front-v2,stumpjumper-pod-v1,oracle-power,5.708724159615157
10.0,full_log,aligned_rmse,11,random-window-front-v2,stumpjumper-pod-v2,oracle-power,3.4912696451168443
10.0,full_log,aligned_nrmse_std,11,random-window-front-v2,stumpjumper-pod-v2,oracle-power,0.15558123710453092
10.0,full_log,fixed_aligned_rmse,11,random-window-front-v2,stumpjumper-pod-v2,oracle-power,3.4912696451168443
10.0,full_log,aligned_rmse,6,random-window-front-v2,tr11-pod-v2,oracle-power,8.613171407092057
10.0,full_log,aligned_nrmse_std,6,random-window-front-v2,tr11-pod-v2,oracle-power,0.30824170800462036
10.0,full_log,fixed_aligned_rmse,6,random-window-front-v2,tr11-pod-v2,oracle-power,8.613171407092057
2.0,full_log,aligned_rmse,7,random-window-front-v2,stumpjumper-pod-v1,oracle-power,5.7028381328477895
2.0,full_log,aligned_nrmse_std,7,random-window-front-v2,stumpjumper-pod-v1,oracle-power,0.24829233962294447
2.0,full_log,fixed_aligned_rmse,7,random-window-front-v2,stumpjumper-pod-v1,oracle-power,5.7028381328477895
2.0,full_log,aligned_rmse,11,random-window-front-v2,stumpjumper-pod-v2,oracle-power,4.181779544472842
2.0,full_log,aligned_nrmse_std,11,random-window-front-v2,stumpjumper-pod-v2,oracle-power,0.17236518587173316
2.0,full_log,fixed_aligned_rmse,11,random-window-front-v2,stumpjumper-pod-v2,oracle-power,4.181779544472842
2.0,full_log,aligned_rmse,6,random-window-front-v2,tr11-pod-v2,oracle-power,9.368404435203717
2.0,full_log,aligned_nrmse_std,6,random-window-front-v2,tr11-pod-v2,oracle-power,0.3390482912883379
2.0,full_log,fixed_aligned_rmse,6,random-window-front-v2,tr11-pod-v2,oracle-power,9.368404435203717
40.0,full_log,aligned_rmse,7,random-window-front-v2,stumpjumper-pod-v1,oracle-power,5.62165598885981
40.0,full_log,aligned_nrmse_std,7,random-window-front-v2,stumpjumper-pod-v1,oracle-power,0.244757800504557
40.0,full_log,fixed_aligned_rmse,7,random-window-front-v2,stumpjumper-pod-v1,oracle-power,5.62165598885981
40.0,full_log,aligned_rmse,11,random-window-front-v2,stumpjumper-pod-v2,oracle-power,3.2281615792512306
40.0,full_log,aligned_nrmse_std,11,random-window-front-v2,stumpjumper-pod-v2,oracle-power,0.14385636834888868
40.0,full_log,fixed_aligned_rmse,11,random-window-front-v2,stumpjumper-pod-v2,oracle-power,3.2281615792512306
40.0,full_log,aligned_rmse,6,random-window-front-v2,tr11-pod-v2,oracle-power,8.00277446689115
40.0,full_log,aligned_nrmse_std,6,random-window-front-v2,tr11-pod-v2,oracle-power,0.28605745325078435
40.0,full_log,fixed_aligned_rmse,6,random-window-front-v2,tr11-pod-v2,oracle-power,8.00277446689115
5.0,full_log,aligned_rmse,7,random-window-front-v2,stumpjumper-pod-v1,oracle-power,5.748272209094436
5.0,full_log,aligned_nrmse_std,7,random-window-front-v2,stumpjumper-pod-v1,oracle-power,0.25027046574665646
5.0,full_log,fixed_aligned_rmse,7,random-window-front-v2,stumpjumper-pod-v1,oracle-power,5.748272209094436
5.0,full_log,aligned_rmse,11,random-window-front-v2,stumpjumper-pod-v2,oracle-power,3.631048814253789
5.0,full_log,aligned_nrmse_std,11,random-window-front-v2,stumpjumper-pod-v2,oracle-power,0.15519579955356239
5.0,full_log,fixed_aligned_rmse,11,random-window-front-v2,stumpjumper-pod-v2,oracle-power,3.631048814253789
5.0,full_log,aligned_rmse,6,random-window-front-v2,tr11-pod-v2,oracle-power,9.227055842811895
5.0,full_log,aligned_nrmse_std,6,random-window-front-v2,tr11-pod-v2,oracle-power,0.3998183038086207
5.0,full_log,fixed_aligned_rmse,6,random-window-front-v2,tr11-pod-v2,oracle-power,9.227055842811895
1.0,training_window,aligned_rmse,7,random-window-front-v2,stumpjumper-pod-v1,oracle-power,2.5794356833947556
1.0,training_window,aligned_nrmse_std,7,random-window-front-v2,stumpjumper-pod-v1,oracle-power,0.12421746065463331
1.0,training_window,fixed_aligned_rmse,7,random-window-front-v2,stumpjumper-pod-v1,oracle-power,3.889373894939654
1.0,training_window,aligned_rmse,11,random-window-front-v2,stumpjumper-pod-v2,oracle-power,1.1892372208373012
1.0,training_window,aligned_nrmse_std,11,random-window-front-v2,stumpjumper-pod-v2,oracle-power,0.09237452885849601
1.0,training_window,fixed_aligned_rmse,11,random-window-front-v2,stumpjumper-pod-v2,oracle-power,3.159882616353141
1.0,training_window,aligned_rmse,6,random-window-front-v2,tr11-pod-v2,oracle-power,2.5200646249161966
1.0,training_window,aligned_nrmse_std,6,random-window-front-v2,tr11-pod-v2,oracle-power,0.11126620635218748
1.0,training_window,fixed_aligned_rmse,6,random-window-front-v2,tr11-pod-v2,oracle-power,6.49065040774712
10.0,training_window,aligned_rmse,7,random-window-front-v2,stumpjumper-pod-v1,oracle-power,3.4183737432266046
10.0,training_window,aligned_nrmse_std,7,random-window-front-v2,stumpjumper-pod-v1,oracle-power,0.1653381109120579
10.0,training_window,fixed_aligned_rmse,7,random-window-front-v2,stumpjumper-pod-v1,oracle-power,3.7984058994181877
10.0,training_window,aligned_rmse,11,random-window-front-v2,stumpjumper-pod-v2,oracle-power,2.205256560177034
10.0,training_window,aligned_nrmse_std,11,random-window-front-v2,stumpjumper-pod-v2,oracle-power,0.1118974324420043
10.0,training_window,fixed_aligned_rmse,11,random-window-front-v2,stumpjumper-pod-v2,oracle-power,2.478035501536982
10.0,training_window,aligned_rmse,6,random-window-front-v2,tr11-pod-v2,oracle-power,5.335718052081744
10.0,training_window,aligned_nrmse_std,6,random-window-front-v2,tr11-pod-v2,oracle-power,0.22304359125443662
10.0,training_window,fixed_aligned_rmse,6,random-window-front-v2,tr11-pod-v2,oracle-power,7.592746977014288
2.0,training_window,aligned_rmse,7,random-window-front-v2,stumpjumper-pod-v1,oracle-power,2.728036090744468
2.0,training_window,aligned_nrmse_std,7,random-window-front-v2,stumpjumper-pod-v1,oracle-power,0.15279679362267345
2.0,training_window,fixed_aligned_rmse,7,random-window-front-v2,stumpjumper-pod-v1,oracle-power,3.531921424740227
2.0,training_window,aligned_rmse,11,random-window-front-v2,stumpjumper-pod-v2,oracle-power,1.5487418640737998
2.0,training_window,aligned_nrmse_std,11,random-window-front-v2,stumpjumper-pod-v2,oracle-power,0.09470385708623492
2.0,training_window,fixed_aligned_rmse,11,random-window-front-v2,stumpjumper-pod-v2,oracle-power,2.4939930401185566
2.0,training_window,aligned_rmse,6,random-window-front-v2,tr11-pod-v2,oracle-power,2.9995033117878718
2.0,training_window,aligned_nrmse_std,6,random-window-front-v2,tr11-pod-v2,oracle-power,0.13555106340919904
2.0,training_window,fixed_aligned_rmse,6,random-window-front-v2,tr11-pod-v2,oracle-power,7.372239544638182
40.0,training_window,aligned_rmse,7,random-window-front-v2,stumpjumper-pod-v1,oracle-power,3.3475876813190606
40.0,training_window,aligned_nrmse_std,7,random-window-front-v2,stumpjumper-pod-v1,oracle-power,0.17031993737269457
40.0,training_window,fixed_aligned_rmse,7,random-window-front-v2,stumpjumper-pod-v1,oracle-power,4.095242874874388
40.0,training_window,aligned_rmse,11,random-window-front-v2,stumpjumper-pod-v2,oracle-power,2.445909808562284
40.0,training_window,aligned_nrmse_std,11,random-window-front-v2,stumpjumper-pod-v2,oracle-power,0.11470954137202627
40.0,training_window,fixed_aligned_rmse,11,random-window-front-v2,stumpjumper-pod-v2,oracle-power,2.730608945356848
40.0,training_window,aligned_rmse,6,random-window-front-v2,tr11-pod-v2,oracle-power,6.423852465070143
40.0,training_window,aligned_nrmse_std,6,random-window-front-v2,tr11-pod-v2,oracle-power,0.2857995629185604
40.0,training_window,fixed_aligned_rmse,6,random-window-front-v2,tr11-pod-v2,oracle-power,7.070710669368641
5.0,training_window,aligned_rmse,7,random-window-front-v2,stumpjumper-pod-v1,oracle-power,3.1177766324323466
5.0,training_window,aligned_nrmse_std,7,random-window-front-v2,stumpjumper-pod-v1,oracle-power,0.1564864682161079
5.0,training_window,fixed_aligned_rmse,7,random-window-front-v2,stumpjumper-pod-v1,oracle-power,4.136980029105705
5.0,training_window,aligned_rmse,11,random-window-front-v2,stumpjumper-pod-v2,oracle-power,1.9033155183768091
5.0,training_window,aligned_nrmse_std,11,random-window-front-v2,stumpjumper-pod-v2,oracle-power,0.10856224946206572
5.0,training_window,fixed_aligned_rmse,11,random-window-front-v2,stumpjumper-pod-v2,oracle-power,2.465826461337118
5.0,training_window,aligned_rmse,6,random-window-front-v2,tr11-pod-v2,oracle-power,4.384930949715979
5.0,training_window,aligned_nrmse_std,6,random-window-front-v2,tr11-pod-v2,oracle-power,0.18798173347301855
5.0,training_window,fixed_aligned_rmse,6,random-window-front-v2,tr11-pod-v2,oracle-power,7.613390397078959
1.0,full_log,aligned_rmse,7,random-window-front-v2,stumpjumper-pod-v1,self-supervised,8.51529748505935
1.0,full_log,aligned_nrmse_std,7,random-window-front-v2,stumpjumper-pod-v1,self-supervised,0.37841764957019774
1.0,full_log,fixed_aligned_rmse,7,random-window-front-v2,stumpjumper-pod-v1,self-supervised,8.51529748505935
1.0,full_log,aligned_rmse,11,random-window-front-v2,stumpjumper-pod-v2,self-supervised,7.4859805550449
1.0,full_log,aligned_nrmse_std,11,random-window-front-v2,stumpjumper-pod-v2,self-supervised,0.3246329694259657
1.0,full_log,fixed_aligned_rmse,11,random-window-front-v2,stumpjumper-pod-v2,self-supervised,7.4859805550449
1.0,full_log,aligned_rmse,6,random-window-front-v2,tr11-pod-v2,self-supervised,9.68298077406266
1.0,full_log,aligned_nrmse_std,6,random-window-front-v2,tr11-pod-v2,self-supervised,0.41734897852337316
1.0,full_log,fixed_aligned_rmse,6,random-window-front-v2,tr11-pod-v2,self-supervised,9.68298077406266
10.0,full_log,aligned_rmse,7,random-window-front-v2,stumpjumper-pod-v1,self-supervised,5.942708441793283
10.0,full_log,aligned_nrmse_std,7,random-window-front-v2,stumpjumper-pod-v1,self-supervised,0.2587359045333892
10.0,full_log,fixed_aligned_rmse,7,random-window-front-v2,stumpjumper-pod-v1,self-supervised,5.942708441793283
10.0,full_log,aligned_rmse,11,random-window-front-v2,stumpjumper-pod-v2,self-supervised,4.258575803864697
10.0,full_log,aligned_nrmse_std,11,random-window-front-v2,stumpjumper-pod-v2,self-supervised,0.18201712801155484
10.0,full_log,fixed_aligned_rmse,11,random-window-front-v2,stumpjumper-pod-v2,self-supervised,4.258575803864697
10.0,full_log,aligned_rmse,6,random-window-front-v2,tr11-pod-v2,self-supervised,8.45381386982236
10.0,full_log,aligned_nrmse_std,6,random-window-front-v2,tr11-pod-v2,self-supervised,0.30335316025373105
10.0,full_log,fixed_aligned_rmse,6,random-window-front-v2,tr11-pod-v2,self-supervised,8.45381386982236
2.0,full_log,aligned_rmse,7,random-window-front-v2,stumpjumper-pod-v1,self-supervised,7.206491334568545
2.0,full_log,aligned_nrmse_std,7,random-window-front-v2,stumpjumper-pod-v1,self-supervised,0.32491075809842523
2.0,full_log,fixed_aligned_rmse,7,random-window-front-v2,stumpjumper-pod-v1,self-supervised,7.206491334568545
2.0,full_log,aligned_rmse,11,random-window-front-v2,stumpjumper-pod-v2,self-supervised,5.737284267460284
2.0,full_log,aligned_nrmse_std,11,random-window-front-v2,stumpjumper-pod-v2,self-supervised,0.2570059128192585
2.0,full_log,fixed_aligned_rmse,11,random-window-front-v2,stumpjumper-pod-v2,self-supervised,5.737284267460284
2.0,full_log,aligned_rmse,6,random-window-front-v2,tr11-pod-v2,self-supervised,9.36399817167073
2.0,full_log,aligned_nrmse_std,6,random-window-front-v2,tr11-pod-v2,self-supervised,0.3640102379359703
2.0,full_log,fixed_aligned_rmse,6,random-window-front-v2,tr11-pod-v2,self-supervised,9.36399817167073
40.0,full_log,aligned_rmse,7,random-window-front-v2,stumpjumper-pod-v1,self-supervised,6.022904864314611
40.0,full_log,aligned_nrmse_std,7,random-window-front-v2,stumpjumper-pod-v1,self-supervised,0.25572306380745147
40.0,full_log,fixed_aligned_rmse,7,random-window-front-v2,stumpjumper-pod-v1,self-supervised,6.022904864314611
40.0,full_log,aligned_rmse,11,random-window-front-v2,stumpjumper-pod-v2,self-supervised,3.83185181919564
40.0,full_log,aligned_nrmse_std,11,random-window-front-v2,stumpjumper-pod-v2,self-supervised,0.17609629959863274
40.0,full_log,fixed_aligned_rmse,11,random-window-front-v2,stumpjumper-pod-v2,self-supervised,3.83185181919564
40.0,full_log,aligned_rmse,6,random-window-front-v2,tr11-pod-v2,self-supervised,8.648210567694113
40.0,full_log,aligned_nrmse_std,6,random-window-front-v2,tr11-pod-v2,self-supervised,0.3123329109045234
40.0,full_log,fixed_aligned_rmse,6,random-window-front-v2,tr11-pod-v2,self-supervised,8.648210567694113
5.0,full_log,aligned_rmse,7,random-window-front-v2,stumpjumper-pod-v1,self-supervised,6.563276498544943
5.0,full_log,aligned_nrmse_std,7,random-window-front-v2,stumpjumper-pod-v1,self-supervised,0.2959108730933467
5.0,full_log,fixed_aligned_rmse,7,random-window-front-v2,stumpjumper-pod-v1,self-supervised,6.563276498544943
5.0,full_log,aligned_rmse,11,random-window-front-v2,stumpjumper-pod-v2,self-supervised,4.67113474893215
5.0,full_log,aligned_nrmse_std,11,random-window-front-v2,stumpjumper-pod-v2,self-supervised,0.2160864776696669
5.0,full_log,fixed_aligned_rmse,11,random-window-front-v2,stumpjumper-pod-v2,self-supervised,4.67113474893215
5.0,full_log,aligned_rmse,6,random-window-front-v2,tr11-pod-v2,self-supervised,8.378167565108289
5.0,full_log,aligned_nrmse_std,6,random-window-front-v2,tr11-pod-v2,self-supervised,0.30088482578023257
5.0,full_log,fixed_aligned_rmse,6,random-window-front-v2,tr11-pod-v2,self-supervised,8.378167565108289
1.0,training_window,aligned_rmse,7,random-window-front-v2,stumpjumper-pod-v1,self-supervised,5.7786742812634335
1.0,training_window,aligned_nrmse_std,7,random-window-front-v2,stumpjumper-pod-v1,self-supervised,0.25088157249439225
1.0,training_window,fixed_aligned_rmse,7,random-window-front-v2,stumpjumper-pod-v1,self-supervised,5.987743006739418
1.0,training_window,aligned_rmse,11,random-window-front-v2,stumpjumper-pod-v2,self-supervised,4.2351237969713225
1.0,training_window,aligned_nrmse_std,11,random-window-front-v2,stumpjumper-pod-v2,self-supervised,0.23174723022725635
1.0,training_window,fixed_aligned_rmse,11,random-window-front-v2,stumpjumper-pod-v2,self-supervised,4.8468050769263495
1.0,training_window,aligned_rmse,6,random-window-front-v2,tr11-pod-v2,self-supervised,6.176414211158281
1.0,training_window,aligned_nrmse_std,6,random-window-front-v2,tr11-pod-v2,self-supervised,0.28923851046566895
1.0,training_window,fixed_aligned_rmse,6,random-window-front-v2,tr11-pod-v2,self-supervised,7.852126534545792
10.0,training_window,aligned_rmse,7,random-window-front-v2,stumpjumper-pod-v1,self-supervised,4.263023726495343
10.0,training_window,aligned_nrmse_std,7,random-window-front-v2,stumpjumper-pod-v1,self-supervised,0.20060886699748118
10.0,training_window,fixed_aligned_rmse,7,random-window-front-v2,stumpjumper-pod-v1,self-supervised,4.531169963706497
10.0,training_window,aligned_rmse,11,random-window-front-v2,stumpjumper-pod-v2,self-supervised,3.286195849610433
10.0,training_window,aligned_nrmse_std,11,random-window-front-v2,stumpjumper-pod-v2,self-supervised,0.17463062898211726
10.0,training_window,fixed_aligned_rmse,11,random-window-front-v2,stumpjumper-pod-v2,self-supervised,3.5956156069912395
10.0,training_window,aligned_rmse,6,random-window-front-v2,tr11-pod-v2,self-supervised,6.324675655281483
10.0,training_window,aligned_nrmse_std,6,random-window-front-v2,tr11-pod-v2,self-supervised,0.26273280878102856
10.0,training_window,fixed_aligned_rmse,6,random-window-front-v2,tr11-pod-v2,self-supervised,8.277805493771625
2.0,training_window,aligned_rmse,7,random-window-front-v2,stumpjumper-pod-v1,self-supervised,4.272043286562672
2.0,training_window,aligned_nrmse_std,7,random-window-front-v2,stumpjumper-pod-v1,self-supervised,0.25873368856568296
2.0,training_window,fixed_aligned_rmse,7,random-window-front-v2,stumpjumper-pod-v1,self-supervised,5.00052833749049
2.0,training_window,aligned_rmse,11,random-window-front-v2,stumpjumper-pod-v2,self-supervised,3.0546394831817425
2.0,training_window,aligned_nrmse_std,11,random-window-front-v2,stumpjumper-pod-v2,self-supervised,0.20464558795036666
2.0,training_window,fixed_aligned_rmse,11,random-window-front-v2,stumpjumper-pod-v2,self-supervised,3.8781831709930623
2.0,training_window,aligned_rmse,6,random-window-front-v2,tr11-pod-v2,self-supervised,5.06335217930532
2.0,training_window,aligned_nrmse_std,6,random-window-front-v2,tr11-pod-v2,self-supervised,0.2389941371082222
2.0,training_window,fixed_aligned_rmse,6,random-window-front-v2,tr11-pod-v2,self-supervised,9.182251623213222
40.0,training_window,aligned_rmse,7,random-window-front-v2,stumpjumper-pod-v1,self-supervised,4.53508227727738
40.0,training_window,aligned_nrmse_std,7,random-window-front-v2,stumpjumper-pod-v1,self-supervised,0.20487676530290216
40.0,training_window,fixed_aligned_rmse,7,random-window-front-v2,stumpjumper-pod-v1,self-supervised,4.674255222607107
40.0,training_window,aligned_rmse,11,random-window-front-v2,stumpjumper-pod-v2,self-supervised,3.7785522622621848
40.0,training_window,aligned_nrmse_std,11,random-window-front-v2,stumpjumper-pod-v2,self-supervised,0.17770015261726638
40.0,training_window,fixed_aligned_rmse,11,random-window-front-v2,stumpjumper-pod-v2,self-supervised,4.005907212467967
40.0,training_window,aligned_rmse,6,random-window-front-v2,tr11-pod-v2,self-supervised,7.362662295941066
40.0,training_window,aligned_nrmse_std,6,random-window-front-v2,tr11-pod-v2,self-supervised,0.3126884032760545
40.0,training_window,fixed_aligned_rmse,6,random-window-front-v2,tr11-pod-v2,self-supervised,7.877054642359408
5.0,training_window,aligned_rmse,7,random-window-front-v2,stumpjumper-pod-v1,self-supervised,5.159571591183027
5.0,training_window,aligned_nrmse_std,7,random-window-front-v2,stumpjumper-pod-v1,self-supervised,0.24040175862974553
5.0,training_window,fixed_aligned_rmse,7,random-window-front-v2,stumpjumper-pod-v1,self-supervised,5.56611050999782
5.0,training_window,aligned_rmse,11,random-window-front-v2,stumpjumper-pod-v2,self-supervised,4.031321076009952
5.0,training_window,aligned_nrmse_std,11,random-window-front-v2,stumpjumper-pod-v2,self-supervised,0.18338942205959274
5.0,training_window,fixed_aligned_rmse,11,random-window-front-v2,stumpjumper-pod-v2,self-supervised,4.142808535508503
5.0,training_window,aligned_rmse,6,random-window-front-v2,tr11-pod-v2,self-supervised,5.812996350746429
5.0,training_window,aligned_nrmse_std,6,random-window-front-v2,tr11-pod-v2,self-supervised,0.2678659420363394
5.0,training_window,fixed_aligned_rmse,6,random-window-front-v2,tr11-pod-v2,self-supervised,8.515167901787038
