split,cohort,method,n_logs,success_fraction,offset_mm,mean_error_mm,centered_rmse_mm,low_centered_rmse_mm,uncentered_rmse_mm,low_uncentered_rmse_mm
tuning,jamaal,current,6,1.0,15.498484467696777,-5.428986677305758,6.374014650662924,8.506368540131584,13.152436618288073,11.59920845595397
tuning,stumpjumper-front-pod-v1,current,7,1.0,12.915322629473904,-10.406850295871374,3.9595546769728736,7.058168488852826,11.201205742689178,9.397081215784256
tuning,stumpjumper-front-pod-v2,current,11,1.0,11.896595725467764,-3.9453412867227073,3.2978300041390556,5.4022269854920815,6.728253555175846,7.4562106825025385
tuning,cohort-balanced,current,24,1.0,13.43680094087948,-6.593726086633279,4.543799777258285,6.988921338158831,10.360631972051033,9.48416678474692
tuning,jamaal,blend_current_p2_w0.5,6,1.0,22.859152479731595,1.8144678269132122,6.421027516320777,8.634765644902872,11.222966083104566,11.5195982544521
tuning,stumpjumper-front-pod-v1,blend_current_p2_w0.5,7,1.0,14.624160005826809,-8.739949299938193,3.939672097406922,6.9813421692597215,9.685143191214399,8.411719818194689
tuning,stumpjumper-front-pod-v2,blend_current_p2_w0.5,11,1.0,16.752112188892163,0.8682909288024504,3.2962212798108026,5.394654131489387,5.716474386721904,7.440074943086265
tuning,cohort-balanced,blend_current_p2_w0.5,24,1.0,18.07847489148352,-2.0190635147408433,4.552306964512834,7.0035873152173265,8.874861220346958,9.123797671911019
tuning,jamaal,prediction_p2_to_zero,6,1.0,30.219820491766416,9.141610833026276,6.47084831801493,8.688305426897237,13.130728104912897,14.570421306055806
tuning,stumpjumper-front-pod-v1,prediction_p2_to_zero,7,1.0,16.332997382179713,-7.056936209199104,3.933359572584488,6.962057628746446,8.24881355998008,7.578302313517698
tuning,stumpjumper-front-pod-v2,prediction_p2_to_zero,11,1.0,21.607628652316563,5.7134490327625205,3.303833424109158,5.420115116903456,8.732892885070008,10.605260465638997
tuning,cohort-balanced,prediction_p2_to_zero,24,1.0,22.720148842087564,2.599374552196564,4.5693471049028584,7.02349272418238,10.037478183320994,10.917994695070833
tuning,jamaal,oob_p1_p99_nearest-zero,6,1.0,31.59246243773582,10.512164502915814,6.474260376443293,8.69358688304689,13.753485842619822,15.306438118708128
tuning,stumpjumper-front-pod-v1,oob_p1_p99_nearest-zero,7,1.0,16.881625419042656,-6.516698407703923,3.93309460504792,6.961857532738546,7.802399463087544,7.286842916188907
tuning,stumpjumper-front-pod-v2,oob_p1_p99_nearest-zero,11,1.0,21.995688484723114,6.099776143777313,3.3047049011230993,5.422331036673028,8.970699302256824,10.837433341351307
tuning,cohort-balanced,oob_p1_p99_nearest-zero,24,1.0,23.489925447167195,3.3650807463297348,4.570686627538104,7.025925150819488,10.17552820265473,11.143571458749449
tuning,jamaal,chunk_count_25_then_current,6,1.0,30.219820491766416,9.141610833026276,6.47084831801493,8.688305426897237,13.130728104912897,14.570421306055806
tuning,stumpjumper-front-pod-v1,chunk_count_25_then_current,7,1.0,15.409991306701784,-7.949593314367646,3.9591684535328966,7.037560972049925,9.098711607713966,8.129585325522845
tuning,stumpjumper-front-pod-v2,chunk_count_25_then_current,11,1.0,16.90485811806219,1.0425388620579394,3.2922460961978657,5.373294751737908,6.896775947312308,8.564819741384992
tuning,cohort-balanced,chunk_count_25_then_current,24,1.0,20.844889972176798,0.7448521269055229,4.574087622581898,7.033053716895023,9.708738553313056,10.421608790987882
tuning,jamaal,chunk_confidence_n10_cap0.5,6,1.0,23.938366698581415,2.8895205979619547,6.4241709189729805,8.642905225593472,10.730097167213657,11.366866378835107
tuning,stumpjumper-front-pod-v1,chunk_confidence_n10_cap0.5,7,1.0,14.624160005826809,-8.739949299938193,3.939672097406922,6.9813421692597215,9.685143191214399,8.411719818194689
tuning,stumpjumper-front-pod-v2,chunk_confidence_n10_cap0.5,11,1.0,16.752512019156466,0.8686901986316727,3.296221639838158,5.394655251241478,5.71629871795016,7.439804109254016
tuning,cohort-balanced,chunk_confidence_n10_cap0.5,24,1.0,18.43834624118823,-1.660579501114855,4.55335488540602,7.006300882031557,8.710513025459406,9.07279676876127
tuning,jamaal,current_if_25_chunks_else_confidence,6,1.0,23.938366698581415,2.8895205979619547,6.4241709189729805,8.642905225593472,10.730097167213657,11.366866378835107
tuning,stumpjumper-front-pod-v1,current_if_25_chunks_else_confidence,7,1.0,14.162656968087845,-9.183192243688499,3.9542195090043077,7.022993689993319,10.109977391749808,8.682494140675221
tuning,stumpjumper-front-pod-v2,current_if_25_chunks_else_confidence,11,1.0,14.40112675202928,-1.4582837124740793,3.2887890290106085,5.359020561508342,5.729001088509201,7.078177501295091
tuning,cohort-balanced,current_if_25_chunks_else_confidence,24,1.0,17.500716806232848,-2.5839851194002077,4.555726485662633,7.008306492365044,8.856358549157555,9.042512673601808
validation,harry,current,14,1.0,16.558396110421306,-13.434464108630007,7.9664609077456365,12.557464504983317,17.211312115897456,11.621115136043695
validation,cohort-balanced,current,14,1.0,16.558396110421306,-13.434464108630007,7.9664609077456365,12.557464504983317,17.211312115897456,11.621115136043695
validation,harry,blend_current_p2_w0.5,14,1.0,23.667337442080896,-6.411597453655153,7.961159017231765,12.349588298412826,12.805693883706274,10.915055876465548
validation,cohort-balanced,blend_current_p2_w0.5,14,1.0,23.667337442080896,-6.411597453655153,7.961159017231765,12.349588298412826,12.805693883706274,10.915055876465548
validation,harry,prediction_p2_to_zero,14,1.0,30.776278773740483,0.6386870758184902,8.079101578323893,12.358145549210859,13.037937308588328,15.121831533265622
validation,cohort-balanced,prediction_p2_to_zero,14,1.0,30.776278773740483,0.6386870758184902,8.079101578323893,12.358145549210859,13.037937308588328,15.121831533265622
validation,harry,oob_p1_p99_nearest-zero,14,1.0,32.73015082700989,2.577849742903775,8.115593609574045,12.3632270440163,13.467375179523021,16.27048080801384
validation,cohort-balanced,oob_p1_p99_nearest-zero,14,1.0,32.73015082700989,2.577849742903775,8.115593609574045,12.3632270440163,13.467375179523021,16.27048080801384
validation,harry,chunk_count_25_then_current,14,1.0,30.776278773740483,0.6386870758184902,8.079101578323893,12.358145549210859,13.037937308588328,15.121831533265622
validation,cohort-balanced,chunk_count_25_then_current,14,1.0,30.776278773740483,0.6386870758184902,8.079101578323893,12.358145549210859,13.037937308588328,15.121831533265622
validation,harry,chunk_confidence_n10_cap0.5,14,1.0,25.308434477823774,-4.782478527930051,7.977208918926702,12.34340741998443,12.224247063522805,11.76110223911214
validation,cohort-balanced,chunk_confidence_n10_cap0.5,14,1.0,25.308434477823774,-4.782478527930051,7.977208918926702,12.34340741998443,12.224247063522805,11.76110223911214
validation,harry,current_if_25_chunks_else_confidence,14,1.0,25.308434477823774,-4.782478527930051,7.977208918926702,12.34340741998443,12.224247063522805,11.76110223911214
validation,cohort-balanced,current_if_25_chunks_else_confidence,14,1.0,25.308434477823774,-4.782478527930051,7.977208918926702,12.34340741998443,12.224247063522805,11.76110223911214
