pipeline,duration_s,trainer,evaluation_scope,aligned_mae_ci95_high,aligned_mae_ci95_low,aligned_mae_log_mean,aligned_mae_log_median,aligned_nrmse_p90_ci95_high,aligned_nrmse_p90_ci95_low,aligned_nrmse_p90_log_mean,aligned_nrmse_p90_log_median,aligned_nrmse_std_ci95_high,aligned_nrmse_std_ci95_low,aligned_nrmse_std_log_mean,aligned_nrmse_std_log_median,aligned_rmse_ci95_high,aligned_rmse_ci95_low,aligned_rmse_log_mean,aligned_rmse_log_median,anchored_mae_ci95_high,anchored_mae_ci95_low,anchored_mae_log_mean,anchored_mae_log_median,anchored_nrmse_std_ci95_high,anchored_nrmse_std_ci95_low,anchored_nrmse_std_log_mean,anchored_nrmse_std_log_median,anchored_rmse_ci95_high,anchored_rmse_ci95_low,anchored_rmse_log_mean,anchored_rmse_log_median,bin_occupied_rmse_ci95_high,bin_occupied_rmse_ci95_low,bin_occupied_rmse_log_mean,bin_occupied_rmse_log_median,bin_rmse_ci95_high,bin_rmse_ci95_low,bin_rmse_log_mean,bin_rmse_log_median,completed_trials,completion_rate,correlation_ci95_high,correlation_ci95_low,correlation_log_mean,correlation_log_median,failed_trials,failure_rate,fixed_aligned_nrmse_std_ci95_high,fixed_aligned_nrmse_std_ci95_low,fixed_aligned_nrmse_std_log_mean,fixed_aligned_nrmse_std_log_median,fixed_aligned_rmse_ci95_high,fixed_aligned_rmse_ci95_low,fixed_aligned_rmse_log_mean,fixed_aligned_rmse_log_median,n_logs,prediction_std_ci95_high,prediction_std_ci95_low,prediction_std_log_mean,prediction_std_log_median,prediction_to_travel_std_ci95_high,prediction_to_travel_std_ci95_low,prediction_to_travel_std_log_mean,prediction_to_travel_std_log_median,scheduled_trials,successful_trials,training_observations_ci95_high,training_observations_ci95_low,training_observations_log_mean,training_observations_log_median,travel_p90_span_ci95_high,travel_p90_span_ci95_low,travel_p90_span_log_mean,travel_p90_span_log_median,travel_range_ci95_high,travel_range_ci95_low,travel_range_log_mean,travel_range_log_median,travel_std_ci95_high,travel_std_ci95_low,travel_std_log_mean,travel_std_log_median
front,10.0,oracle-isotonic,full_log,2.634093957657521,1.8986214871931133,2.3484398370729895,2.4965342927672802,0.05624316840240844,0.043235323198536305,0.04666782909334705,0.045310560226610785,0.18728426498103776,0.13378278888595774,0.15762292326373542,0.15560346122078456,3.6728618690643,3.0077798377618175,3.50087742572198,3.54218626989294,2.8002413581212906,2.0381229396479563,2.3902405282195542,2.4574905066912187,0.19512954479133857,0.14163885697551398,0.16552936547264857,0.1644166683450542,4.036096513780378,3.0100612096849897,3.6775016795526834,3.8366724220818442,12.029134452320084,5.927727085958376,9.508141031036784,9.257095482968936,5.3849578500655895,3.6012781107924905,4.6725927051289196,4.274124534504692,220,1.0,0.9923767341542584,0.9869797227273724,0.9884168195821409,0.9883403312438306,0,0.0,0.18728426498103776,0.13378278888595774,0.15762292326373542,0.15560346122078456,3.6728618690643,3.0077798377618175,3.50087742572198,3.54218626989294,11,22.856232493638295,19.577327871161287,21.455527214048537,21.369170646613796,0.9804879451687185,0.9486993562037336,0.959299674690729,0.9518479190079155,220,220,976.0,976.0,976.0,976.0,80.51875384894029,68.4830971213134,75.37135814181046,77.70004930488071,153.67050225201805,144.98409225186288,149.14556434995222,149.90437255734173,23.702660772202737,20.567705701942586,22.3348811888344,22.524702380028554
front,10.0,oracle-isotonic,full_log_excluding_training,2.67791477188796,1.9135996870477272,2.3818211054619223,2.496751868419829,0.05703860909610095,0.04413298049364498,0.04713924136326497,0.04536420231351472,0.187932902185939,0.13866078364822637,0.1590790787353367,0.15733107214830583,3.7467644053620797,3.0425145833408607,3.5370257213984786,3.5657252656297285,2.8401588244436686,2.0575935556539124,2.43034998471205,2.5362244881735556,0.19618913355754314,0.14795431619391308,0.16746894806870938,0.1656922409905889,4.073213439221243,3.044923747874395,3.7239958057006675,3.8586087547984054,12.051610446400293,5.9578739277468715,9.562365139664273,9.255848616220575,5.429647310536012,3.6242967373944257,4.704786080960593,4.326803412714302,220,1.0,0.9922948617371223,0.9868612686177033,0.9882793356011497,0.9880641689026035,0,0.0,0.187950820743304,0.13871680747514004,0.1590893810220842,0.15733120263237044,3.748276411385822,3.0425171034707867,3.537332738007794,3.565794226919353,11,22.823393704522875,19.61597998362039,21.480916983302787,21.43627075501007,0.9796624233385711,0.9465876568539924,0.9584528807259417,0.9510274501329775,220,220,976.0,976.0,976.0,976.0,80.8838946078947,69.08531575241426,75.3968394739038,77.76457297351295,153.67050225201805,144.98409225186288,149.14556434995222,149.90437255734173,23.707631890510285,20.60449001269179,22.37228183107941,22.604706452395806
front,10.0,oracle-isotonic,training_window,1.2813937552585442,0.9820330640335317,1.1675720635202629,1.2455182673007792,0.031781137983431886,0.026169850342738804,0.027904504320322054,0.0275208099864039,0.10460690213291185,0.08686473715105245,0.09312956675702626,0.09630282367629467,2.0487525755801217,1.5846513207024597,1.7700432324059634,1.8029164269668732,1.2813937552585442,0.9820330640335315,1.1675720635202629,1.245518267300779,0.10460690213291185,0.08686473715105245,0.09312956675702626,0.09630282367629467,2.0487525755801217,1.5846513207024597,1.7700432324059634,1.802916426966873,2.0271311169740476,1.6017163552119964,1.8570346423751658,1.8794635212618658,2.1901900491275668,1.5348969830628771,1.8152918776775364,1.8157162676804688,220,1.0,0.9962191201862425,0.9945136476710013,0.9955881121688851,0.9953520741108304,0,0.0,0.11601150508292085,0.09848040917522408,0.10893486238756335,0.1061532728464458,2.5127942023071093,1.8822450794416847,2.1468056664567348,2.161199810658219,11,20.53655341307764,18.043660007039257,19.326002027282193,19.73192579756102,0.9962191201862426,0.9945136476710015,0.9955881121688851,0.9953520741108305,220,220,976.0,976.0,976.0,976.0,72.52002491085736,58.696165827154935,64.57363849435136,65.36716489563204,118.969163431541,94.65161650018908,106.89799509154523,107.54200519072413,20.572575549885403,18.10030472651728,19.40934586768028,19.819635599045128
front,120.0,oracle-isotonic,full_log,2.2630231844431457,1.6729661616989517,1.998595183394641,1.8902508692923827,0.04481501094032639,0.03427580663092668,0.03873846054584126,0.03848108294142027,0.14889672176317895,0.11318752005492329,0.13104807055738804,0.13324238809298256,3.423278489175024,2.427728137740945,2.9062436652713277,2.9229532573182198,2.294035698510661,1.6748978727559334,1.9995393326289084,1.9158187346967503,0.15213317206629862,0.11656119105764759,0.13272215612858804,0.13443963832852718,3.4311531682597813,2.500089083689935,2.941865474994963,3.0168234808123673,3.964828833782321,3.2109280016403394,3.489077451924373,3.595346104650962,3.595346104650962,2.580282127565155,3.087349340943446,3.1100587689851453,220,1.0,0.9936348967968458,0.9895900998787956,0.9912968143407995,0.991317569373791,0,0.0,0.14889672176317895,0.11318752005492329,0.13104807055738804,0.13324238809298256,3.423278489175024,2.427728137740945,2.9062436652713277,2.9229532573182198,11,23.148496666695387,20.434586917610268,21.953944935357153,22.20772156717016,0.9905810425915444,0.9775656773818404,0.9829349500901795,0.9893971776276058,220,220,11712.0,11710.0,11711.045454545454,11711.0,80.51875384894029,68.4830971213134,75.37135814181046,77.70004930488071,153.67050225201805,144.98409225186288,149.14556434995222,149.90437255734173,23.702660772202737,20.567705701942586,22.3348811888344,22.524702380028554
front,120.0,oracle-isotonic,full_log_excluding_training,2.630799393630175,1.7597917278091022,2.2527800778715066,2.255403271780602,0.0498621789864698,0.03753060448704444,0.045543549560707074,0.04128321046082538,0.17012047249530482,0.12868980406327496,0.14986987714021097,0.14641584498264532,3.813199233845507,2.645024035491466,3.210276444789358,3.2264019408634708,2.8089133431430944,1.869869536517755,2.282806173569423,2.3391940643762004,0.1741816023290294,0.13089721607375188,0.15874485973727318,0.15309470156510183,3.895769322000384,2.6478736825348097,3.3286311406836133,3.256856802790117,4.498815167208779,3.374820164388202,3.859578323875601,3.822873838217225,3.788486130154089,2.748123565301544,3.3188455626034212,3.1818003209460253,220,1.0,0.9917191878145819,0.9863084083085738,0.9890349233047521,0.989547557550295,0,0.0,0.17015274192813912,0.12888020807191722,0.15440904951848736,0.146984776141739,3.8164800701230894,2.6466884419320174,3.255852863942597,3.2342380636874606,11,23.288320011815937,20.034256826015934,20.802495324199818,21.25522118165901,0.9907235684596813,0.967250222353567,0.9769996374312214,0.9881999703026989,220,220,11712.0,11710.0,11711.045454545454,11711.0,81.11858994066637,68.50802713053545,71.5050355441578,75.67260050816239,152.4462174422029,131.53682239896366,136.54187556588056,148.7314640450589,23.915143256638103,20.584879909264238,21.47387994307734,22.13414303858061
front,120.0,oracle-isotonic,training_window,2.073721251863116,1.4457909147406953,1.6982784263473343,1.5662590495749926,0.03833037464763123,0.03138050834171792,0.034439889765065186,0.032866327162042755,0.13244991757310343,0.10585388568003495,0.11546304167982986,0.10805339453933416,2.7825318560155416,2.244459702648993,2.4812404473012,2.4620950328155473,2.073721251863116,1.4457909147406958,1.6982784263473343,1.5662590495749926,0.13244991757310343,0.10585388568003495,0.11546304167982986,0.10805339453933419,2.782531856015542,2.244459702648993,2.4812404473012,2.4620950328155473,2.9349238696841624,2.362760918211189,2.6424465709191596,2.5324319498505474,2.9883633685968727,2.337967721149087,2.6756834137228185,2.631584610256273,220,1.0,0.9943816946566786,0.9911896811496128,0.993204155451566,0.9941446536885945,0,0.0,0.13429038595501275,0.10845000653205175,0.11788642917892193,0.11435253714477568,2.792146432112781,2.322111648434002,2.5214456821113966,2.4818026592436104,11,22.10582197880314,20.290422247332085,21.121129951185015,21.338254836442196,0.9943816946566784,0.9911896811496129,0.9932041554515656,0.9941446536885943,220,220,11712.0,11710.0,11711.045454545454,11711.0,76.57660436967225,67.60942457632447,71.55319829645845,73.75742060544003,145.97124902081106,131.1669908802494,140.1315440797692,142.1416860975866,22.29458283301216,20.421138607679257,21.275804871686212,21.521057166498586
front,20.0,oracle-isotonic,full_log,2.572946384715138,1.8260567216443562,2.238182430380567,2.3767536339261977,0.048594620759733434,0.03971870643210527,0.04328834582498941,0.04218528912209558,0.16743385212493925,0.13053367504155639,0.1461472932875085,0.14389275470331625,3.583660960287287,2.7200600301228004,3.2562675007480775,3.228978095285385,2.5957518593747935,1.8924607388611048,2.249052502485156,2.2955069141312956,0.17381752178705315,0.13242058117818162,0.15297255784370067,0.14821397351833532,3.8415939179464953,2.7450556811166598,3.4059906189579494,3.445191544073431,10.990058867332829,4.695934531318105,7.0925419780337045,6.679864659181768,4.695934531318105,3.1183479051357974,3.8274065576919964,3.5568040388265727,220,1.0,0.9925300202846269,0.9872731458283397,0.9898396764382643,0.9901021611513896,0,0.0,0.16743385212493925,0.13053367504155639,0.1461472932875085,0.14389275470331625,3.583660960287287,2.7200600301228004,3.2562675007480775,3.228978095285385,11,22.755999418445917,20.118863429602033,21.740504907886578,21.818825511532133,0.9805154852037468,0.9660533351022129,0.972281226316237,0.9726213292761516,220,220,1952.0,1952.0,1952.090909090909,1952.0,80.51875384894029,68.4830971213134,75.37135814181046,77.70004930488071,153.67050225201805,144.98409225186288,149.14556434995222,149.90437255734173,23.702660772202737,20.567705701942586,22.3348811888344,22.524702380028554
front,20.0,oracle-isotonic,full_log_excluding_training,2.637538252004853,1.8399330866902817,2.2988904530413596,2.4060582553875154,0.04986868100213898,0.03978742691208301,0.04402564191617054,0.042903605382206514,0.17178905372090236,0.13546938934522354,0.14830237066279378,0.14480144343295948,3.749188964428593,2.7752588096613975,3.3203308095193544,3.2875043767828123,2.67276511020704,1.9170442759988386,2.3181317634275604,2.4780152683562666,0.179664002574491,0.13793170559900056,0.1556121390709661,0.1500352809348755,3.905445908693728,2.7995591312700334,3.4822654525535266,3.473867926641625,11.013041493999458,5.0244388867314775,7.1981496791202995,6.68779483435409,4.737683110977904,3.223515950232547,3.896779618396148,3.664405655610271,220,1.0,0.9922280932442697,0.9873453265277164,0.989593062788354,0.9898962165581782,0,0.0,0.17182746162739937,0.13553101514141774,0.1483454292197121,0.14493081336276065,3.75086227120776,2.776586854804253,3.321434659059372,3.2879534674163757,11,22.71881302220097,20.03691781014384,21.80855378011856,22.062298305546356,0.9792430111266182,0.9634480766417604,0.9713575901751512,0.9714601290171858,220,220,1952.0,1952.0,1952.090909090909,1952.0,81.21610775297668,69.59324433829434,75.56019764409338,77.91858243894953,153.67050225201805,144.81985687051449,149.13063386073875,149.90437255734173,23.60982591207584,20.60274971495456,22.3923480974367,22.498072701689363
front,20.0,oracle-isotonic,training_window,1.6605395441145878,1.251410280481294,1.402747463424144,1.3747283730076578,0.03389839346197325,0.028754208296304783,0.030953797237106118,0.02963428348950547,0.11194687760073124,0.09436829366849246,0.1022135544830463,0.09921879485690772,2.444202790037682,1.9268249877019983,2.1101653677398513,2.1446636630120453,1.660539544114588,1.251410280481294,1.402747463424144,1.3747283730076578,0.11194687760073124,0.09436829366849246,0.1022135544830463,0.09921879485690772,2.444202790037682,1.9268249877019983,2.1101653677398513,2.144663663012045,2.4708639211176306,1.9675504184593433,2.1792339308942257,2.2273865135477706,2.7260427837928436,2.220790774204457,2.3440440765590282,2.333428004844106,220,1.0,0.99553734615798,0.9937136627975861,0.9947062698525713,0.9950649450236111,0,0.0,0.1173010449851816,0.10216272773892054,0.11225662453314204,0.10998684844601167,2.5189540389651626,2.050395903998019,2.3074566829917957,2.300866588773596,11,22.5480263081987,18.87400077954887,20.772573999551955,20.058245527362722,0.9955373461579797,0.993713662797586,0.9947062698525713,0.9950649450236113,220,220,1952.0,1952.0,1952.090909090909,1952.0,76.75806874025247,60.15593034287218,69.81840116184925,68.5115704319122,125.27300965539557,112.00114700513741,117.60385485820501,120.06269069374967,22.699427707714452,18.960273121344898,20.889568768993858,20.131818835001138
front,40.0,oracle-isotonic,full_log,2.519083384617802,1.7886328509290563,2.1623451450663964,2.273421619857978,0.04743980906544773,0.03822216503902956,0.041682722214577424,0.04095921355215678,0.16345492261730532,0.1268263063070078,0.14074732751207808,0.1378961338647739,3.4919451870856486,2.617572240554731,3.1355485123248013,3.0944128951590244,2.4670620577322957,1.8054009623745138,2.1681307988451946,2.2351275259878265,0.16695232308836916,0.1275680019231445,0.14481911233903824,0.14287160118186248,3.502241610283983,2.672118971976852,3.2226502135368222,3.2868450252734607,6.475154971798441,3.611814538180706,5.560017930941434,5.226262781952597,3.8153628007414095,2.9820747333800135,3.3826622883228015,3.402450665999913,220,1.0,0.9928786333926689,0.9884978573146302,0.9903489520135175,0.9906843303065891,0,0.0,0.16345492261730532,0.1268263063070078,0.14074732751207808,0.1378961338647739,3.4919451870856486,2.617572240554731,3.1355485123248013,3.0944128951590244,11,23.005839063643943,20.284069179846544,21.87155557707912,22.056297625966145,0.9867368830271158,0.9706015406769863,0.9782896595320255,0.982908158869908,220,220,3904.0,3904.0,3904.1363636363635,3904.0,80.51875384894029,68.4830971213134,75.37135814181046,77.70004930488071,153.67050225201805,144.98409225186288,149.14556434995222,149.90437255734173,23.702660772202737,20.567705701942586,22.3348811888344,22.524702380028554
front,40.0,oracle-isotonic,full_log_excluding_training,2.7166342223233984,1.8144676385004561,2.285286720881182,2.359822077976403,0.049908310501175376,0.03872078194401958,0.043153993577331844,0.04110179353065192,0.17120573502704078,0.1324073040945804,0.14471480304792564,0.14061389795596585,3.8264832836469793,2.7132028526027447,3.2603711938147995,3.1909983605413745,2.6517424113865893,1.858472039802102,2.299524707710838,2.4138549033243004,0.17618906776175194,0.13425371393782337,0.1498045843038809,0.14625126772584457,3.922139286621489,2.7271937981887633,3.3705410058413903,3.346968109952982,6.587857502093044,3.710893730923127,5.68759379452009,5.294356419393351,3.9375282451125226,3.1161120138150755,3.4688743638928985,3.5348940301496707,220,1.0,0.9921273278873806,0.9879304843144217,0.9898901811871645,0.9902574443274403,0,0.0,0.17129461374824884,0.13241414063459078,0.14479197584826625,0.14069028465381658,3.8288147171649722,2.713893663747933,3.262287058662574,3.1912864000073142,11,23.089633159182505,20.353266749799275,22.104793702825603,22.093129391083064,0.9870577694984234,0.9676060250864158,0.9774027917285107,0.9813776694384384,220,220,3904.0,3904.0,3904.1363636363635,3904.0,80.87941667513564,70.1815898743203,75.66012991947308,78.29226327867502,152.4462174422029,135.89296889344487,147.2251433802145,148.7314640450589,23.532664190255915,20.551760555112224,22.55089065515737,22.45820799698266
front,40.0,oracle-isotonic,training_window,1.762782076500513,1.3044854503783476,1.5207398033213428,1.5255533033073174,0.03349753670091955,0.029628119822002415,0.03211540703285675,0.031208534562936388,0.11376731159648593,0.09569396743827922,0.10823263020990391,0.10413348727519009,2.579925219755241,2.090318335044649,2.2606645655490882,2.2861817810183176,1.762782076500513,1.3044854503783476,1.5207398033213428,1.5255533033073174,0.11376731159648594,0.09569396743827921,0.10823263020990391,0.10413348727519009,2.579925219755241,2.090318335044649,2.2606645655490882,2.2861817810183176,2.6889031515066257,2.140015033057778,2.4156532949926217,2.439027249727075,2.7595466373384934,2.149255588194837,2.5317107802206738,2.640197293492716,220,1.0,0.9954107865875905,0.9935074226015146,0.9940294909450664,0.9945629380334717,0,0.0,0.1187132152201886,0.10661152835255275,0.11441903951166728,0.11213426475174014,2.6501776681789906,2.1215380206135057,2.405448738504987,2.3476528909983037,11,22.55429701642698,18.102895188981634,20.57161735744592,20.5360592152148,0.9954107865875907,0.9935074226015144,0.9940294909450668,0.9945629380334713,220,220,3904.0,3904.0,3904.1363636363635,3904.0,77.92730070832852,61.1065724994305,69.83511160198988,68.16102855213721,134.93422474103428,115.10837251454872,127.22685948096628,128.48474116409312,22.668574509535514,18.213970723814057,20.70510405275759,20.6791755745095
front,5.0,oracle-isotonic,full_log,3.100984796047139,1.996600067720463,2.657572395355993,2.7440131503608676,0.0611387394620522,0.046076012410686665,0.05476250553106932,0.05171778722236424,0.21065489352839614,0.16291883209119354,0.18448121213087235,0.17907504024464999,4.744938781623726,3.155428032883896,4.106513882955366,4.039836336511243,3.1332813717550394,2.1389393639651875,2.7301861322106515,3.0644949405565853,0.21739672768570634,0.16433937276594762,0.19236852390967016,0.19402341374505472,4.941706848468387,3.182941204991967,4.280781739770813,4.170826857566491,18.49937792794359,9.002882660489323,13.130507463264745,12.00751451747371,9.420679210219838,4.0395434886552755,6.414131344781251,5.181324598184195,220,1.0,0.9877239775001367,0.981543291867609,0.9844988503307289,0.985704920650263,0,0.0,0.21065489352839614,0.16291883209119354,0.18448121213087235,0.17907504024464999,4.744938781623726,3.155428032883896,4.106513882955366,4.039836336511243,11,22.20476087822069,19.01021525717902,20.72800069866314,20.803422181307546,0.9496068889414986,0.9189055414664169,0.9295148483916623,0.9414103161374716,220,220,488.0,488.0,488.0,488.0,80.51875384894029,68.4830971213134,75.37135814181046,77.70004930488071,153.67050225201805,144.98409225186288,149.14556434995222,149.90437255734173,23.702660772202737,20.567705701942586,22.3348811888344,22.524702380028554
front,5.0,oracle-isotonic,full_log_excluding_training,3.1325672070452413,2.006090908438972,2.683419207350018,2.7543520622090316,0.06202421011732184,0.046516232918570835,0.05510306747575124,0.05193527132642603,0.21152745948756055,0.1643128884928609,0.18543748064128177,0.1798795285454956,4.77620504824157,3.1729784366828255,4.1359931183534275,4.068952937622967,3.2130159534926577,2.153157878109555,2.762467097076288,3.095404741511213,0.21837474704375154,0.1658078709377227,0.19353199650362987,0.19672855426837904,4.956239938417166,3.2013091972779515,4.313718418345027,4.200763974232933,18.502991150041424,9.002132105909546,13.1394178904101,12.019493946299217,9.48003233028074,4.053066160409573,6.431409189835034,5.198429577396165,220,1.0,0.9875440537359159,0.9815366628393928,0.984394142061875,0.9856640732920168,0,0.0,0.211529973586346,0.1643129205706697,0.1854395391319878,0.17987974374692856,4.776261879664419,3.1729790545146366,4.136042982117332,4.069089223435474,11,22.239741072685025,19.017416834938693,20.745576530817,20.797441764572486,0.9484845918098062,0.9182697056942477,0.9285616629338577,0.940120357790523,220,220,488.0,488.0,488.0,488.0,80.77214152137088,68.75149186892104,75.4717313233834,77.76314580517575,153.67050225201805,144.98409225186288,149.14556434995222,149.90437255734173,23.702838838507102,20.598237833808,22.380877000680076,22.574643379384764
front,5.0,oracle-isotonic,training_window,1.107445693616689,0.9214603579248861,0.99280900012139,0.9737986511280832,0.027262071953867706,0.023189560322252133,0.025351814530052877,0.024972834745667555,0.08851492804201497,0.07990914491028842,0.08479613522204153,0.08585526581439468,1.748504309603646,1.3763691664776938,1.528389953422262,1.5582903877084062,1.1074456936166888,0.921460357924886,0.99280900012139,0.9737986511280832,0.08851492804201497,0.07990914491028842,0.08479613522204153,0.08585526581439468,1.748504309603646,1.3763691664776938,1.528389953422262,1.5582903877084062,1.6854994039768392,1.289780332899141,1.5795335832818245,1.637727949802878,1.717801839193345,1.3026705520555302,1.4529460607366618,1.5215400302612854,220,1.0,0.9967988742082731,0.9960737790585654,0.9963490014105632,0.9963065515603902,0,0.0,0.11718621699939513,0.10070862601746763,0.10753563815252684,0.10340971357336406,2.356530780215622,1.874256409914248,2.0582952081754646,1.971850686610177,11,19.10585300043944,16.61662352192654,18.052451306342267,18.88653033459903,0.9967988742082731,0.9960737790585654,0.996349001410563,0.9963065515603904,220,220,488.0,488.0,488.0,488.0,67.33708574988705,57.36958179557877,61.6747295726243,62.77560735485764,105.24747150105794,83.99381515335487,94.12414980912563,97.2151890459368,19.202193557357198,16.68056402032694,18.133546094380655,18.927690997462705
front,60.0,oracle-isotonic,full_log,2.4890883297583786,1.7614572029383582,2.1277784953678562,2.1277622502211693,0.0464173849353746,0.0358680292058422,0.040804567633462546,0.039609822265302866,0.15993213742159318,0.11865272694262527,0.13780139898667398,0.13715069606023814,3.4139892671088865,2.481648383486853,3.0694560881752504,3.0776851429715943,2.3721621631504206,1.7750220372329362,2.122786207641752,2.1137080963039496,0.16277873520452613,0.1223742922974056,0.14106846343968088,0.13862621509904194,3.422048767912881,2.6247727011103823,3.140022796956671,3.1683324300219935,5.147420270731652,3.3951846658824114,4.285325081549154,4.1983393202750126,3.7476719953633597,2.8857564522599928,3.2827514522098906,3.3186472087211736,220,1.0,0.9934109819684325,0.9884600876403322,0.9907085660262901,0.990801501064525,0,0.0,0.15993213742159318,0.11865272694262527,0.13780139898667398,0.13715069606023814,3.4139892671088865,2.481648383486853,3.0694560881752504,3.0776851429715943,11,23.122587643235416,20.402217685981505,21.90661622082444,22.120137668134255,0.9891978746833161,0.9773991691400603,0.980067231815799,0.9846659321878743,220,220,5856.0,5855.0,5855.454545454545,5855.5,80.51875384894029,68.4830971213134,75.37135814181046,77.70004930488071,153.67050225201805,144.98409225186288,149.14556434995222,149.90437255734173,23.702660772202737,20.567705701942586,22.3348811888344,22.524702380028554
front,60.0,oracle-isotonic,full_log_excluding_training,2.661585189279343,1.8107238660496945,2.291550570771045,2.342678119092043,0.049439084188338575,0.038758237720175295,0.04297924508464843,0.041674819082835435,0.16817118106036283,0.12592756738436345,0.14344766056463987,0.139059421356992,3.737644990132948,2.5563517893954106,3.2353572831773802,3.2215736616871746,2.658652115966113,1.8453945948410535,2.2937707986570004,2.3535193799586285,0.17577576501868247,0.13079128743242857,0.14838124222126406,0.14700393579719734,3.88224260644406,2.6843154708392145,3.3498712883582282,3.3158405786130163,5.633976464167343,3.4953132894867425,4.503710077261951,4.443749561390563,3.9084049147333557,3.111856279729242,3.425452691240021,3.487954258042131,220,1.0,0.9933394193587128,0.9882690772866211,0.9901887015373451,0.9904360277626445,0,0.0,0.16818001355258513,0.12701906082630313,0.1436964223465381,0.13919722638668444,3.7704013686549462,2.5572362706121554,3.2428752811571324,3.2237516074219315,11,23.127243708317152,20.417673171897086,22.267714115068525,22.038636671826325,0.9884843894133344,0.9701524275685098,0.9779642749153634,0.9812569953871727,220,220,5856.0,5855.0,5855.454545454545,5855.5,81.4217450046893,70.04919659817094,75.74404326576594,77.73990426123005,152.4462174422029,134.93422474103428,146.32650735535728,148.7314640450589,23.54693194767114,20.537856340680328,22.71852450781682,22.513578517151423
front,60.0,oracle-isotonic,training_window,1.9149269317967903,1.423930224614285,1.625690376901745,1.5656459372576128,0.034708172982304726,0.03134112427756649,0.03327678889694823,0.033221808615526906,0.12108601860724738,0.10266052905479309,0.11307365731373763,0.11341769076639263,2.6927056936439344,2.167662630357822,2.338217134493472,2.299245603707643,1.9149269317967903,1.4239302246142849,1.625690376901745,1.5656459372576128,0.12108601860724738,0.10266052905479309,0.11307365731373764,0.11341769076639265,2.6927056936439344,2.167662630357822,2.338217134493472,2.299245603707643,2.9209638155316657,2.162530775924111,2.47736822433067,2.45999857522456,2.7792407081246746,2.270754643139399,2.539895218982607,2.643617865502292,220,1.0,0.9947164432690517,0.9926419461326839,0.9935032126735056,0.9935433048635453,0,0.0,0.12887637062850787,0.10836780875171886,0.11896174445770148,0.11594891181871222,2.748677922582842,2.1812583556131244,2.465340384953191,2.419599332452126,11,22.27395221235222,18.474727719501594,20.83814336524548,20.754154787307456,0.9947164432690518,0.9926419461326834,0.9935032126735056,0.9935433048635458,220,220,5856.0,5855.0,5855.454545454545,5855.5,79.8156491242973,64.64509530782601,71.41179732158471,69.62861118821735,141.31694139341133,125.90022639012892,133.5069577039691,136.14620959402913,22.456558956969438,18.555393413710753,20.977374393714072,20.87511092084815
front,10.0,oracle-power,full_log,2.6657133244667266,1.7991018318996344,2.279295983204647,2.395676570361272,0.050550168404677576,0.037528265234658895,0.04436618839982484,0.04498228471245126,0.1741717352504345,0.13269510147586253,0.14965417950193893,0.15088003518190737,3.9231664995291657,2.570051832859554,3.3481076181097724,3.34398185045328,2.7928200449874723,1.9378170067951306,2.3469573374078405,2.462061777962425,0.18649136465654864,0.13801412878096286,0.15827436465515063,0.1560100684751195,4.200662485334135,2.7389019991377763,3.537668620667476,3.500892694623796,4.410835946925463,3.645061075347522,3.9420935251506815,4.145364453902863,4.290629047147707,3.0360672504887707,3.719302361431281,3.7267938618896124,220,1.0,0.9913725806944462,0.9874408059252442,0.9893221382344408,0.9890916463794459,0,0.0,0.1741717352504345,0.13269510147586253,0.14965417950193893,0.15088003518190737,3.9231664995291657,2.570051832859554,3.3481076181097724,3.34398185045328,11,23.258943460543346,20.160588882649648,21.972305233082356,22.084640452238347,0.9964328253685028,0.9769843662665874,0.9826935958143693,0.9804631412941383,220,220,976.0,976.0,976.0,976.0,80.51875384894029,68.4830971213134,75.37135814181046,77.70004930488071,153.67050225201805,144.98409225186288,149.14556434995222,149.90437255734173,23.702660772202737,20.567705701942586,22.3348811888344,22.524702380028554
front,10.0,oracle-power,full_log_excluding_training,2.7158883313839297,1.8017350242686607,2.3063549070318063,2.3994990863563013,0.05101902765243062,0.037534786850775825,0.044749730927734384,0.04517924390743,0.17578999454130384,0.13363836846635613,0.15062152539095558,0.1549113101705246,3.956474920495988,2.585363664980497,3.3802166898624906,3.3629446074947866,2.817021709381746,1.9442013026953076,2.381941808228405,2.5289794720994303,0.18792468246307792,0.139017192063461,0.15948462604064392,0.156685050839453,4.253544000379698,2.7541657735984044,3.5801878559935116,3.5272455143654367,4.434272690775338,3.6699402766678464,3.9693697578689213,4.148278442796941,4.331076774008694,3.06795837322122,3.741764738099873,3.749905847372067,220,1.0,0.9912758452200076,0.9873808016118695,0.9892226881264506,0.9888092014263299,0,0.0,0.17579365559935967,0.13364020923042896,0.1506310015532003,0.15492957808208316,3.9568748398002054,2.585447917000505,3.380417355541169,3.3629894414592787,11,23.281378434897057,20.204389980272005,21.984507343515556,22.272155731584085,0.9966295233864161,0.976107630616871,0.9828483745712742,0.9798797207276068,220,220,976.0,976.0,976.0,976.0,80.8838946078947,69.08531575241426,75.3968394739038,77.76457297351295,153.67050225201805,144.98409225186288,149.14556434995222,149.90437255734173,23.707631890510285,20.60449001269179,22.37228183107941,22.604706452395806
front,10.0,oracle-power,training_window,1.6676187758830925,1.1655397894426391,1.4324901153487024,1.4919820510575286,0.036537438845201414,0.030407539719201928,0.032882090255926026,0.03319451787989865,0.12245773732749271,0.10068049306297062,0.10889695790093502,0.11346116590260032,2.422866220626723,1.767257203197634,2.0678906994718913,2.046455584201516,1.6676187757691792,1.165539784193645,1.432490125680397,1.4919821027262659,0.12245773732764983,0.10068049306297062,0.10889695790837824,0.11346116590260699,2.422866220626723,1.767257203197634,2.0678906994718953,2.0464555842015164,2.719021892841069,1.9361634752964716,2.3893801754875534,2.404124690008585,2.684334584258138,1.7591434925967824,2.1243722022704565,2.069791153629518,220,1.0,0.9949174734057183,0.9924735603641901,0.9939644708102642,0.9935421871832475,0,0.0,0.13673845938775753,0.10935380355067009,0.12513812055987744,0.12502929437023536,2.796535341460502,2.0305702758993287,2.4678750908256806,2.4785011051195704,11,20.513758357654375,18.029914263530262,19.292738134529106,19.705776860830003,0.9949174735744359,0.992473778923169,0.9939644323199839,0.9935421799984299,220,220,976.0,976.0,976.0,976.0,72.52002491085736,58.696165827154935,64.57363849435136,65.36716489563204,118.969163431541,94.65161650018908,106.89799509154523,107.54200519072413,20.572575549885403,18.10030472651728,19.40934586768028,19.819635599045128
front,120.0,oracle-power,full_log,2.50497709199481,1.7403910122643325,2.114977433864416,2.057763494678491,0.04646059839399349,0.03539957288695217,0.04075120240037774,0.040141900131758695,0.15436414377389562,0.11432204278998048,0.1377871898550431,0.13899303832711032,3.609080898084883,2.5464641845123257,3.0628869513408814,3.007211044557444,2.5562377403570355,1.77446168336516,2.1271001241782392,2.1697637741717877,0.15721763796579502,0.11759828239635352,0.13966391141381235,0.14446288455910855,3.6149447682800497,2.553277862235204,3.1037699131082674,3.0696484331684992,4.1411846538731005,3.398067916638507,3.9813825367864406,3.6294221894355196,3.8451541008632364,3.017812682462931,3.5060236034898478,3.2342840621476876,220,1.0,0.9935197066180534,0.9883944093411772,0.9904309196766925,0.9904161181080979,0,0.0,0.15436414377389562,0.11432204278998048,0.1377871898550431,0.13899303832711032,3.609080898084883,2.5464641845123257,3.0628869513408814,3.007211044557444,11,23.167334874973385,20.371895346979112,21.965419735796573,22.25932704249159,0.9919410387647897,0.9774149449981937,0.9833382812399546,0.9904797181658924,220,220,11712.0,11710.0,11711.045454545454,11711.0,80.51875384894029,68.4830971213134,75.37135814181046,77.70004930488071,153.67050225201805,144.98409225186288,149.14556434995222,149.90437255734173,23.702660772202737,20.567705701942586,22.3348811888344,22.524702380028554
front,120.0,oracle-power,full_log_excluding_training,2.6828258666617684,1.784642888322188,2.3212222741721615,2.3570584957252803,0.05125313469892032,0.039409567925545744,0.04747564967948197,0.042773705353416014,0.1709039044645695,0.1319585743796199,0.15631879902437562,0.15185012506357232,3.7203382250975183,2.7066784861592463,3.2993358880358397,3.2881018161445006,2.928286470377561,1.8618615501212834,2.3827116077417263,2.3634587921574033,0.17530890818891098,0.13343394029159739,0.16673517500364582,0.15606180455120625,4.0020738134539755,2.7457967032233888,3.4428538947423974,3.454291998611494,4.476194302547752,3.519771462445102,4.018528157593507,3.6001639412814908,4.250367078316771,3.165652744200637,3.6367236040086186,3.3171492863834207,220,1.0,0.9912597708238108,0.9858464555604871,0.9888709875260694,0.9888802970337444,0,0.0,0.1715606398390282,0.1320553697084385,0.16283357826607048,0.15314510892899044,3.9658205967131472,2.7104335618352433,3.3511360801617496,3.2882282540231733,11,23.272751330138963,20.291788972112357,21.065018311704407,21.906380315929084,0.9992017958875603,0.9647125857703718,0.9842873872965668,0.9899578021121221,220,220,11712.0,11710.0,11711.045454545454,11711.0,81.11858994066637,68.50802713053545,71.5050355441578,75.67260050816239,152.4462174422029,131.53682239896366,136.54187556588056,148.7314640450589,23.915143256638103,20.584879909264238,21.47387994307734,22.13414303858061
front,120.0,oracle-power,training_window,2.2107889612589946,1.634484789623559,1.897857392734691,1.702290512861556,0.04269284797537558,0.03445894999356583,0.03764136418282164,0.03618745261706798,0.14741656807856873,0.11469184847300044,0.1265009419101467,0.12086643678075124,2.964950722084,2.4007513603401947,2.7118776065917145,2.5964937240084636,2.2107889613002176,1.6344847897253005,1.8978573980537,1.702290512866454,0.14741656807858075,0.11469184847300046,0.1265009419101628,0.12086643678075124,2.964950722084,2.4007513603405233,2.7118776065917607,2.5964937240086363,4.1843624145676195,2.9546445949124163,3.580067943420015,3.1877058258665496,3.2148812128485327,2.7782611316092076,3.0506462750876167,2.9374826813607506,220,1.0,0.9934006227599179,0.9890722538444752,0.9918417930730979,0.992668769815455,0,0.0,0.1502317494894964,0.11757946589861168,0.12884071434779507,0.12238906680511519,2.9657646493145027,2.4833176376426285,2.758009477931037,2.717617661261926,11,22.07954475623326,20.276293464514197,21.093450600441727,21.30904308704154,0.9934006226647688,0.989072245069359,0.9918417888228508,0.9926687700305821,220,220,11712.0,11710.0,11711.045454545454,11711.0,76.57660436967225,67.60942457632447,71.55319829645845,73.75742060544003,145.97124902081106,131.1669908802494,140.1315440797692,142.1416860975866,22.29458283301216,20.421138607679257,21.275804871686212,21.521057166498586
front,20.0,oracle-power,full_log,2.613841604839519,1.7917604261314697,2.2405308961819856,2.3735213803727397,0.048218590346908716,0.037529984076380016,0.04299724710560714,0.042702665826081315,0.16613823093166627,0.1277600633742854,0.14520759391281113,0.14785979857337322,3.6664359750735747,2.570169544464078,3.238366540287281,3.3179992401363627,2.667189771779971,1.8594067285243687,2.2743193931607073,2.403094479674068,0.17100369132139398,0.129005616581514,0.1505357644198363,0.15468060901063305,3.851807252900671,2.6459954647405546,3.3562347064498628,3.471059396218692,4.230834228714804,3.48049367955237,3.8459322515631738,4.045130082342887,4.171099286954567,3.020450659939304,3.583431468990703,3.5849897173965353,220,1.0,0.9926363078343736,0.9875566527424943,0.9898575738991813,0.9894827556059538,0,0.0,0.16613823093166627,0.1277600633742854,0.14520759391281113,0.14785979857337322,3.6664359750735747,2.570169544464078,3.238366540287281,3.3179992401363627,11,22.957382053254754,20.323802415911906,21.941756587702056,22.24502708789169,0.99605189288884,0.9751548990029009,0.9817195687238413,0.9812286878174836,220,220,1952.0,1952.0,1952.090909090909,1952.0,80.51875384894029,68.4830971213134,75.37135814181046,77.70004930488071,153.67050225201805,144.98409225186288,149.14556434995222,149.90437255734173,23.702660772202737,20.567705701942586,22.3348811888344,22.524702380028554
front,20.0,oracle-power,full_log_excluding_training,2.65543953622981,1.8000654619744767,2.283038212556198,2.3810446633342375,0.049508097524982676,0.03756009617042956,0.043494494484972675,0.043354180311196366,0.17015743301831238,0.12922390293416763,0.14665028869064714,0.15072309801987765,3.7064834547962766,2.6088738119200237,3.278992538763956,3.3609043401285112,2.7072199064137994,1.868276633851728,2.3201607482443176,2.4555304652370036,0.17506914388651096,0.13084762823844584,0.1523178881936577,0.15704853060746032,3.90686888968656,2.686241064595335,3.4156196912175276,3.539303179091449,4.239993933646431,3.5539530495656964,3.890814190791481,4.0635470681306405,4.206792425675262,3.0692082227458073,3.609742761666151,3.609707359945779,220,1.0,0.9927302262754385,0.9876916808253808,0.9897607655202069,0.9893899338669709,0,0.0,0.17017016864589368,0.1292661558474032,0.14667725699767611,0.1507415095108132,3.707322579990066,2.608983864830943,3.2797118446310134,3.3613149070116073,11,22.96131229071969,20.30278784784526,22.056772123864945,22.481873804570398,0.9964851616661502,0.9739255886350922,0.9816490922466432,0.9811613527353985,220,220,1952.0,1952.0,1952.090909090909,1952.0,81.21610775297668,69.59324433829434,75.56019764409338,77.91858243894953,153.67050225201805,144.81985687051449,149.13063386073875,149.90437255734173,23.60982591207584,20.60274971495456,22.3923480974367,22.498072701689363
front,20.0,oracle-power,training_window,1.9732141368560754,1.4172045662842039,1.678654464900166,1.7130784324037962,0.03831997874526996,0.03240378328760401,0.03530080324173423,0.03534314857898528,0.12391812586208908,0.1089844434559854,0.11683585406635269,0.11739696406254385,2.8689999677472215,2.1282786099516224,2.440027927731945,2.4853933791040355,1.9732141385099258,1.41720459803013,1.6786544706936903,1.7130784323473072,0.12391812586208908,0.1089844434559854,0.11683585406635344,0.11739696406254385,2.8689999677472215,2.1282786099516224,2.4400279277319488,2.4853933791040355,3.4509412769409282,2.3915914498206536,2.858814704912722,2.823336313630542,3.1757787781639992,2.53825989027033,2.754958691190828,2.745456569501722,220,1.0,0.9940417293981726,0.9922921491185364,0.9930804922617154,0.9930850676323895,0,0.0,0.1377394597723316,0.11785114399841957,0.1269371922398674,0.1201064304184549,2.947511793961548,2.232496801688917,2.597612591628943,2.542026662963254,11,22.504271141883216,18.851586042701214,20.733367700514847,20.039324849008608,0.9940417293566884,0.9922921491803156,0.9930804969593506,0.9930850674802565,220,220,1952.0,1952.0,1952.090909090909,1952.0,76.75806874025247,60.15593034287218,69.81840116184925,68.5115704319122,125.27300965539557,112.00114700513741,117.60385485820501,120.06269069374967,22.699427707714452,18.960273121344898,20.889568768993858,20.131818835001138
front,40.0,oracle-power,full_log,2.613415148091211,1.7682455966967656,2.231068207957031,2.364575793161542,0.0477251215621735,0.03724900719189883,0.0426875524011919,0.042634107550931166,0.16443797320272655,0.13067611073308216,0.14413149527229746,0.14762241262666148,3.637060800254133,2.5509273771953094,3.2163071987193828,3.3126722587769386,2.636667534817806,1.8904537612217762,2.252666251403006,2.379980295755313,0.16717564803892107,0.13161504879407895,0.14909112181249132,0.1541669684996179,3.6578501199291917,2.6302238676600527,3.3235612052240313,3.5591725665375504,4.474423007757416,3.547918012011988,4.091468403299269,3.9976438166818093,4.16361737324047,3.0188647889161278,3.6764772389654015,3.6077503182698205,220,1.0,0.9923787931745749,0.9879994523177398,0.9899097075754281,0.9895152987174645,0,0.0,0.16443797320272655,0.13067611073308216,0.14413149527229746,0.14762241262666148,3.637060800254133,2.5509273771953094,3.2163071987193828,3.3126722587769386,11,23.160845246792604,20.40836352375336,22.054322531178,22.386031448118565,0.9982015060962826,0.9771411517627783,0.9865978797387318,0.9922527976382811,220,220,3904.0,3904.0,3904.1363636363635,3904.0,80.51875384894029,68.4830971213134,75.37135814181046,77.70004930488071,153.67050225201805,144.98409225186288,149.14556434995222,149.90437255734173,23.702660772202737,20.567705701942586,22.3348811888344,22.524702380028554
front,40.0,oracle-power,full_log_excluding_training,2.709026314365714,1.7767993110113562,2.308960656800981,2.3667976613074773,0.04805595752942356,0.037452936395363415,0.04369776668186286,0.04395829970827926,0.1653561270895746,0.1348093328091161,0.14652604635807795,0.1501063335206576,3.7563181783440767,2.6149754280804727,3.3029656354341963,3.3641092997238236,2.7354323723015064,1.9078397255057609,2.3491687800665106,2.4055719782715186,0.17186467349503498,0.13567789866144686,0.15204263557402545,0.15803233061094257,3.8618895379749576,2.6795212789908667,3.43780194814623,3.687957665368696,4.602866696735223,3.6994728346665853,4.188021413574325,4.057881817990115,4.244328587242937,3.1219486228216056,3.729108853739031,3.7222890853912203,220,1.0,0.992108063943296,0.9876220751043415,0.9897439884185233,0.9890903412942491,0,0.0,0.16545039496700018,0.13481835727826336,0.14662469709922682,0.15013457901028016,3.756956474763772,2.6152262619119915,3.3051396097961008,3.3660586654171882,11,23.052997697965623,20.41740556684116,22.30140930416927,22.646223608159424,1.0019593204544877,0.974265473092402,0.986460580151574,0.9920736381316919,220,220,3904.0,3904.0,3904.1363636363635,3904.0,80.87941667513564,70.1815898743203,75.66012991947308,78.29226327867502,152.4462174422029,135.89296889344487,147.2251433802145,148.7314640450589,23.532664190255915,20.551760555112224,22.55089065515737,22.45820799698266
front,40.0,oracle-power,training_window,2.1439724169726757,1.5017991564646924,1.7573028738075285,1.6999383874567726,0.039223673084024344,0.032737134220551065,0.03609083369440257,0.03448012232681802,0.13169408500598795,0.11112988668572353,0.12233627980335891,0.11761745569178608,2.965859684417567,2.242572454347354,2.5541351546190714,2.550770282724871,2.143972416865079,1.5017991741502192,1.7573028960370414,1.6999383874447704,0.13169408500598798,0.11112988668573037,0.12233627980455396,0.11761745569178608,2.965859684417568,2.242572454347354,2.554135154619084,2.550770282724871,3.8476036746037665,2.595205677450923,3.198559722267143,2.931016767410349,3.53675524398342,2.509016798036961,2.9780867711630865,2.940730160852876,220,1.0,0.9938056739291186,0.9912904036202581,0.9923646983635933,0.99305891833583,0,0.0,0.13749582239042302,0.11588126765765455,0.12777573036403422,0.12422976022098628,3.021868353444315,2.3268355442606863,2.6802858277644126,2.6942515462527066,11,22.4744820580013,18.089177939051233,20.532254616870308,20.48831121376601,0.9938056638412296,0.9912904024216553,0.9923646737559765,0.9930589183879974,220,220,3904.0,3904.0,3904.1363636363635,3904.0,77.92730070832852,61.1065724994305,69.83511160198988,68.16102855213721,134.93422474103428,115.10837251454872,127.22685948096628,128.48474116409312,22.668574509535514,18.213970723814057,20.70510405275759,20.6791755745095
front,5.0,oracle-power,full_log,2.757581660275642,1.852309224465631,2.5996545582613324,2.418636768977809,0.05373568663309648,0.03858855752077446,0.04870629697499334,0.04566564491655035,0.1827474814159258,0.13644415813010516,0.16335198360521133,0.1574678076752021,4.117964737192516,2.6426639324665864,3.706735220111581,3.3179434041061153,2.9398022993619097,2.034996493771886,2.63151472231432,2.5961950854383975,0.1948036183178739,0.13964552199271457,0.17651026799837902,0.16443387105975,4.387893525162788,3.009092260175322,4.003990951373043,3.788466779991033,4.819152453030371,3.8551434312585764,4.577253670098075,4.248385619064447,4.623133655436963,3.158674858562242,4.139729528707762,3.9347475668794196,220,1.0,0.9909080137095712,0.9858611958492771,0.9877412563777164,0.9882729882711764,0,0.0,0.1827474814159258,0.13644415813010516,0.16335198360521133,0.1574678076752021,4.117964737192516,2.6426639324665864,3.706735220111581,3.3179434041061153,11,23.159190719044943,20.446555690264397,22.296351415916174,22.092124475089648,0.9953219452361525,0.9770713483021642,0.9950240145352424,0.9822506572756866,220,220,488.0,488.0,488.0,488.0,80.51875384894029,68.4830971213134,75.37135814181046,77.70004930488071,153.67050225201805,144.98409225186288,149.14556434995222,149.90437255734173,23.702660772202737,20.567705701942586,22.3348811888344,22.524702380028554
front,5.0,oracle-power,full_log_excluding_training,2.7613025617844613,1.855725460902339,2.6207035419307503,2.419131794212324,0.05367506660439474,0.038944547880717356,0.04897477834392794,0.04572739033527468,0.1833211359352828,0.13747050817640782,0.16401459050131634,0.1574777240873098,4.13859505214199,2.6505178415828747,3.726386326624551,3.3333393337756885,2.9573579344206866,2.0418962986236897,2.6625657592211884,2.6405823592830067,0.19623317748681368,0.14077650486543397,0.17771444007475987,0.1655349984481961,4.416432300097783,3.004944508285317,4.034242205929542,3.7981194596462995,4.8359144759391555,3.8737754638652913,4.589637338409153,4.258271206416818,4.646475553039596,3.1711099566432965,4.1547691335241,3.9408499817524847,220,1.0,0.9908645239566328,0.9858747641987025,0.9877083797376581,0.9882587522610089,0,0.0,0.18332609325486954,0.13747138163189668,0.16402209747171143,0.15748443678947083,4.138696853927447,2.650520703642326,3.7265719347038977,3.333367993702357,11,23.12906113391631,20.49474026093381,22.314861499660932,22.12000082767647,0.995317201351364,0.9766150074618121,0.99505948005408,0.9820713426820709,220,220,488.0,488.0,488.0,488.0,80.77214152137088,68.75149186892104,75.4717313233834,77.76314580517575,153.67050225201805,144.98409225186288,149.14556434995222,149.90437255734173,23.702838838507102,20.598237833808,22.380877000680076,22.574643379384764
front,5.0,oracle-power,training_window,1.556041593858894,1.2057344250829938,1.3388142330167467,1.412264703189484,0.03393014099792356,0.02956050639130231,0.031278027602436614,0.03061840636916653,0.11129933902932282,0.09964990026154608,0.10596927760317348,0.10642400873307155,2.136919835137891,1.5946519274056081,1.9016490879846992,2.029259304518437,1.5560415920837496,1.205734428161366,1.338814247717279,1.4122647109152124,0.11129933902932285,0.09964990026155021,0.10596927784903847,0.10642400873312954,2.136919835137891,1.5946522206804756,1.9016491146463133,2.029259304518437,2.514573515301646,1.7569879431027935,2.1790344056587254,2.2471762403245497,2.040264186629287,1.5171617270279085,1.7701684712160881,1.8772807522594372,220,1.0,0.9950219240437526,0.993786915078359,0.9943075406842254,0.9943196266177601,0,0.0,0.14195919658989847,0.11180906104514518,0.1324909487738079,0.12747114919251049,2.684657933817864,1.9764100775083837,2.475767788986308,2.3241377077516097,11,19.072953724508068,16.58150109732292,18.015977329646006,18.865554786563333,0.9950219168852299,0.9937869143297522,0.9943066358979721,0.9943196036597679,220,220,488.0,488.0,488.0,488.0,67.33708574988705,57.36958179557877,61.6747295726243,62.77560735485764,105.24747150105794,83.99381515335487,94.12414980912563,97.2151890459368,19.202193557357198,16.68056402032694,18.133546094380655,18.927690997462705
front,60.0,oracle-power,full_log,2.565620080430949,1.7654493076986457,2.193885248501218,2.2402717758489743,0.04695069691493133,0.03707376929507115,0.042083008336631776,0.04189108728030891,0.16176967576895596,0.11930024376364631,0.142169762496717,0.14418241113500926,3.6080154797071557,2.5389265432875243,3.167694755876141,3.235478035292953,2.5791104733481096,1.8626739816644362,2.2147862974025894,2.3039752967236726,0.16545854034421095,0.12146900593547223,0.14528257353118204,0.1481710840299355,3.617298184832351,2.605355461714093,3.2362589257310286,3.305914524494482,4.842031974490762,3.4052971412316664,4.1887446331968645,3.862815669390913,4.103232029637314,2.984069276123992,3.639597785569475,3.4542841942155063,220,1.0,0.993258586946138,0.9879511563224301,0.990123964704868,0.9900878180928605,0,0.0,0.16176967576895596,0.11930024376364631,0.142169762496717,0.14418241113500926,3.6080154797071557,2.5389265432875243,3.167694755876141,3.235478035292953,11,23.253129157098883,20.404795944454875,22.020025536204745,22.266006169248705,1.0047681277070453,0.9781395082061768,0.9854346197613335,0.9885149998248492,220,220,5856.0,5855.0,5855.454545454545,5855.5,80.51875384894029,68.4830971213134,75.37135814181046,77.70004930488071,153.67050225201805,144.98409225186288,149.14556434995222,149.90437255734173,23.702660772202737,20.567705701942586,22.3348811888344,22.524702380028554
front,60.0,oracle-power,full_log_excluding_training,2.6023385514797677,1.7491564085919022,2.3021890116658255,2.345540500146551,0.04863968051201607,0.037754296077420174,0.043277493923289966,0.041869011313219705,0.16601048072958674,0.11890189815735938,0.1444546879967292,0.1453957191388359,3.695726536539901,2.66450178911023,3.2795582138268884,3.3128293995621867,2.727554965926025,1.8921991540454406,2.336352444930501,2.364922290817863,0.17164704441134232,0.12291761345377455,0.14940559264434541,0.1530523472580143,3.815571053336794,2.690560720412652,3.3907545512070683,3.4728270237902645,4.907523622780339,3.4911909949152324,4.264386232824322,3.947654397184481,4.224920537676992,3.140672204059834,3.7102875955015153,3.4146282704593514,220,1.0,0.9936128862244016,0.9871444943635408,0.9899688009339631,0.9898682231503347,0,0.0,0.16618814407155819,0.1195857502290974,0.1446711197136756,0.14561056138536435,3.6958458431134567,2.665169462960205,3.2845205407782845,3.315460586766376,11,23.06987156897451,20.37119313595096,22.382157590299027,22.505400777180803,1.0101333654288198,0.9749482049664946,0.9848670827392774,0.9858961161492708,220,220,5856.0,5855.0,5855.454545454545,5855.5,81.4217450046893,70.04919659817094,75.74404326576594,77.73990426123005,152.4462174422029,134.93422474103428,146.32650735535728,148.7314640450589,23.54693194767114,20.537856340680328,22.71852450781682,22.513578517151423
front,60.0,oracle-power,training_window,2.2401710316678236,1.5402121572149667,1.8426101282998602,1.8622379658112604,0.04102189183332292,0.033925662447782494,0.036773281878000434,0.035899396093299285,0.1368482607407791,0.1136262716353116,0.12544607840796218,0.12253989569510176,2.9919774085545763,2.273243187373382,2.6212298438731096,2.5341763059385256,2.2401710316801355,1.540212169281857,1.8426101741048213,1.8622379661380912,0.1368482607407791,0.11362627163531161,0.12544607840796837,0.1225398956951658,2.9919774085545763,2.273243187373382,2.6212298440858346,2.5341763059385505,4.184398844585145,2.732827781591696,3.4421276292916643,3.324576877661215,3.5944199904188197,2.517166021186454,2.9743949702793113,2.9441601505111894,220,1.0,0.9935229809074706,0.9905920210918739,0.9919727696007762,0.9924611562206838,0,0.0,0.14007448873778774,0.1204022216181324,0.13060155952436855,0.12657605300520314,3.005751296774317,2.2890816635231914,2.7322781575932,2.718847139211155,11,22.222704670815876,18.466210645773383,20.806006351155336,20.733138344549488,0.9935229808949163,0.9905920202356516,0.9919727515709824,0.9924609659249352,220,220,5856.0,5855.0,5855.454545454545,5855.5,79.8156491242973,64.64509530782601,71.41179732158471,69.62861118821735,141.31694139341133,125.90022639012892,133.5069577039691,136.14620959402913,22.456558956969438,18.555393413710753,20.977374393714072,20.87511092084815
front,10.0,self-supervised,full_log,3.3070466548700184,2.9146301053897528,3.135904450161677,3.2110112906098927,0.06436356414707868,0.0509163905583604,0.05655568307889494,0.05527479736791089,0.2138462872463665,0.17630017017448663,0.1910425412155262,0.18982219036155573,4.441187462638146,3.9185673964709578,4.237529457196307,4.179077533595459,10.826697562986284,5.069908820113977,7.853065167344519,7.094337433693634,0.5302500568558073,0.25769275939201214,0.3898015426664315,0.3675801334068607,11.521938260020189,5.78266971888945,8.667826476133548,7.880631685984823,6.4980702364272975,5.85486948211755,6.046097451740249,5.952131727528553,5.936113133327087,4.634230631193917,5.20524366993072,4.922987476786524,220,1.0,0.9883000214956115,0.9855635851565995,0.9866479954659538,0.9875860448403283,1,0.004545454545454545,0.2138462872463665,0.17630017017448663,0.1910425412155262,0.18982219036155573,4.441187462638146,3.9185673964709578,4.237529457196307,4.179077533595459,11,21.805640410407555,18.263406418434492,20.505146343346283,20.984018270557407,0.9477047011915838,0.9003104236366807,0.9190076053220463,0.9128227721950875,220,219,40.5,35.5,37.13636363636363,37.0,80.51875384894029,68.4830971213134,75.37135814181046,77.70004930488071,153.67050225201805,144.98409225186288,149.14556434995222,149.90437255734173,23.702660772202737,20.567705701942586,22.3348811888344,22.524702380028554
front,10.0,self-supervised,full_log_excluding_training,3.302078939983509,2.927163327901753,3.1437989688343793,3.1474485233073297,0.06525638798775485,0.05103554293998302,0.0567074269100984,0.05541261345032997,0.21457297528542613,0.1765729370327645,0.19129046338904002,0.19104303445503162,4.455344036644556,3.920839879947094,4.244112086378244,4.140180346947707,10.757576917866896,5.0426913687504396,7.836179216341594,7.07827313877616,0.5269803747198121,0.25695842751941345,0.3891636561249378,0.36785776670756043,11.42866611476165,5.789496719004803,8.661600011616695,7.883870067140757,6.50548606618901,5.861901083076635,6.060467277792323,5.953668793331006,5.961899134730839,4.634113366074131,5.205597039063764,4.919789117567132,220,1.0,0.9882518476653857,0.9854550799439734,0.9866137081398286,0.9876021447351764,1,0.004545454545454545,0.21460090060784692,0.17658335467561287,0.1913047974029243,0.1910483353696928,4.455467713394601,3.920941292892016,4.244410540170802,4.141918538479839,11,21.855324433882366,18.242423392135876,20.468552525952695,21.065188961607472,0.9470090953949815,0.9006277992924578,0.9194997111874322,0.9136876598326549,220,219,40.5,35.5,37.13636363636363,37.0,80.86783762859386,69.08531575241426,75.39537974851281,77.76457297351295,153.67050225201805,144.98409225186288,149.14556434995222,149.90437255734173,23.707631890510285,20.60449001269179,22.37249922942006,22.604706452395806
front,10.0,self-supervised,training_window,2.8996123080666925,2.3204639771460203,2.5811655139013676,2.723317819436571,0.05925334013673299,0.04964655349385504,0.053767453802069515,0.05307686346619502,0.19193490709412608,0.16324888860672238,0.17647618745065333,0.17537074128888658,3.708489159905753,3.160386767516224,3.375656468058473,3.5393239519329542,12.450686112393756,5.119488827991747,8.061617809061325,7.371686879515937,0.6174863637196228,0.32142970466263265,0.4683201645590973,0.3926667512289178,12.911745255512475,5.723981226001877,8.598020256138819,7.946686901139659,5.197938212227548,4.1602531359861645,4.559606340354126,4.396510294742278,3.7795639180517404,3.1786649670940452,3.5478727410315027,3.449259799741465,220,1.0,0.9908516831380064,0.9874949719115196,0.9885657624066877,0.9895988231471994,1,0.004545454545454545,0.20676263691614988,0.17727377951706233,0.1904186479236004,0.183928579775369,3.9118605645236313,3.3806209973827888,3.674361072097643,3.7850543538321006,11,19.21692401480901,16.35452911801726,17.955393621836066,18.318110520054525,0.9512842075967207,0.902430399834888,0.9258610257972858,0.9378024675535405,220,219,40.5,35.5,37.13636363636363,37.0,72.52002491085736,58.696165827154935,64.57363849435136,65.36716489563204,118.969163431541,94.65161650018908,106.95918896518606,107.54200519072413,20.572575549885403,18.10030472651728,19.42375975272987,19.819635599045128
front,120.0,self-supervised,full_log,3.5262790048839117,2.571026200365461,3.1639982693299697,2.799543226588113,0.06776452454258775,0.04886550861923354,0.05998378504405386,0.05186458656077735,0.23348418413797062,0.16605464263304284,0.20369326805457622,0.18178681531635515,4.961024053954796,3.7262946615211376,4.449244842455934,4.0281131074851375,9.148392788860855,3.2780990546441195,7.110145484937747,7.196766161126243,0.473603057164579,0.18937253746126775,0.38157367350095356,0.34236482300942106,9.915643122916673,4.430667128743071,8.216403866694929,8.114957260127538,5.434825145102696,4.082414201431922,4.977149943072569,4.963227059343628,5.250508679531053,4.082414201431922,4.79189719302255,4.6622497638520635,220,1.0,0.9880683992298089,0.9816979565923172,0.9830069515176558,0.9858995250820989,0,0.0,0.23348418413797062,0.16605464263304284,0.20369326805457622,0.18178681531635515,4.961024053954796,3.7262946615211376,4.449244842455934,4.0281131074851375,11,25.7019918064496,21.708790760991704,23.69515949914557,23.585114395152146,1.1013728451805078,1.02343812251114,1.0627250726289235,1.0605505296417537,220,220,228.5,163.5,189.04545454545453,178.0,80.51875384894029,68.4830971213134,75.37135814181046,77.70004930488071,153.67050225201805,144.98409225186288,149.14556434995222,149.90437255734173,23.702660772202737,20.567705701942586,22.3348811888344,22.524702380028554
front,120.0,self-supervised,full_log_excluding_training,3.6364045328045216,2.6611806220352516,3.2311769680822846,2.842357998249855,0.07395365692915908,0.05039559411546024,0.06612220303149575,0.058780716865965046,0.24938669419272957,0.16951714848703847,0.22193473037738992,0.1963034071196848,5.035603062031058,3.8211417598126687,4.451216693910495,4.051412177996677,9.105364003982423,4.536728263039562,7.312409308492447,6.91516963914596,0.47464971132693806,0.20028255808178552,0.3995014912997613,0.42646842661047274,10.511351609213929,5.379200049484824,8.33139415670454,7.487286162571424,5.522488362269549,4.410350677301452,5.034425985578726,4.931084268714262,5.201383709026235,3.8837612136723036,4.71875526991701,4.725636050680263,220,1.0,0.9875948343573516,0.9824823563406766,0.9822078579879203,0.9845642118383745,0,0.0,0.2495394708333492,0.16969350112370657,0.22521849491589727,0.19647167897486625,5.159947271757764,3.8306648225592905,4.552228913250115,4.133956874040967,11,25.08105411832549,21.428098613829665,22.93983645484,23.059550677657263,1.1050206616395686,1.0349949197525383,1.0779828192543208,1.0589177528840255,220,220,228.5,163.5,189.04545454545453,178.0,81.11858994066637,68.50802713053545,71.5050355441578,75.67260050816239,152.4462174422029,131.53682239896366,136.54187556588056,148.7314640450589,23.915143256638103,20.584879909264238,21.47387994307734,22.13414303858061
front,120.0,self-supervised,training_window,3.124380895935168,2.3809322803396142,2.9699881976034517,2.7079394647662536,0.061187031487247405,0.04898652237010494,0.05988122224233893,0.05435610238020671,0.2144514100581967,0.16568940388728778,0.2029378153854683,0.1940021287991862,4.741823694001134,3.652716936892088,4.303977274438363,4.0726797539669635,8.827506528430959,3.2041967481954594,7.00028835407658,7.061849904540497,0.4875088433675863,0.19798459976925653,0.3869856417971644,0.37059936276264427,9.604338217338132,4.387764195950226,8.107866958491638,8.418464002640343,5.581970149167555,4.462555423893063,4.999128411694449,4.897528098919548,5.4632365538742835,4.202037411461248,4.889318780411828,4.705405763526027,220,1.0,0.9874092623161694,0.9813290528780239,0.9827617662570034,0.9850264506962123,0,0.0,0.22457620562797714,0.16595151868630262,0.2050744198952907,0.19495587225980526,4.852340756724196,3.653542656421129,4.3513477613561165,4.0842432898602645,11,23.703347958898213,21.356336149733774,22.53234614403903,22.12083478250407,1.0998396419431093,1.015496706238587,1.0632299407379007,1.0666943905158728,220,220,228.5,163.5,189.04545454545453,178.0,76.57660436967225,67.60942457632447,71.55319829645845,73.75742060544003,145.97124902081106,131.1669908802494,140.1315440797692,142.1416860975866,22.29458283301216,20.421138607679257,21.275804871686212,21.521057166498586
front,20.0,self-supervised,full_log,3.460670771838653,2.8039679988154598,3.163980346661316,2.9520832118313525,0.06412398132736623,0.04963842447462495,0.0579526803119316,0.056276246312631506,0.20775855285218015,0.1713292259913114,0.19570433740339038,0.19390106468458193,5.057705104886205,3.793114701026478,4.355583782342287,3.9883194319911954,13.734291598051755,5.341471882898691,8.603592546065194,8.014058693110316,0.5693047018415658,0.26983073437051586,0.4213374717684523,0.39268655760759763,14.164961892599331,6.055047959249924,9.436109265101274,8.852156344032341,6.920942485550707,5.014146874634815,5.998781733095128,6.227550677508193,6.238567110519621,4.693002500534524,5.209277470705377,4.954722254858217,220,1.0,0.9887453477437831,0.9844393710153523,0.9857434186406533,0.9877461362214381,0,0.0,0.20775855285218015,0.1713292259913114,0.19570433740339038,0.19390106468458193,5.057705104886205,3.793114701026478,4.355583782342287,3.9883194319911954,11,22.92955915636343,18.927583656181913,21.04612947452582,21.609825615486955,1.000239552971616,0.8748836844286321,0.9458554776262349,0.9591234070515229,220,220,51.0,50.0,49.86363636363637,50.0,80.51875384894029,68.4830971213134,75.37135814181046,77.70004930488071,153.67050225201805,144.98409225186288,149.14556434995222,149.90437255734173,23.702660772202737,20.567705701942586,22.3348811888344,22.524702380028554
front,20.0,self-supervised,full_log_excluding_training,3.5033335264402856,2.8177788732038795,3.1908541918198634,2.956562594953289,0.06369228070105284,0.0491220283748362,0.058140651231674105,0.05670756510384806,0.2086015607334159,0.170091840158619,0.19603478437588412,0.19473661018054356,5.1133498664970345,3.786475858554878,4.378011291842948,3.952972900779343,13.728720406015025,5.353220305597711,8.597201770282329,8.088337153834926,0.5631875247170914,0.27037843328840977,0.41943246030744225,0.3914149533512289,14.170012832497626,6.107372976203012,9.437184541272957,8.944982275281593,7.040696593365937,5.031613101509923,6.024042568206485,6.221580215342811,6.156361246076305,4.6765228822743214,5.201749661710877,4.947315023965109,220,1.0,0.9892346319597269,0.9842971864047529,0.985810078524887,0.9879276245145393,0,0.0,0.20860689258287066,0.17011289313966335,0.1960758140771497,0.19476715203777012,5.113518484278441,3.7868248110180653,4.378739453267273,3.954081452800284,11,22.980990566150275,19.076602419568363,21.113148209231262,21.752164948798523,1.0002206631069215,0.8739330853791315,0.9454919279474084,0.9602025245866135,220,220,51.0,50.0,49.86363636363637,50.0,81.21610775297668,69.59324433829434,75.56019764409338,77.91858243894953,153.67050225201805,144.81985687051449,149.13063386073875,149.90437255734173,23.60982591207584,20.60274971495456,22.3923480974367,22.498072701689363
front,20.0,self-supervised,training_window,3.031993803556017,2.3230801792974645,2.7356116116010507,2.6618966933833685,0.06411489678839989,0.04923716071087825,0.05700457292258769,0.05537670708793842,0.21038141404364136,0.16850552790794504,0.18938909193337167,0.18524262359546206,4.375396469891399,3.3813072652269023,3.841611570017797,3.543012408218754,13.9932066414494,5.808679221675163,8.647319141246074,7.437292137691813,0.6422697083216689,0.3106640018339406,0.46616120755425167,0.39675106509258257,14.241356844775881,6.459997286517034,9.309147461919952,8.084372388359533,5.608252955604662,4.635196484132245,5.132432737645616,5.02595809250513,4.936188303171197,4.08097054766421,4.655549469593148,4.331158809445874,220,1.0,0.9882059100719377,0.9844491553704993,0.9860050563295434,0.9873706540916802,0,0.0,0.21783238270682426,0.1812060563355074,0.19810296002127517,0.20189904322288632,4.419371751611118,3.6442193204076347,4.058816568997007,3.8852411692277524,11,21.057632213421677,17.871506171110553,19.34345333352982,19.742935649217323,1.0003782491276296,0.9148880758556963,0.9521783431466205,0.9612071109182272,220,220,51.0,50.0,49.86363636363637,50.0,76.75806874025247,60.15593034287218,69.81840116184925,68.5115704319122,125.27300965539557,112.00114700513741,117.60385485820501,120.06269069374967,22.699427707714452,18.960273121344898,20.889568768993858,20.131818835001138
front,40.0,self-supervised,full_log,3.258459260252701,2.5931793684874975,2.9585030420348435,2.741765354125932,0.061776333403158454,0.04723940377246155,0.05758543140288928,0.053868804979813376,0.21285173770542487,0.16222740783249479,0.1956237852424851,0.18339634019445222,4.442798697507666,3.704688019921052,4.2538125033315,3.7955643035709006,9.338232467756217,4.4358353742624566,7.2627838729939045,6.730989330628034,0.4478786208384079,0.1880788048538282,0.37461738407856054,0.39303874299979913,10.12471490300334,5.163500301340469,8.12297448392798,7.824042309179758,5.8094794828203415,4.357057918290256,5.604321002390666,5.1453271256903985,5.011218207831783,4.353990294235164,4.9036526905801505,4.464660669609608,220,1.0,0.9893665373123564,0.9814504206176861,0.9832425125979956,0.9869299217064724,0,0.0,0.21285173770542487,0.16222740783249479,0.1956237852424851,0.18339634019445222,4.442798697507666,3.704688019921052,4.2538125033315,3.7955643035709006,11,24.263346458548252,20.978016005469122,22.445913716870592,23.163132043846716,1.0733175455197776,0.9816532436502918,1.0034024773609547,1.019949250026841,220,220,84.0,52.0,67.22727272727273,63.5,80.51875384894029,68.4830971213134,75.37135814181046,77.70004930488071,153.67050225201805,144.98409225186288,149.14556434995222,149.90437255734173,23.702660772202737,20.567705701942586,22.3348811888344,22.524702380028554
front,40.0,self-supervised,full_log_excluding_training,3.252093322795057,2.668389749226264,2.9982192899795277,2.7250826751166466,0.06287970646040866,0.047046167081592816,0.058148441566385344,0.05455970183175508,0.2157846439572577,0.1622704812561615,0.19698846267531317,0.1839131869663426,4.511159753191222,3.7757042986539533,4.281057368193347,3.835793388617312,9.4670973521593,4.449356648384056,7.299673381979833,6.787650441528902,0.4483061405797103,0.19130813026960897,0.3744307343209302,0.39853262209672297,10.209220902712694,5.212684437745086,8.187569501359482,7.883277228315585,5.844148570233404,4.393263001766478,5.651514196041898,5.159844857472011,5.023317185921892,4.2600911832855655,4.925211188509499,4.468421033104139,220,1.0,0.9895451629311367,0.9813118199359083,0.9832775223982204,0.9863354280604826,0,0.0,0.2159095785987673,0.16235903538893542,0.19707234255853442,0.18392366518328832,4.5163176775139355,3.775919324761165,4.283223853654578,3.835833920064796,11,24.434200481180827,21.125110132338914,22.6013000490637,23.240139523986553,1.0756063951177555,0.9864158455733463,1.006004739714402,1.021593841773292,220,220,84.0,52.0,67.22727272727273,63.5,80.87941667513564,70.1815898743203,75.66012991947308,78.29226327867502,152.4462174422029,135.89296889344487,147.2251433802145,148.7314640450589,23.532664190255915,20.551760555112224,22.55089065515737,22.45820799698266
front,40.0,self-supervised,training_window,2.9904826332022703,2.253144966753513,2.6320933373546636,2.560108118707292,0.05552920840980462,0.04835846017091522,0.056253828019299484,0.050781816975270705,0.18849797462580314,0.1638207278341937,0.18770258748295757,0.17034476453124484,4.103879283512874,3.3549889668804216,3.7913997673656605,3.684003676550828,8.482467113674552,4.427939541062533,6.892684165234585,6.353984982936601,0.44788613021655277,0.21706286325696916,0.38777450236915156,0.3577718843183665,9.068940806858354,5.0661476054228,7.691683972558486,7.28037379052694,5.09723561205721,3.9510424360097094,4.953568165218906,4.656565570597915,4.657641623693355,4.145002022217717,4.609070125298647,4.364446951782904,220,1.0,0.9891439546731285,0.9843120007464823,0.983936855051202,0.9864479358581979,0,0.0,0.19360691732917812,0.16996981833585545,0.19382771646202102,0.1804695284440256,4.233350015003597,3.520481464284458,3.9069932286245606,3.811940968073512,11,23.049741162376613,17.561254436565605,20.503327412850194,20.76631865048288,1.0420261219985107,0.9675496355391985,0.9935528590902617,1.0184984983652996,220,220,84.0,52.0,67.22727272727273,63.5,77.92730070832852,61.1065724994305,69.83511160198988,68.16102855213721,134.93422474103428,115.10837251454872,127.22685948096628,128.48474116409312,22.668574509535514,18.213970723814057,20.70510405275759,20.6791755745095
front,5.0,self-supervised,full_log,3.6820569007101502,3.31845459379886,3.455478836527435,3.4774672893773486,0.0697292688090517,0.05580858996601493,0.06214356130068999,0.05919531753960172,0.24025375442849622,0.18441378307503029,0.21001940693277954,0.20328586208510063,4.940450724593016,4.336330191995231,4.6341258989555705,4.744524804887718,11.510764995736775,5.478257932618847,8.254407962623475,7.344427280706276,0.5030656978136617,0.2994864213077599,0.4117645924170072,0.404451098833678,12.191583599208775,6.720526660512114,9.146723101868302,8.171848443565764,7.644439967959616,5.964823053489583,7.351790687071442,6.824268777672453,6.780152872391831,5.435689555524077,5.9543092536952225,5.964823053489583,220,1.0,0.988123404091497,0.9829366475416824,0.9840019684056108,0.9855825987928399,1,0.004545454545454545,0.24025375442849622,0.18441378307503029,0.21001940693277954,0.20328586208510063,4.940450724593016,4.336330191995231,4.6341258989555705,4.744524804887718,11,22.061835285787197,18.36968542250901,20.382695827826165,20.782233077076874,0.9429518417257577,0.8802475746089228,0.9139065275809647,0.9045563382833284,220,219,18.5,17.0,17.954545454545453,17.5,80.51875384894029,68.4830971213134,75.37135814181046,77.70004930488071,153.67050225201805,144.98409225186288,149.14556434995222,149.90437255734173,23.702660772202737,20.567705701942586,22.3348811888344,22.524702380028554
front,5.0,self-supervised,full_log_excluding_training,3.6997901989321873,3.314035674314719,3.4673379828749678,3.4746689380566544,0.07002795748073024,0.05580132133497043,0.062227438895078355,0.05947896625965368,0.24080632985058495,0.18511895278377227,0.21023286261313084,0.20358928773327778,4.980317666204763,4.347247232776942,4.646491118738847,4.746267265740166,11.493597042546169,5.4889513070231715,8.250681427156778,7.347511614721737,0.4995697705811289,0.29903668297853636,0.41105697861453566,0.40396194278472214,12.184398251960559,6.716675891126581,9.14233079181716,8.172542218297876,7.648201560967989,5.971756474753803,7.358327230068676,6.8221334816497885,6.784569479919943,5.458839384558965,5.960271321974958,5.971756474753803,220,1.0,0.9882463155801704,0.9828037978383016,0.9840121352266388,0.9856066305617575,1,0.004545454545454545,0.2408078764507205,0.1851213936680967,0.21023700218000937,0.20359089593288388,4.981000377469057,4.347355548648821,4.646592204951987,4.7463037003686255,11,22.083272444740647,18.298876957235144,20.414903088909394,20.84974298584106,0.9420812438133359,0.8800125918565943,0.9136799541121771,0.90463633477987,220,219,18.5,17.0,17.954545454545453,17.5,80.77224475162805,68.75149186892104,75.47174070795224,77.76314580517575,153.67050225201805,144.98409225186288,149.14556434995222,149.90437255734173,23.702838838507102,20.598237833808,22.380956577103447,22.574643379384764
front,5.0,self-supervised,training_window,2.9067059869681344,2.3347679047017174,2.6178676026355903,2.568997919345276,0.06168925336283383,0.0518585256725672,0.05677603555223374,0.055062056583681684,0.2058967801745622,0.17741779294867377,0.19271091860612807,0.18091096495075562,3.807226457509244,3.088586243772551,3.449827429573526,3.4116982354239207,12.222374900072912,4.949969366358145,8.269785064373773,7.480017493078455,0.8200209999580466,0.33063118695994065,0.5077692008256008,0.39829070685292756,12.485778143898456,5.926168842341024,8.957106884690786,8.173770896248662,4.831427761765994,4.17383889704222,4.565400561793921,4.434591643933502,3.3365671525314475,2.5276064574931025,2.9079635981462353,2.792746034996642,220,1.0,0.9897247007189613,0.9851322218199756,0.9868968163625531,0.987534514086295,1,0.004545454545454545,0.2156518695357479,0.1858652797693934,0.21107874520793057,0.20230724056670957,4.26085613163132,3.6325511849907466,3.8631142343348728,3.8894415468103514,11,18.39593637138966,15.235491185527358,17.033111220822207,17.099552862465472,0.9758478025850852,0.8888218071726394,0.9369286223760551,0.9484886162090147,220,219,18.5,17.0,17.954545454545453,17.5,67.33708574988705,57.36958179557877,61.784264351979694,62.77560735485764,105.24747150105794,83.99381515335487,94.12414980912563,97.2151890459368,19.202193557357198,16.68056402032694,18.15704314742529,18.927690997462705
front,60.0,self-supervised,full_log,3.3505568628253037,2.582372752247694,2.9896571188461762,2.6748360571319876,0.06087870136077498,0.04766640320691293,0.05720632284842129,0.05317737311804158,0.2097589264374835,0.1643073999309776,0.19411714857208215,0.17560534901709884,4.660800229519009,3.7665110671190685,4.236478439926333,3.9819200771051726,9.154922723016455,4.451792761690845,7.210781848710752,6.70308788343517,0.4369977739347108,0.1902959547733764,0.3747117914539245,0.33359134054430095,9.878743187280595,5.224369755964032,8.1108813189137,7.821868806579245,5.419147846091714,4.2326139528952575,5.053860291361133,5.059989593068467,4.970479547357012,4.2326139528952575,4.663452449768522,4.695839879421744,220,1.0,0.9887615507492767,0.9814978014520934,0.9837980901141005,0.9862295436060975,0,0.0,0.2097589264374835,0.1643073999309776,0.19411714857208215,0.17560534901709884,4.660800229519009,3.7665110671190685,4.236478439926333,3.9819200771051726,11,24.394355574153003,21.10876081074484,22.893402263483036,23.470364075050206,1.0791128871739817,0.9928553033701465,1.0250115854712976,1.0263060506914563,220,220,119.0,84.5,94.95454545454545,88.5,80.51875384894029,68.4830971213134,75.37135814181046,77.70004930488071,153.67050225201805,144.98409225186288,149.14556434995222,149.90437255734173,23.702660772202737,20.567705701942586,22.3348811888344,22.524702380028554
front,60.0,self-supervised,full_log_excluding_training,3.3851455316851404,2.631384604213767,3.0617286031139925,2.7584169568713186,0.06329263733963018,0.048141616612738275,0.05806952665022167,0.05330872755222668,0.2162356316273779,0.16056886545337562,0.19516207749424544,0.17396121209568977,4.794948290887417,3.7385826638100372,4.285866235764306,3.9964105791746283,9.240549810080124,4.6898633252053825,7.25010991651348,6.647222240057459,0.438414125854408,0.18530808596567838,0.37679304699091015,0.3386889619635097,10.01516055583798,5.468570930662041,8.204987225655248,7.823444496527905,5.444774730728817,4.377675788954763,5.078458488592184,5.048543436036921,4.987090401699881,4.3159987340410915,4.669636832066126,4.6748496680540494,220,1.0,0.9889313149240473,0.981155625694755,0.9836104054193406,0.9855721009916036,0,0.0,0.21678641628399936,0.16067071236673386,0.19540863660582924,0.17410789413225805,4.803401432751926,3.7417356706107503,4.290574501923447,3.9993353041544215,11,24.720997647771988,21.104771721012003,23.24921639793106,23.47566370538996,1.0824908187503581,0.9981545726975001,1.0272756439439608,1.0269836692228616,220,220,119.0,84.5,94.95454545454545,88.5,81.4217450046893,70.04919659817094,75.74404326576594,77.73990426123005,152.4462174422029,134.93422474103428,146.32650735535728,148.7314640450589,23.54693194767114,20.537856340680328,22.71852450781682,22.513578517151423
front,60.0,self-supervised,training_window,3.0588157038218284,2.3211817261072167,2.7670583577907784,2.6220827589360205,0.059366458212585904,0.048754138735376776,0.05563950818595731,0.05134405255770518,0.20157743627445046,0.16525478827192297,0.18924953902607508,0.17323603675619892,4.2171886950009245,3.5232378540810085,3.950660906849583,3.6747371567486677,8.774704089723635,4.184198807787052,7.007502070352052,6.510945252348527,0.4579646370723409,0.20376523500155458,0.38434573614450895,0.34227993576407634,9.525330579901867,4.935384876516158,7.867737705500062,7.600672246487878,5.222902785816901,4.212096959447431,4.712521907419066,4.585588622616868,4.8324210636258105,4.143925114307275,4.577005018197862,4.460171616428412,220,1.0,0.9885997029494885,0.9834244619616701,0.9845299103480493,0.9856986400304033,0,0.0,0.2105379288042621,0.17304711406234985,0.19420445576785533,0.18260775889949277,4.353372517404535,3.566372989347099,4.058296996038147,3.920728718302045,11,23.21657489686593,20.17835076535259,21.357082114117866,21.2440480699941,1.055869700171825,0.9746716899787893,1.0138075539146636,1.0161317021383631,220,220,119.0,84.5,94.95454545454545,88.5,79.8156491242973,64.64509530782601,71.41179732158471,69.62861118821735,141.31694139341133,125.90022639012892,133.5069577039691,136.14620959402913,22.456558956969438,18.555393413710753,20.977374393714072,20.87511092084815
