trial_id,pipeline,log,repeat,duration_s,trainer,status,available_s,cache_fingerprint,center_s,error,error_type,experiment,random_fraction,start_s,stop_s,time_basis
7bbd9b919ed44434,front,log-0046,0,1.0,self-supervised,failed,394.605,58e373396f836700192dfa2fecb334bfa93af94ee8e7ff324185bd85f7bfe658,184.8622480025785,No training chunks available for mag-to-travel fit,ValueError,random-window-front-v1-shorter,0.4680695781691161,184.3622480025785,185.3622480025785,active
ecf59319654e89d4,front,log-0046,8,1.0,self-supervised,failed,394.605,58e373396f836700192dfa2fecb334bfa93af94ee8e7ff324185bd85f7bfe658,256.08465405907396,No training chunks available for mag-to-travel fit,ValueError,random-window-front-v1-shorter,0.6508762825401984,255.58465405907396,256.58465405907396,active
c18f0e6660bbdf8f,front,log-0046,8,2.0,self-supervised,failed,394.605,58e373396f836700192dfa2fecb334bfa93af94ee8e7ff324185bd85f7bfe658,256.08465405907396,No training chunks available for mag-to-travel fit,ValueError,random-window-front-v1-shorter,0.6508762825401984,255.08465405907396,257.08465405907396,active
df946dc8109abf5f,front,log-0046,8,3.0,self-supervised,failed,394.605,58e373396f836700192dfa2fecb334bfa93af94ee8e7ff324185bd85f7bfe658,256.08465405907396,No training chunks available for mag-to-travel fit,ValueError,random-window-front-v1-shorter,0.6508762825401984,254.58465405907396,257.58465405907396,active
d530d740e0ce2ca5,front,log-0046,9,1.0,self-supervised,failed,394.605,58e373396f836700192dfa2fecb334bfa93af94ee8e7ff324185bd85f7bfe658,234.33620591544852,No training chunks available for mag-to-travel fit,ValueError,random-window-front-v1-shorter,0.5950544934368104,233.83620591544852,234.83620591544852,active
576ed4eb5b24eea3,front,log-0048,3,1.0,self-supervised,failed,357.0399999999999,159cb65fea2d2c79a359662e94950737e94f2f649a8c56b02f3783cdd3d4d5fd,346.42983621421314,No training chunks available for mag-to-travel fit,ValueError,random-window-front-v1-shorter,0.9769623798835735,345.92983621421314,346.92983621421314,active
22faba086a9b8c1f,front,log-0048,3,2.0,self-supervised,failed,357.0399999999999,159cb65fea2d2c79a359662e94950737e94f2f649a8c56b02f3783cdd3d4d5fd,346.42983621421314,No training chunks available for mag-to-travel fit,ValueError,random-window-front-v1-shorter,0.9769623798835735,345.42983621421314,347.42983621421314,active
1dfa1fb717694841,front,log-0048,3,3.0,self-supervised,failed,357.0399999999999,159cb65fea2d2c79a359662e94950737e94f2f649a8c56b02f3783cdd3d4d5fd,346.42983621421314,No training chunks available for mag-to-travel fit,ValueError,random-window-front-v1-shorter,0.9769623798835735,344.92983621421314,347.92983621421314,active
38342761f2fba2a9,front,log-0048,3,4.0,self-supervised,failed,357.0399999999999,159cb65fea2d2c79a359662e94950737e94f2f649a8c56b02f3783cdd3d4d5fd,346.42983621421314,No training chunks available for mag-to-travel fit,ValueError,random-window-front-v1-shorter,0.9769623798835735,344.42983621421314,348.42983621421314,active
327661f973486e44,front,log-0048,3,5.0,self-supervised,failed,357.0399999999999,159cb65fea2d2c79a359662e94950737e94f2f649a8c56b02f3783cdd3d4d5fd,346.42983621421314,No training chunks available for mag-to-travel fit,ValueError,random-window-front-v1-shorter,0.9769623798835735,343.92983621421314,348.92983621421314,active
f65bd5e8b3519eb6,front,log-0048,5,1.0,self-supervised,failed,357.0399999999999,159cb65fea2d2c79a359662e94950737e94f2f649a8c56b02f3783cdd3d4d5fd,348.9221848424214,No training chunks available for mag-to-travel fit,ValueError,random-window-front-v1-shorter,0.9840421112442379,348.4221848424214,349.4221848424214,active
08f302361bf293ef,front,log-0048,5,2.0,self-supervised,failed,357.0399999999999,159cb65fea2d2c79a359662e94950737e94f2f649a8c56b02f3783cdd3d4d5fd,348.9221848424214,No training chunks available for mag-to-travel fit,ValueError,random-window-front-v1-shorter,0.9840421112442379,347.9221848424214,349.9221848424214,active
5fd1862a34b3f27b,front,log-0048,5,3.0,self-supervised,failed,357.0399999999999,159cb65fea2d2c79a359662e94950737e94f2f649a8c56b02f3783cdd3d4d5fd,348.9221848424214,No training chunks available for mag-to-travel fit,ValueError,random-window-front-v1-shorter,0.9840421112442379,347.4221848424214,350.4221848424214,active
eeb1a713c3df3230,front,log-0048,5,4.0,self-supervised,failed,357.0399999999999,159cb65fea2d2c79a359662e94950737e94f2f649a8c56b02f3783cdd3d4d5fd,348.9221848424214,No training chunks available for mag-to-travel fit,ValueError,random-window-front-v1-shorter,0.9840421112442379,346.9221848424214,350.9221848424214,active
9310edeaeec03bda,front,log-0048,5,5.0,self-supervised,failed,357.0399999999999,159cb65fea2d2c79a359662e94950737e94f2f649a8c56b02f3783cdd3d4d5fd,348.9221848424214,No training chunks available for mag-to-travel fit,ValueError,random-window-front-v1-shorter,0.9840421112442379,346.4221848424214,351.4221848424214,active
5533099078a47b3f,front,log-0049,0,1.0,self-supervised,failed,212.64000000000013,6e2dd32802d623097b8d4e156e25faefa5d6ad14dbeffc292b43c34516adefc5,183.13354469572752,No training chunks available for mag-to-travel fit,ValueError,random-window-front-v1-shorter,0.8699361620869168,182.63354469572752,183.63354469572752,active
decd66e37893b3d6,front,log-0054,7,1.0,self-supervised,failed,705.0349999999995,5bdf15b4c737740658d8740b493b105b36abc3a0c5c467a9182c5118471f2ac9,299.3612228610877,No training chunks available for mag-to-travel fit,ValueError,random-window-front-v1-shorter,0.4240662579172297,298.8612228610877,299.8612228610877,active
3858959b51c4ca59,front,log-0055,1,1.0,self-supervised,failed,238.81,a0a6a726f7cb8ca4a2f3ae66e06935e8d2cf15e3cab249980a389eeb93ba35da,141.38225142078917,No training chunks available for mag-to-travel fit,ValueError,random-window-front-v1-shorter,0.5939961995671236,140.88225142078917,141.88225142078917,active
36d39467caee799a,front,log-0055,7,1.0,self-supervised,failed,238.81,a0a6a726f7cb8ca4a2f3ae66e06935e8d2cf15e3cab249980a389eeb93ba35da,139.99205452029094,No training chunks available for mag-to-travel fit,ValueError,random-window-front-v1-shorter,0.5880503593528547,139.49205452029094,140.49205452029094,active
b28d09a7eec7877f,front,log-0056,5,1.0,self-supervised,failed,292.96000000000004,1e17601331067be542700f3339358efda842174f97c4b99f71176dda028f3697,181.03875662604477,No training chunks available for mag-to-travel fit,ValueError,random-window-front-v1-shorter,0.6200123511114208,180.53875662604477,181.53875662604477,active
01cb406759029919,front,log-0056,6,1.0,self-supervised,failed,292.96000000000004,1e17601331067be542700f3339358efda842174f97c4b99f71176dda028f3697,230.6959311854944,No training chunks available for mag-to-travel fit,ValueError,random-window-front-v1-shorter,0.7924570467616835,230.1959311854944,231.1959311854944,active
89518f4eb031ae5e,front,log-0056,9,1.0,self-supervised,failed,292.96000000000004,1e17601331067be542700f3339358efda842174f97c4b99f71176dda028f3697,168.04258900355734,No training chunks available for mag-to-travel fit,ValueError,random-window-front-v1-shorter,0.5748805007763486,167.54258900355734,168.54258900355734,active
c3d1b3a89bf2548e,front,log-0056,9,2.0,self-supervised,failed,292.96000000000004,1e17601331067be542700f3339358efda842174f97c4b99f71176dda028f3697,168.04258900355734,No training chunks available for mag-to-travel fit,ValueError,random-window-front-v1-shorter,0.5748805007763486,167.04258900355734,169.04258900355734,active
99587c64f71ed03d,front,log-0063,0,1.0,self-supervised,failed,127.45000000000009,6cb3876e1ac10833a7711e8e50158e9468ce1a682224bd8c7f86d1130d8a54b1,123.79650999181239,No training chunks available for mag-to-travel fit,ValueError,random-window-front-v1-shorter,0.9905799101005496,123.29650999181239,124.29650999181239,active
43df2ee1cb165421,front,log-0063,0,2.0,self-supervised,failed,127.45000000000009,6cb3876e1ac10833a7711e8e50158e9468ce1a682224bd8c7f86d1130d8a54b1,123.79650999181239,No training chunks available for mag-to-travel fit,ValueError,random-window-front-v1-shorter,0.9905799101005496,122.79650999181239,124.79650999181239,active
0027f6a0ac78be4b,front,log-0063,0,3.0,self-supervised,failed,127.45000000000009,6cb3876e1ac10833a7711e8e50158e9468ce1a682224bd8c7f86d1130d8a54b1,123.79650999181239,No training chunks available for mag-to-travel fit,ValueError,random-window-front-v1-shorter,0.9905799101005496,122.29650999181239,125.29650999181239,active
35b53aedd279f208,front,log-0063,0,4.0,self-supervised,failed,127.45000000000009,6cb3876e1ac10833a7711e8e50158e9468ce1a682224bd8c7f86d1130d8a54b1,123.79650999181239,No training chunks available for mag-to-travel fit,ValueError,random-window-front-v1-shorter,0.9905799101005496,121.79650999181239,125.79650999181239,active
59df68f02a736537,front,log-0063,0,5.0,self-supervised,failed,127.45000000000009,6cb3876e1ac10833a7711e8e50158e9468ce1a682224bd8c7f86d1130d8a54b1,123.79650999181239,No training chunks available for mag-to-travel fit,ValueError,random-window-front-v1-shorter,0.9905799101005496,121.29650999181239,126.29650999181239,active
cffd470eaee0df40,front,log-0063,2,1.0,self-supervised,failed,127.45000000000009,6cb3876e1ac10833a7711e8e50158e9468ce1a682224bd8c7f86d1130d8a54b1,3.8913834250671915,No training chunks available for mag-to-travel fit,ValueError,random-window-front-v1-shorter,0.01136286994746583,3.3913834250671915,4.3913834250671915,active
eca5f057eb09d48f,front,log-0063,2,2.0,self-supervised,failed,127.45000000000009,6cb3876e1ac10833a7711e8e50158e9468ce1a682224bd8c7f86d1130d8a54b1,3.8913834250671915,No training chunks available for mag-to-travel fit,ValueError,random-window-front-v1-shorter,0.01136286994746583,2.8913834250671915,4.8913834250671915,active
0c7aa870bc062a5a,front,log-0063,2,3.0,self-supervised,failed,127.45000000000009,6cb3876e1ac10833a7711e8e50158e9468ce1a682224bd8c7f86d1130d8a54b1,3.8913834250671915,No training chunks available for mag-to-travel fit,ValueError,random-window-front-v1-shorter,0.01136286994746583,2.3913834250671915,5.3913834250671915,active
3a793d41713b6500,front,log-0063,3,1.0,self-supervised,failed,127.45000000000009,6cb3876e1ac10833a7711e8e50158e9468ce1a682224bd8c7f86d1130d8a54b1,104.8057592752011,No training chunks available for mag-to-travel fit,ValueError,random-window-front-v1-shorter,0.8354900716635445,104.3057592752011,105.3057592752011,active
5691c3a502f2a214,front,log-0063,3,2.0,self-supervised,failed,127.45000000000009,6cb3876e1ac10833a7711e8e50158e9468ce1a682224bd8c7f86d1130d8a54b1,104.8057592752011,No training chunks available for mag-to-travel fit,ValueError,random-window-front-v1-shorter,0.8354900716635445,103.8057592752011,105.8057592752011,active
249930f99f96ab3e,front,log-0063,3,3.0,self-supervised,failed,127.45000000000009,6cb3876e1ac10833a7711e8e50158e9468ce1a682224bd8c7f86d1130d8a54b1,104.8057592752011,No training chunks available for mag-to-travel fit,ValueError,random-window-front-v1-shorter,0.8354900716635445,103.3057592752011,106.3057592752011,active
3d277e6c4e429307,front,log-0063,3,4.0,self-supervised,failed,127.45000000000009,6cb3876e1ac10833a7711e8e50158e9468ce1a682224bd8c7f86d1130d8a54b1,104.8057592752011,No training chunks available for mag-to-travel fit,ValueError,random-window-front-v1-shorter,0.8354900716635445,102.8057592752011,106.8057592752011,active
8af77eb1037f74ff,front,log-0063,3,5.0,self-supervised,failed,127.45000000000009,6cb3876e1ac10833a7711e8e50158e9468ce1a682224bd8c7f86d1130d8a54b1,104.8057592752011,No training chunks available for mag-to-travel fit,ValueError,random-window-front-v1-shorter,0.8354900716635445,102.3057592752011,107.3057592752011,active
ce2e09641c6e22bf,front,log-0063,4,1.0,self-supervised,failed,127.45000000000009,6cb3876e1ac10833a7711e8e50158e9468ce1a682224bd8c7f86d1130d8a54b1,67.916613955245,No training chunks available for mag-to-travel fit,ValueError,random-window-front-v1-shorter,0.5342312287075945,67.416613955245,68.416613955245,active
6a9f4e90222c51eb,front,log-0063,6,1.0,self-supervised,failed,127.45000000000009,6cb3876e1ac10833a7711e8e50158e9468ce1a682224bd8c7f86d1130d8a54b1,70.03417407317745,No training chunks available for mag-to-travel fit,ValueError,random-window-front-v1-shorter,0.551524492226847,69.53417407317745,70.53417407317745,active
e675781487612123,front,log-0063,6,2.0,self-supervised,failed,127.45000000000009,6cb3876e1ac10833a7711e8e50158e9468ce1a682224bd8c7f86d1130d8a54b1,70.03417407317745,No training chunks available for mag-to-travel fit,ValueError,random-window-front-v1-shorter,0.551524492226847,69.03417407317745,71.03417407317745,active
51b280f7d26cca1f,front,log-0063,6,3.0,self-supervised,failed,127.45000000000009,6cb3876e1ac10833a7711e8e50158e9468ce1a682224bd8c7f86d1130d8a54b1,70.03417407317745,No training chunks available for mag-to-travel fit,ValueError,random-window-front-v1-shorter,0.551524492226847,68.53417407317745,71.53417407317745,active
27ea712af74f8d10,front,log-0071_183,5,1.0,self-supervised,failed,445.0149999999999,b959d8095113db1364b9d8afa5d7b414d97285a8a42e6a4aa46768de4a48a7f2,11.874181016637465,No training chunks available for mag-to-travel fit,ValueError,random-window-front-v1-shorter,0.021304230575406445,11.374181016637465,12.374181016637465,active
cfd5bd171b31319a,front,log-0071_183,8,1.0,self-supervised,failed,445.0149999999999,b959d8095113db1364b9d8afa5d7b414d97285a8a42e6a4aa46768de4a48a7f2,383.9624629685784,No training chunks available for mag-to-travel fit,ValueError,random-window-front-v1-shorter,0.8669305886585196,383.4624629685784,384.4624629685784,active
1f3aa04a9f400777,front,log-0073_185,4,1.0,self-supervised,failed,309.25999999999993,33b2e0a0f11f6b2646c050308eabe5457c4ba091e3c3f93d2b169b40d855ac84,302.1103341252467,No training chunks available for mag-to-travel fit,ValueError,random-window-front-v1-shorter,0.9847181164965713,301.6103341252467,302.6103341252467,active
0b545ec7d9ebce23,front,log-0073_185,4,2.0,self-supervised,failed,309.25999999999993,33b2e0a0f11f6b2646c050308eabe5457c4ba091e3c3f93d2b169b40d855ac84,302.1103341252467,No training chunks available for mag-to-travel fit,ValueError,random-window-front-v1-shorter,0.9847181164965713,301.1103341252467,303.1103341252467,active
c5448dd89696e347,front,log-0073_185,4,3.0,self-supervised,failed,309.25999999999993,33b2e0a0f11f6b2646c050308eabe5457c4ba091e3c3f93d2b169b40d855ac84,302.1103341252467,No training chunks available for mag-to-travel fit,ValueError,random-window-front-v1-shorter,0.9847181164965713,300.6103341252467,303.6103341252467,active
2a378b821c9007ef,front,log-0073_185,4,4.0,self-supervised,failed,309.25999999999993,33b2e0a0f11f6b2646c050308eabe5457c4ba091e3c3f93d2b169b40d855ac84,302.1103341252467,No training chunks available for mag-to-travel fit,ValueError,random-window-front-v1-shorter,0.9847181164965713,300.1103341252467,304.1103341252467,active
