trial_id,pipeline,log,repeat,duration_s,trainer,cache_fingerprint,center_s,experiment,source_run_fingerprint,source_trial_id,start_s,stop_s,time_basis
1f52637d7b14647d,front,log-0046,0,5.0,self-supervised,79ab41c426a6ca76ecab26283f1fe0e5c630fdbeee7dfcd11564abb2b73a9bb9,203.43290118625305,solver-window-front-stumpy-postmerge-v1,53d57e7f6414ae724dbdd6d1339a877a504dca882cac1658948704bda8806dfc,5c80b18b504bc3f3,200.93290118625305,205.93290118625305,active
ce2345e10fb1b1e2,front,log-0046,0,10.0,self-supervised,79ab41c426a6ca76ecab26283f1fe0e5c630fdbeee7dfcd11564abb2b73a9bb9,203.43290118625305,solver-window-front-stumpy-postmerge-v1,53d57e7f6414ae724dbdd6d1339a877a504dca882cac1658948704bda8806dfc,6d6cd5cc4ca196ee,198.43290118625305,208.43290118625305,active
df9c106be434a4da,front,log-0046,0,20.0,self-supervised,79ab41c426a6ca76ecab26283f1fe0e5c630fdbeee7dfcd11564abb2b73a9bb9,203.43290118625305,solver-window-front-stumpy-postmerge-v1,53d57e7f6414ae724dbdd6d1339a877a504dca882cac1658948704bda8806dfc,3d5e380c34c4b116,193.43290118625305,213.43290118625305,active
720bb4ceef06b10c,front,log-0046,0,40.0,self-supervised,79ab41c426a6ca76ecab26283f1fe0e5c630fdbeee7dfcd11564abb2b73a9bb9,203.43290118625305,solver-window-front-stumpy-postmerge-v1,53d57e7f6414ae724dbdd6d1339a877a504dca882cac1658948704bda8806dfc,c5b924a5a87986dd,183.43290118625305,223.43290118625305,active
4042017ffe9e831f,front,log-0046,0,120.0,self-supervised,79ab41c426a6ca76ecab26283f1fe0e5c630fdbeee7dfcd11564abb2b73a9bb9,203.43290118625305,solver-window-front-stumpy-postmerge-v1,53d57e7f6414ae724dbdd6d1339a877a504dca882cac1658948704bda8806dfc,620d1a73460842e9,143.43290118625305,263.43290118625305,active
c00814c7a8f71927,front,log-0046,1,5.0,self-supervised,79ab41c426a6ca76ecab26283f1fe0e5c630fdbeee7dfcd11564abb2b73a9bb9,63.69672601779172,solver-window-front-stumpy-postmerge-v1,53d57e7f6414ae724dbdd6d1339a877a504dca882cac1658948704bda8806dfc,bddeb9b1cfa0a23c,61.19672601779172,66.19672601779172,active
e6a5801734b501e2,front,log-0046,1,10.0,self-supervised,79ab41c426a6ca76ecab26283f1fe0e5c630fdbeee7dfcd11564abb2b73a9bb9,63.69672601779172,solver-window-front-stumpy-postmerge-v1,53d57e7f6414ae724dbdd6d1339a877a504dca882cac1658948704bda8806dfc,7590dd8921e49edf,58.69672601779172,68.69672601779172,active
7ef4a0278e54ce4b,front,log-0046,1,20.0,self-supervised,79ab41c426a6ca76ecab26283f1fe0e5c630fdbeee7dfcd11564abb2b73a9bb9,63.69672601779172,solver-window-front-stumpy-postmerge-v1,53d57e7f6414ae724dbdd6d1339a877a504dca882cac1658948704bda8806dfc,0769e3a7c7c7f336,53.69672601779172,73.69672601779172,active
86ce602bc9242697,front,log-0046,1,40.0,self-supervised,79ab41c426a6ca76ecab26283f1fe0e5c630fdbeee7dfcd11564abb2b73a9bb9,63.69672601779172,solver-window-front-stumpy-postmerge-v1,53d57e7f6414ae724dbdd6d1339a877a504dca882cac1658948704bda8806dfc,229a76eb2d9ab0c3,43.69672601779172,83.69672601779172,active
eab3b1679329e85e,front,log-0046,1,120.0,self-supervised,79ab41c426a6ca76ecab26283f1fe0e5c630fdbeee7dfcd11564abb2b73a9bb9,63.69672601779172,solver-window-front-stumpy-postmerge-v1,53d57e7f6414ae724dbdd6d1339a877a504dca882cac1658948704bda8806dfc,f740784dc2f86741,3.6967260177917183,123.69672601779172,active
7689d29c9b3e7290,front,log-0046,2,5.0,self-supervised,79ab41c426a6ca76ecab26283f1fe0e5c630fdbeee7dfcd11564abb2b73a9bb9,105.87879958837547,solver-window-front-stumpy-postmerge-v1,53d57e7f6414ae724dbdd6d1339a877a504dca882cac1658948704bda8806dfc,fbf8942475e65364,103.37879958837547,108.37879958837547,active
90d76ddb6ebc05b3,front,log-0046,2,10.0,self-supervised,79ab41c426a6ca76ecab26283f1fe0e5c630fdbeee7dfcd11564abb2b73a9bb9,105.87879958837547,solver-window-front-stumpy-postmerge-v1,53d57e7f6414ae724dbdd6d1339a877a504dca882cac1658948704bda8806dfc,6ee9dbb1b9920a9b,100.87879958837547,110.87879958837547,active
7f3583fc96fb7d3b,front,log-0046,2,20.0,self-supervised,79ab41c426a6ca76ecab26283f1fe0e5c630fdbeee7dfcd11564abb2b73a9bb9,105.87879958837547,solver-window-front-stumpy-postmerge-v1,53d57e7f6414ae724dbdd6d1339a877a504dca882cac1658948704bda8806dfc,c30930cf78a41005,95.87879958837547,115.87879958837547,active
f094707408ed207c,front,log-0046,2,40.0,self-supervised,79ab41c426a6ca76ecab26283f1fe0e5c630fdbeee7dfcd11564abb2b73a9bb9,105.87879958837547,solver-window-front-stumpy-postmerge-v1,53d57e7f6414ae724dbdd6d1339a877a504dca882cac1658948704bda8806dfc,0b55651fa18f0029,85.87879958837547,125.87879958837547,active
34e354ac0ee9f10a,front,log-0046,2,120.0,self-supervised,79ab41c426a6ca76ecab26283f1fe0e5c630fdbeee7dfcd11564abb2b73a9bb9,105.87879958837547,solver-window-front-stumpy-postmerge-v1,53d57e7f6414ae724dbdd6d1339a877a504dca882cac1658948704bda8806dfc,974f387177ad6bc9,45.87879958837547,165.87879958837547,active
c7f9f6f21eb902ce,front,log-0046,3,5.0,self-supervised,79ab41c426a6ca76ecab26283f1fe0e5c630fdbeee7dfcd11564abb2b73a9bb9,327.9287631063442,solver-window-front-stumpy-postmerge-v1,53d57e7f6414ae724dbdd6d1339a877a504dca882cac1658948704bda8806dfc,96867cea329c45ac,325.4287631063442,330.4287631063442,active
e09e2c28037c1b6c,front,log-0046,3,10.0,self-supervised,79ab41c426a6ca76ecab26283f1fe0e5c630fdbeee7dfcd11564abb2b73a9bb9,327.9287631063442,solver-window-front-stumpy-postmerge-v1,53d57e7f6414ae724dbdd6d1339a877a504dca882cac1658948704bda8806dfc,074fdb6f771ed90a,322.9287631063442,332.9287631063442,active
a5e4800ea788bac7,front,log-0046,3,20.0,self-supervised,79ab41c426a6ca76ecab26283f1fe0e5c630fdbeee7dfcd11564abb2b73a9bb9,327.9287631063442,solver-window-front-stumpy-postmerge-v1,53d57e7f6414ae724dbdd6d1339a877a504dca882cac1658948704bda8806dfc,f062fe5d33cdcf79,317.9287631063442,337.9287631063442,active
eedfe8b2c1c5543d,front,log-0046,3,40.0,self-supervised,79ab41c426a6ca76ecab26283f1fe0e5c630fdbeee7dfcd11564abb2b73a9bb9,327.9287631063442,solver-window-front-stumpy-postmerge-v1,53d57e7f6414ae724dbdd6d1339a877a504dca882cac1658948704bda8806dfc,224f5b2f18fcdacd,307.9287631063442,347.9287631063442,active
c1181f4c4d968d2c,front,log-0046,3,120.0,self-supervised,79ab41c426a6ca76ecab26283f1fe0e5c630fdbeee7dfcd11564abb2b73a9bb9,327.9287631063442,solver-window-front-stumpy-postmerge-v1,53d57e7f6414ae724dbdd6d1339a877a504dca882cac1658948704bda8806dfc,a15f75f3ae67221a,267.9287631063442,387.9287631063442,active
7f732bf8a65f5876,front,log-0048,0,5.0,self-supervised,d1aaf9ae6121f01600e96c529c3db23baf743ef99976682790a91b069877405a,155.84957270134362,solver-window-front-stumpy-postmerge-v1,53d57e7f6414ae724dbdd6d1339a877a504dca882cac1658948704bda8806dfc,32de54fb44456139,153.34957270134362,158.34957270134362,active
1f5b7126e10c68ca,front,log-0048,0,10.0,self-supervised,d1aaf9ae6121f01600e96c529c3db23baf743ef99976682790a91b069877405a,155.84957270134362,solver-window-front-stumpy-postmerge-v1,53d57e7f6414ae724dbdd6d1339a877a504dca882cac1658948704bda8806dfc,159ddc16483db744,150.84957270134362,160.84957270134362,active
4ca6b5fb4d8606c6,front,log-0048,0,20.0,self-supervised,d1aaf9ae6121f01600e96c529c3db23baf743ef99976682790a91b069877405a,155.84957270134362,solver-window-front-stumpy-postmerge-v1,53d57e7f6414ae724dbdd6d1339a877a504dca882cac1658948704bda8806dfc,9f90f431feacefc4,145.84957270134362,165.84957270134362,active
940dfac1128939ac,front,log-0048,0,40.0,self-supervised,d1aaf9ae6121f01600e96c529c3db23baf743ef99976682790a91b069877405a,155.84957270134362,solver-window-front-stumpy-postmerge-v1,53d57e7f6414ae724dbdd6d1339a877a504dca882cac1658948704bda8806dfc,3391281b6b952df3,135.84957270134362,175.84957270134362,active
0f6e73ac6c09971b,front,log-0048,0,120.0,self-supervised,d1aaf9ae6121f01600e96c529c3db23baf743ef99976682790a91b069877405a,155.84957270134362,solver-window-front-stumpy-postmerge-v1,53d57e7f6414ae724dbdd6d1339a877a504dca882cac1658948704bda8806dfc,6e888063e2434a1c,95.84957270134362,215.84957270134362,active
5592d7ae7296bef2,front,log-0048,1,5.0,self-supervised,d1aaf9ae6121f01600e96c529c3db23baf743ef99976682790a91b069877405a,343.442833722509,solver-window-front-stumpy-postmerge-v1,53d57e7f6414ae724dbdd6d1339a877a504dca882cac1658948704bda8806dfc,610af67d7a04af62,340.942833722509,345.942833722509,active
66ffea402a7e50b7,front,log-0048,1,10.0,self-supervised,d1aaf9ae6121f01600e96c529c3db23baf743ef99976682790a91b069877405a,343.442833722509,solver-window-front-stumpy-postmerge-v1,53d57e7f6414ae724dbdd6d1339a877a504dca882cac1658948704bda8806dfc,629007b79d0dd427,338.442833722509,348.442833722509,active
4652dca72c61aad0,front,log-0048,1,20.0,self-supervised,d1aaf9ae6121f01600e96c529c3db23baf743ef99976682790a91b069877405a,343.442833722509,solver-window-front-stumpy-postmerge-v1,53d57e7f6414ae724dbdd6d1339a877a504dca882cac1658948704bda8806dfc,488d1af78227fe55,333.442833722509,353.442833722509,active
db7051c8db41e6b6,front,log-0048,1,40.0,self-supervised,d1aaf9ae6121f01600e96c529c3db23baf743ef99976682790a91b069877405a,343.442833722509,solver-window-front-stumpy-postmerge-v1,53d57e7f6414ae724dbdd6d1339a877a504dca882cac1658948704bda8806dfc,c60e361f746c458a,323.442833722509,363.442833722509,active
0bc66c9a9245c27a,front,log-0048,1,120.0,self-supervised,d1aaf9ae6121f01600e96c529c3db23baf743ef99976682790a91b069877405a,343.442833722509,solver-window-front-stumpy-postmerge-v1,53d57e7f6414ae724dbdd6d1339a877a504dca882cac1658948704bda8806dfc,ff465cc725f12438,283.442833722509,403.442833722509,active
933b6cd4ce67017f,front,log-0048,2,5.0,self-supervised,d1aaf9ae6121f01600e96c529c3db23baf743ef99976682790a91b069877405a,165.53022113657124,solver-window-front-stumpy-postmerge-v1,53d57e7f6414ae724dbdd6d1339a877a504dca882cac1658948704bda8806dfc,562d1272921d45c2,163.03022113657124,168.03022113657124,active
7dd5ebdda2c88c73,front,log-0048,2,10.0,self-supervised,d1aaf9ae6121f01600e96c529c3db23baf743ef99976682790a91b069877405a,165.53022113657124,solver-window-front-stumpy-postmerge-v1,53d57e7f6414ae724dbdd6d1339a877a504dca882cac1658948704bda8806dfc,849d2dfa1250bfba,160.53022113657124,170.53022113657124,active
57943e1a7beb99ec,front,log-0048,2,20.0,self-supervised,d1aaf9ae6121f01600e96c529c3db23baf743ef99976682790a91b069877405a,165.53022113657124,solver-window-front-stumpy-postmerge-v1,53d57e7f6414ae724dbdd6d1339a877a504dca882cac1658948704bda8806dfc,95b71630b043980c,155.53022113657124,175.53022113657124,active
2a029e22b6d39231,front,log-0048,2,40.0,self-supervised,d1aaf9ae6121f01600e96c529c3db23baf743ef99976682790a91b069877405a,165.53022113657124,solver-window-front-stumpy-postmerge-v1,53d57e7f6414ae724dbdd6d1339a877a504dca882cac1658948704bda8806dfc,54d2236f21e1c0c0,145.53022113657124,185.53022113657124,active
889c37e06a21bbc1,front,log-0048,2,120.0,self-supervised,d1aaf9ae6121f01600e96c529c3db23baf743ef99976682790a91b069877405a,165.53022113657124,solver-window-front-stumpy-postmerge-v1,53d57e7f6414ae724dbdd6d1339a877a504dca882cac1658948704bda8806dfc,c3ecfea84bcb8168,105.53022113657124,225.53022113657124,active
c7b0a53eee18081b,front,log-0048,3,5.0,self-supervised,d1aaf9ae6121f01600e96c529c3db23baf743ef99976682790a91b069877405a,374.70889143189544,solver-window-front-stumpy-postmerge-v1,53d57e7f6414ae724dbdd6d1339a877a504dca882cac1658948704bda8806dfc,a781294e0512fdce,372.20889143189544,377.20889143189544,active
ab52679e9e90fb78,front,log-0048,3,10.0,self-supervised,d1aaf9ae6121f01600e96c529c3db23baf743ef99976682790a91b069877405a,374.70889143189544,solver-window-front-stumpy-postmerge-v1,53d57e7f6414ae724dbdd6d1339a877a504dca882cac1658948704bda8806dfc,200134fc5765888a,369.70889143189544,379.70889143189544,active
f5d45baec2e82c3e,front,log-0048,3,20.0,self-supervised,d1aaf9ae6121f01600e96c529c3db23baf743ef99976682790a91b069877405a,374.70889143189544,solver-window-front-stumpy-postmerge-v1,53d57e7f6414ae724dbdd6d1339a877a504dca882cac1658948704bda8806dfc,545e0781ff8297a8,364.70889143189544,384.70889143189544,active
7e2bcca5b0dc5d82,front,log-0048,3,40.0,self-supervised,d1aaf9ae6121f01600e96c529c3db23baf743ef99976682790a91b069877405a,374.70889143189544,solver-window-front-stumpy-postmerge-v1,53d57e7f6414ae724dbdd6d1339a877a504dca882cac1658948704bda8806dfc,146e7fb683c056bb,354.70889143189544,394.70889143189544,active
c3d45346f01801be,front,log-0048,3,120.0,self-supervised,d1aaf9ae6121f01600e96c529c3db23baf743ef99976682790a91b069877405a,374.70889143189544,solver-window-front-stumpy-postmerge-v1,53d57e7f6414ae724dbdd6d1339a877a504dca882cac1658948704bda8806dfc,6e118911295feb96,314.70889143189544,434.70889143189544,active
3b11482fa8986b40,front,log-0049,0,5.0,self-supervised,c1628ae39887b58da0a50fe341aca2e973f636d1e888bef54ab3e06a51348584,173.52666915234266,solver-window-front-stumpy-postmerge-v1,53d57e7f6414ae724dbdd6d1339a877a504dca882cac1658948704bda8806dfc,4be678dc6f2669bb,171.02666915234266,176.02666915234266,active
e73eaba8b1ff3c7f,front,log-0049,0,10.0,self-supervised,c1628ae39887b58da0a50fe341aca2e973f636d1e888bef54ab3e06a51348584,173.52666915234266,solver-window-front-stumpy-postmerge-v1,53d57e7f6414ae724dbdd6d1339a877a504dca882cac1658948704bda8806dfc,679cdaddf0bdf68f,168.52666915234266,178.52666915234266,active
82c5e6b3f7dee617,front,log-0049,0,20.0,self-supervised,c1628ae39887b58da0a50fe341aca2e973f636d1e888bef54ab3e06a51348584,173.52666915234266,solver-window-front-stumpy-postmerge-v1,53d57e7f6414ae724dbdd6d1339a877a504dca882cac1658948704bda8806dfc,9e34722803ef5159,163.52666915234266,183.52666915234266,active
efecdc78f7407ee7,front,log-0049,0,40.0,self-supervised,c1628ae39887b58da0a50fe341aca2e973f636d1e888bef54ab3e06a51348584,173.52666915234266,solver-window-front-stumpy-postmerge-v1,53d57e7f6414ae724dbdd6d1339a877a504dca882cac1658948704bda8806dfc,4cd58c464d6a259e,153.52666915234266,193.52666915234266,active
8de56c14c9b82230,front,log-0049,0,120.0,self-supervised,c1628ae39887b58da0a50fe341aca2e973f636d1e888bef54ab3e06a51348584,173.52666915234266,solver-window-front-stumpy-postmerge-v1,53d57e7f6414ae724dbdd6d1339a877a504dca882cac1658948704bda8806dfc,dbb6dff60b6f274f,113.52666915234266,233.52666915234266,active
ca36525a4238c518,front,log-0049,1,5.0,self-supervised,c1628ae39887b58da0a50fe341aca2e973f636d1e888bef54ab3e06a51348584,167.28005937594565,solver-window-front-stumpy-postmerge-v1,53d57e7f6414ae724dbdd6d1339a877a504dca882cac1658948704bda8806dfc,e0cc3596648ef4a6,164.78005937594565,169.78005937594565,active
3cd4b5be536f4dfa,front,log-0049,1,10.0,self-supervised,c1628ae39887b58da0a50fe341aca2e973f636d1e888bef54ab3e06a51348584,167.28005937594565,solver-window-front-stumpy-postmerge-v1,53d57e7f6414ae724dbdd6d1339a877a504dca882cac1658948704bda8806dfc,a90b878d70978ea9,162.28005937594565,172.28005937594565,active
00baa9be4d67a438,front,log-0049,1,20.0,self-supervised,c1628ae39887b58da0a50fe341aca2e973f636d1e888bef54ab3e06a51348584,167.28005937594565,solver-window-front-stumpy-postmerge-v1,53d57e7f6414ae724dbdd6d1339a877a504dca882cac1658948704bda8806dfc,2b8ff274437d69c7,157.28005937594565,177.28005937594565,active
104fa61e4702a07b,front,log-0049,1,40.0,self-supervised,c1628ae39887b58da0a50fe341aca2e973f636d1e888bef54ab3e06a51348584,167.28005937594565,solver-window-front-stumpy-postmerge-v1,53d57e7f6414ae724dbdd6d1339a877a504dca882cac1658948704bda8806dfc,baf9599d5b319bcb,147.28005937594565,187.28005937594565,active
fac5646c0c3dd47e,front,log-0049,1,120.0,self-supervised,c1628ae39887b58da0a50fe341aca2e973f636d1e888bef54ab3e06a51348584,167.28005937594565,solver-window-front-stumpy-postmerge-v1,53d57e7f6414ae724dbdd6d1339a877a504dca882cac1658948704bda8806dfc,4437b1d7ff4fb716,107.28005937594565,227.28005937594565,active
783a6c569932cb33,front,log-0049,2,5.0,self-supervised,c1628ae39887b58da0a50fe341aca2e973f636d1e888bef54ab3e06a51348584,150.75321436468823,solver-window-front-stumpy-postmerge-v1,53d57e7f6414ae724dbdd6d1339a877a504dca882cac1658948704bda8806dfc,e8b87a31563c93b2,148.25321436468823,153.25321436468823,active
c5c71e5cbc557310,front,log-0049,2,10.0,self-supervised,c1628ae39887b58da0a50fe341aca2e973f636d1e888bef54ab3e06a51348584,150.75321436468823,solver-window-front-stumpy-postmerge-v1,53d57e7f6414ae724dbdd6d1339a877a504dca882cac1658948704bda8806dfc,95839bcd68a01b5d,145.75321436468823,155.75321436468823,active
ce007da0fe073d14,front,log-0049,2,20.0,self-supervised,c1628ae39887b58da0a50fe341aca2e973f636d1e888bef54ab3e06a51348584,150.75321436468823,solver-window-front-stumpy-postmerge-v1,53d57e7f6414ae724dbdd6d1339a877a504dca882cac1658948704bda8806dfc,8b31b09566f88607,140.75321436468823,160.75321436468823,active
80baa5c5a9bf6cff,front,log-0049,2,40.0,self-supervised,c1628ae39887b58da0a50fe341aca2e973f636d1e888bef54ab3e06a51348584,150.75321436468823,solver-window-front-stumpy-postmerge-v1,53d57e7f6414ae724dbdd6d1339a877a504dca882cac1658948704bda8806dfc,cd2d8b85ccebbbec,130.75321436468823,170.75321436468823,active
f2659376e4775377,front,log-0049,2,120.0,self-supervised,c1628ae39887b58da0a50fe341aca2e973f636d1e888bef54ab3e06a51348584,150.75321436468823,solver-window-front-stumpy-postmerge-v1,53d57e7f6414ae724dbdd6d1339a877a504dca882cac1658948704bda8806dfc,d56cd17de2930f63,90.75321436468823,210.75321436468823,active
dd5472dc4c8041c3,front,log-0049,3,5.0,self-supervised,c1628ae39887b58da0a50fe341aca2e973f636d1e888bef54ab3e06a51348584,114.48162442318727,solver-window-front-stumpy-postmerge-v1,53d57e7f6414ae724dbdd6d1339a877a504dca882cac1658948704bda8806dfc,9fb678d705943579,111.98162442318727,116.98162442318727,active
a137efe04b99fcf9,front,log-0049,3,10.0,self-supervised,c1628ae39887b58da0a50fe341aca2e973f636d1e888bef54ab3e06a51348584,114.48162442318727,solver-window-front-stumpy-postmerge-v1,53d57e7f6414ae724dbdd6d1339a877a504dca882cac1658948704bda8806dfc,88d2b609ce4177b3,109.48162442318727,119.48162442318727,active
f1125ce50e3d97ad,front,log-0049,3,20.0,self-supervised,c1628ae39887b58da0a50fe341aca2e973f636d1e888bef54ab3e06a51348584,114.48162442318727,solver-window-front-stumpy-postmerge-v1,53d57e7f6414ae724dbdd6d1339a877a504dca882cac1658948704bda8806dfc,3b213560f6336d10,104.48162442318727,124.48162442318727,active
3312253710d3b1ed,front,log-0049,3,40.0,self-supervised,c1628ae39887b58da0a50fe341aca2e973f636d1e888bef54ab3e06a51348584,114.48162442318727,solver-window-front-stumpy-postmerge-v1,53d57e7f6414ae724dbdd6d1339a877a504dca882cac1658948704bda8806dfc,451160f25f406a3d,94.48162442318727,134.48162442318727,active
3b42eb6a783f62cc,front,log-0049,3,120.0,self-supervised,c1628ae39887b58da0a50fe341aca2e973f636d1e888bef54ab3e06a51348584,114.48162442318727,solver-window-front-stumpy-postmerge-v1,53d57e7f6414ae724dbdd6d1339a877a504dca882cac1658948704bda8806dfc,0bd4ce5b8dcd01a4,54.48162442318727,174.48162442318727,active
73fe0e387db8a7ab,front,log-0054,0,5.0,self-supervised,fa54e618d0e2f101a90dcbc53ddcaee9e6829ecca7965d43b4da3d67b2f4781c,503.7744590810895,solver-window-front-stumpy-postmerge-v1,53d57e7f6414ae724dbdd6d1339a877a504dca882cac1658948704bda8806dfc,0151a169b3bc5220,501.2744590810895,506.2744590810895,active
f5b1127718d2792b,front,log-0054,0,10.0,self-supervised,fa54e618d0e2f101a90dcbc53ddcaee9e6829ecca7965d43b4da3d67b2f4781c,503.7744590810895,solver-window-front-stumpy-postmerge-v1,53d57e7f6414ae724dbdd6d1339a877a504dca882cac1658948704bda8806dfc,c3fb51175faa9d9f,498.7744590810895,508.7744590810895,active
9472b6c7ad94177f,front,log-0054,0,20.0,self-supervised,fa54e618d0e2f101a90dcbc53ddcaee9e6829ecca7965d43b4da3d67b2f4781c,503.7744590810895,solver-window-front-stumpy-postmerge-v1,53d57e7f6414ae724dbdd6d1339a877a504dca882cac1658948704bda8806dfc,f94cc9959026a0b6,493.7744590810895,513.7744590810895,active
a2714b363b9c57f1,front,log-0054,0,40.0,self-supervised,fa54e618d0e2f101a90dcbc53ddcaee9e6829ecca7965d43b4da3d67b2f4781c,503.7744590810895,solver-window-front-stumpy-postmerge-v1,53d57e7f6414ae724dbdd6d1339a877a504dca882cac1658948704bda8806dfc,0448b19168f8230b,483.7744590810895,523.7744590810895,active
bfd644e0c92af9ff,front,log-0054,0,120.0,self-supervised,fa54e618d0e2f101a90dcbc53ddcaee9e6829ecca7965d43b4da3d67b2f4781c,503.7744590810895,solver-window-front-stumpy-postmerge-v1,53d57e7f6414ae724dbdd6d1339a877a504dca882cac1658948704bda8806dfc,00a5fe5ff0da348e,443.7744590810895,563.7744590810895,active
651250059f02a9c9,front,log-0054,1,5.0,self-supervised,fa54e618d0e2f101a90dcbc53ddcaee9e6829ecca7965d43b4da3d67b2f4781c,629.9576361470844,solver-window-front-stumpy-postmerge-v1,53d57e7f6414ae724dbdd6d1339a877a504dca882cac1658948704bda8806dfc,a8d7e500093b6894,627.4576361470844,632.4576361470844,active
3de820dda350faa7,front,log-0054,1,10.0,self-supervised,fa54e618d0e2f101a90dcbc53ddcaee9e6829ecca7965d43b4da3d67b2f4781c,629.9576361470844,solver-window-front-stumpy-postmerge-v1,53d57e7f6414ae724dbdd6d1339a877a504dca882cac1658948704bda8806dfc,a255d447061d0209,624.9576361470844,634.9576361470844,active
4304038e93f9184a,front,log-0054,1,20.0,self-supervised,fa54e618d0e2f101a90dcbc53ddcaee9e6829ecca7965d43b4da3d67b2f4781c,629.9576361470844,solver-window-front-stumpy-postmerge-v1,53d57e7f6414ae724dbdd6d1339a877a504dca882cac1658948704bda8806dfc,ce1b5023364ba1b2,619.9576361470844,639.9576361470844,active
805b9bca1197dc6f,front,log-0054,1,40.0,self-supervised,fa54e618d0e2f101a90dcbc53ddcaee9e6829ecca7965d43b4da3d67b2f4781c,629.9576361470844,solver-window-front-stumpy-postmerge-v1,53d57e7f6414ae724dbdd6d1339a877a504dca882cac1658948704bda8806dfc,884f09ff6031271b,609.9576361470844,649.9576361470844,active
a70d0a888c16d183,front,log-0054,1,120.0,self-supervised,fa54e618d0e2f101a90dcbc53ddcaee9e6829ecca7965d43b4da3d67b2f4781c,629.9576361470844,solver-window-front-stumpy-postmerge-v1,53d57e7f6414ae724dbdd6d1339a877a504dca882cac1658948704bda8806dfc,8fa7fa41b74b75fe,569.9576361470844,689.9576361470844,active
9f68410684c6d792,front,log-0054,2,5.0,self-supervised,fa54e618d0e2f101a90dcbc53ddcaee9e6829ecca7965d43b4da3d67b2f4781c,667.2017149471177,solver-window-front-stumpy-postmerge-v1,53d57e7f6414ae724dbdd6d1339a877a504dca882cac1658948704bda8806dfc,98c64970b9be8d91,664.7017149471177,669.7017149471177,active
9906f03fa668e2d1,front,log-0054,2,10.0,self-supervised,fa54e618d0e2f101a90dcbc53ddcaee9e6829ecca7965d43b4da3d67b2f4781c,667.2017149471177,solver-window-front-stumpy-postmerge-v1,53d57e7f6414ae724dbdd6d1339a877a504dca882cac1658948704bda8806dfc,6583768fb1511aed,662.2017149471177,672.2017149471177,active
9932f393db8bd5b0,front,log-0054,2,20.0,self-supervised,fa54e618d0e2f101a90dcbc53ddcaee9e6829ecca7965d43b4da3d67b2f4781c,667.2017149471177,solver-window-front-stumpy-postmerge-v1,53d57e7f6414ae724dbdd6d1339a877a504dca882cac1658948704bda8806dfc,7dbf016ed163b1ca,657.2017149471177,677.2017149471177,active
9f82c4662bd7dbaf,front,log-0054,2,40.0,self-supervised,fa54e618d0e2f101a90dcbc53ddcaee9e6829ecca7965d43b4da3d67b2f4781c,667.2017149471177,solver-window-front-stumpy-postmerge-v1,53d57e7f6414ae724dbdd6d1339a877a504dca882cac1658948704bda8806dfc,75a1ba194fe43f9b,647.2017149471177,687.2017149471177,active
daba210a8e2f1a92,front,log-0054,2,120.0,self-supervised,fa54e618d0e2f101a90dcbc53ddcaee9e6829ecca7965d43b4da3d67b2f4781c,667.2017149471177,solver-window-front-stumpy-postmerge-v1,53d57e7f6414ae724dbdd6d1339a877a504dca882cac1658948704bda8806dfc,5206498e0c7bf8bd,607.2017149471177,727.2017149471177,active
eee804f9ba0e30d3,front,log-0054,3,5.0,self-supervised,fa54e618d0e2f101a90dcbc53ddcaee9e6829ecca7965d43b4da3d67b2f4781c,380.70593132256164,solver-window-front-stumpy-postmerge-v1,53d57e7f6414ae724dbdd6d1339a877a504dca882cac1658948704bda8806dfc,71d1eceb9b0ae23d,378.20593132256164,383.20593132256164,active
68a05207e8c0fc65,front,log-0054,3,10.0,self-supervised,fa54e618d0e2f101a90dcbc53ddcaee9e6829ecca7965d43b4da3d67b2f4781c,380.70593132256164,solver-window-front-stumpy-postmerge-v1,53d57e7f6414ae724dbdd6d1339a877a504dca882cac1658948704bda8806dfc,502a9fb3fa595f82,375.70593132256164,385.70593132256164,active
27352507e11b9a1a,front,log-0054,3,20.0,self-supervised,fa54e618d0e2f101a90dcbc53ddcaee9e6829ecca7965d43b4da3d67b2f4781c,380.70593132256164,solver-window-front-stumpy-postmerge-v1,53d57e7f6414ae724dbdd6d1339a877a504dca882cac1658948704bda8806dfc,1531ade423b2bcbd,370.70593132256164,390.70593132256164,active
d16ad15c7257b238,front,log-0054,3,40.0,self-supervised,fa54e618d0e2f101a90dcbc53ddcaee9e6829ecca7965d43b4da3d67b2f4781c,380.70593132256164,solver-window-front-stumpy-postmerge-v1,53d57e7f6414ae724dbdd6d1339a877a504dca882cac1658948704bda8806dfc,1f64946a34add82c,360.70593132256164,400.70593132256164,active
0be7cd00d218bd71,front,log-0054,3,120.0,self-supervised,fa54e618d0e2f101a90dcbc53ddcaee9e6829ecca7965d43b4da3d67b2f4781c,380.70593132256164,solver-window-front-stumpy-postmerge-v1,53d57e7f6414ae724dbdd6d1339a877a504dca882cac1658948704bda8806dfc,3ed418053fbd15a1,320.70593132256164,440.70593132256164,active
b969303c6013420b,front,log-0055,0,5.0,self-supervised,c9494490404504ee411c6b00259b8a244a7b3d686c34f1535a87a070a97c0e2c,77.96331542375086,solver-window-front-stumpy-postmerge-v1,53d57e7f6414ae724dbdd6d1339a877a504dca882cac1658948704bda8806dfc,9d2bf2b6834eed80,75.46331542375086,80.46331542375086,active
3964cb60ef3d1efd,front,log-0055,0,10.0,self-supervised,c9494490404504ee411c6b00259b8a244a7b3d686c34f1535a87a070a97c0e2c,77.96331542375086,solver-window-front-stumpy-postmerge-v1,53d57e7f6414ae724dbdd6d1339a877a504dca882cac1658948704bda8806dfc,2276885a27083158,72.96331542375086,82.96331542375086,active
383522ffad7e57e7,front,log-0055,0,20.0,self-supervised,c9494490404504ee411c6b00259b8a244a7b3d686c34f1535a87a070a97c0e2c,77.96331542375086,solver-window-front-stumpy-postmerge-v1,53d57e7f6414ae724dbdd6d1339a877a504dca882cac1658948704bda8806dfc,b893827ce368d2cf,67.96331542375086,87.96331542375086,active
79ec2fe1ec7c99c7,front,log-0055,0,40.0,self-supervised,c9494490404504ee411c6b00259b8a244a7b3d686c34f1535a87a070a97c0e2c,77.96331542375086,solver-window-front-stumpy-postmerge-v1,53d57e7f6414ae724dbdd6d1339a877a504dca882cac1658948704bda8806dfc,b7ba942a2cffe124,57.963315423750856,97.96331542375086,active
3e2996b35586da87,front,log-0055,0,120.0,self-supervised,c9494490404504ee411c6b00259b8a244a7b3d686c34f1535a87a070a97c0e2c,77.96331542375086,solver-window-front-stumpy-postmerge-v1,53d57e7f6414ae724dbdd6d1339a877a504dca882cac1658948704bda8806dfc,9ac52689d3c5541f,17.963315423750856,137.96331542375086,active
48bb8cec51751751,front,log-0055,1,5.0,self-supervised,c9494490404504ee411c6b00259b8a244a7b3d686c34f1535a87a070a97c0e2c,149.0251804101227,solver-window-front-stumpy-postmerge-v1,53d57e7f6414ae724dbdd6d1339a877a504dca882cac1658948704bda8806dfc,1974e5b6d20796de,146.5251804101227,151.5251804101227,active
4431e21649a62d5f,front,log-0055,1,10.0,self-supervised,c9494490404504ee411c6b00259b8a244a7b3d686c34f1535a87a070a97c0e2c,149.0251804101227,solver-window-front-stumpy-postmerge-v1,53d57e7f6414ae724dbdd6d1339a877a504dca882cac1658948704bda8806dfc,e0fcf4e54f7c52bf,144.0251804101227,154.0251804101227,active
851ff2bc4d3f73cf,front,log-0055,1,20.0,self-supervised,c9494490404504ee411c6b00259b8a244a7b3d686c34f1535a87a070a97c0e2c,149.0251804101227,solver-window-front-stumpy-postmerge-v1,53d57e7f6414ae724dbdd6d1339a877a504dca882cac1658948704bda8806dfc,f8fd2108ac649908,139.0251804101227,159.0251804101227,active
1ba6681ace4d2aec,front,log-0055,1,40.0,self-supervised,c9494490404504ee411c6b00259b8a244a7b3d686c34f1535a87a070a97c0e2c,149.0251804101227,solver-window-front-stumpy-postmerge-v1,53d57e7f6414ae724dbdd6d1339a877a504dca882cac1658948704bda8806dfc,bfbed36347727bc2,129.0251804101227,169.0251804101227,active
a490b1d9320a5028,front,log-0055,1,120.0,self-supervised,c9494490404504ee411c6b00259b8a244a7b3d686c34f1535a87a070a97c0e2c,149.0251804101227,solver-window-front-stumpy-postmerge-v1,53d57e7f6414ae724dbdd6d1339a877a504dca882cac1658948704bda8806dfc,905f5d31df80b43a,89.02518041012269,209.0251804101227,active
94e8c90caa43ffea,front,log-0055,2,5.0,self-supervised,c9494490404504ee411c6b00259b8a244a7b3d686c34f1535a87a070a97c0e2c,166.82773966653104,solver-window-front-stumpy-postmerge-v1,53d57e7f6414ae724dbdd6d1339a877a504dca882cac1658948704bda8806dfc,99e2bb53e09a6bd8,164.32773966653104,169.32773966653104,active
b7626985ef0546d9,front,log-0055,2,10.0,self-supervised,c9494490404504ee411c6b00259b8a244a7b3d686c34f1535a87a070a97c0e2c,166.82773966653104,solver-window-front-stumpy-postmerge-v1,53d57e7f6414ae724dbdd6d1339a877a504dca882cac1658948704bda8806dfc,64f46b6ad1b54561,161.82773966653104,171.82773966653104,active
77d133c63d453493,front,log-0055,2,20.0,self-supervised,c9494490404504ee411c6b00259b8a244a7b3d686c34f1535a87a070a97c0e2c,166.82773966653104,solver-window-front-stumpy-postmerge-v1,53d57e7f6414ae724dbdd6d1339a877a504dca882cac1658948704bda8806dfc,97dac2f3dd9f7065,156.82773966653104,176.82773966653104,active
279cb468761474e2,front,log-0055,2,40.0,self-supervised,c9494490404504ee411c6b00259b8a244a7b3d686c34f1535a87a070a97c0e2c,166.82773966653104,solver-window-front-stumpy-postmerge-v1,53d57e7f6414ae724dbdd6d1339a877a504dca882cac1658948704bda8806dfc,a4897c8f8c5ac580,146.82773966653104,186.82773966653104,active
70ea05bcc09c9e32,front,log-0055,2,120.0,self-supervised,c9494490404504ee411c6b00259b8a244a7b3d686c34f1535a87a070a97c0e2c,166.82773966653104,solver-window-front-stumpy-postmerge-v1,53d57e7f6414ae724dbdd6d1339a877a504dca882cac1658948704bda8806dfc,48eaa43694fb546a,106.82773966653104,226.82773966653104,active
f76c8ec9d4cee2bb,front,log-0055,3,5.0,self-supervised,c9494490404504ee411c6b00259b8a244a7b3d686c34f1535a87a070a97c0e2c,140.86190751894594,solver-window-front-stumpy-postmerge-v1,53d57e7f6414ae724dbdd6d1339a877a504dca882cac1658948704bda8806dfc,a10f3e55bf47b88b,138.36190751894594,143.36190751894594,active
5eeabe83fd5389cc,front,log-0055,3,10.0,self-supervised,c9494490404504ee411c6b00259b8a244a7b3d686c34f1535a87a070a97c0e2c,140.86190751894594,solver-window-front-stumpy-postmerge-v1,53d57e7f6414ae724dbdd6d1339a877a504dca882cac1658948704bda8806dfc,5d0e7ef599db058f,135.86190751894594,145.86190751894594,active
71b100ff7fdc645d,front,log-0055,3,20.0,self-supervised,c9494490404504ee411c6b00259b8a244a7b3d686c34f1535a87a070a97c0e2c,140.86190751894594,solver-window-front-stumpy-postmerge-v1,53d57e7f6414ae724dbdd6d1339a877a504dca882cac1658948704bda8806dfc,f4e549a00c880d28,130.86190751894594,150.86190751894594,active
971bd05d4b424244,front,log-0055,3,40.0,self-supervised,c9494490404504ee411c6b00259b8a244a7b3d686c34f1535a87a070a97c0e2c,140.86190751894594,solver-window-front-stumpy-postmerge-v1,53d57e7f6414ae724dbdd6d1339a877a504dca882cac1658948704bda8806dfc,cfb744df57e77dfd,120.86190751894594,160.86190751894594,active
d187d80e3511cbca,front,log-0055,3,120.0,self-supervised,c9494490404504ee411c6b00259b8a244a7b3d686c34f1535a87a070a97c0e2c,140.86190751894594,solver-window-front-stumpy-postmerge-v1,53d57e7f6414ae724dbdd6d1339a877a504dca882cac1658948704bda8806dfc,3028fc01db489932,80.86190751894594,200.86190751894594,active
79adf2b338dc461b,front,log-0056,0,5.0,self-supervised,7e0ad01cac8628684face5b0f9f150dd6822257e27a2bdd16b631090ef1ec579,155.17846810446457,solver-window-front-stumpy-postmerge-v1,53d57e7f6414ae724dbdd6d1339a877a504dca882cac1658948704bda8806dfc,82ab85a563023dc5,152.67846810446457,157.67846810446457,active
dccfbbce211cae81,front,log-0056,0,10.0,self-supervised,7e0ad01cac8628684face5b0f9f150dd6822257e27a2bdd16b631090ef1ec579,155.17846810446457,solver-window-front-stumpy-postmerge-v1,53d57e7f6414ae724dbdd6d1339a877a504dca882cac1658948704bda8806dfc,7fcfab3beb9159dc,150.17846810446457,160.17846810446457,active
128d53e4dc0dec7a,front,log-0056,0,20.0,self-supervised,7e0ad01cac8628684face5b0f9f150dd6822257e27a2bdd16b631090ef1ec579,155.17846810446457,solver-window-front-stumpy-postmerge-v1,53d57e7f6414ae724dbdd6d1339a877a504dca882cac1658948704bda8806dfc,3fea9de1de57ec00,145.17846810446457,165.17846810446457,active
c680d0797cde9c7c,front,log-0056,0,40.0,self-supervised,7e0ad01cac8628684face5b0f9f150dd6822257e27a2bdd16b631090ef1ec579,155.17846810446457,solver-window-front-stumpy-postmerge-v1,53d57e7f6414ae724dbdd6d1339a877a504dca882cac1658948704bda8806dfc,5b9bb65e210a5504,135.17846810446457,175.17846810446457,active
389a9d21b4639916,front,log-0056,0,120.0,self-supervised,7e0ad01cac8628684face5b0f9f150dd6822257e27a2bdd16b631090ef1ec579,155.17846810446457,solver-window-front-stumpy-postmerge-v1,53d57e7f6414ae724dbdd6d1339a877a504dca882cac1658948704bda8806dfc,c46f0db5d2f94a02,95.17846810446457,215.17846810446457,active
19abcf4da714ada7,front,log-0056,1,5.0,self-supervised,7e0ad01cac8628684face5b0f9f150dd6822257e27a2bdd16b631090ef1ec579,91.0240911284366,solver-window-front-stumpy-postmerge-v1,53d57e7f6414ae724dbdd6d1339a877a504dca882cac1658948704bda8806dfc,b717692c70266685,88.5240911284366,93.5240911284366,active
65718461dad2be72,front,log-0056,1,10.0,self-supervised,7e0ad01cac8628684face5b0f9f150dd6822257e27a2bdd16b631090ef1ec579,91.0240911284366,solver-window-front-stumpy-postmerge-v1,53d57e7f6414ae724dbdd6d1339a877a504dca882cac1658948704bda8806dfc,c3e3d187b66790d8,86.0240911284366,96.0240911284366,active
0a48ed19821b602e,front,log-0056,1,20.0,self-supervised,7e0ad01cac8628684face5b0f9f150dd6822257e27a2bdd16b631090ef1ec579,91.0240911284366,solver-window-front-stumpy-postmerge-v1,53d57e7f6414ae724dbdd6d1339a877a504dca882cac1658948704bda8806dfc,c4cc16fc4da4a3ff,81.0240911284366,101.0240911284366,active
03f156eda4d55d52,front,log-0056,1,40.0,self-supervised,7e0ad01cac8628684face5b0f9f150dd6822257e27a2bdd16b631090ef1ec579,91.0240911284366,solver-window-front-stumpy-postmerge-v1,53d57e7f6414ae724dbdd6d1339a877a504dca882cac1658948704bda8806dfc,30dcc9324e01ecdf,71.0240911284366,111.0240911284366,active
f9b03e4df5d3d8ec,front,log-0056,1,120.0,self-supervised,7e0ad01cac8628684face5b0f9f150dd6822257e27a2bdd16b631090ef1ec579,91.0240911284366,solver-window-front-stumpy-postmerge-v1,53d57e7f6414ae724dbdd6d1339a877a504dca882cac1658948704bda8806dfc,fb66ad829d1b9771,31.024091128436595,151.0240911284366,active
0b115359f0b29e4c,front,log-0056,2,5.0,self-supervised,7e0ad01cac8628684face5b0f9f150dd6822257e27a2bdd16b631090ef1ec579,146.04125246358456,solver-window-front-stumpy-postmerge-v1,53d57e7f6414ae724dbdd6d1339a877a504dca882cac1658948704bda8806dfc,e40d9708e87fb907,143.54125246358456,148.54125246358456,active
56d53df749e01eba,front,log-0056,2,10.0,self-supervised,7e0ad01cac8628684face5b0f9f150dd6822257e27a2bdd16b631090ef1ec579,146.04125246358456,solver-window-front-stumpy-postmerge-v1,53d57e7f6414ae724dbdd6d1339a877a504dca882cac1658948704bda8806dfc,86df19265d259fe5,141.04125246358456,151.04125246358456,active
4a161d6ebad15b10,front,log-0056,2,20.0,self-supervised,7e0ad01cac8628684face5b0f9f150dd6822257e27a2bdd16b631090ef1ec579,146.04125246358456,solver-window-front-stumpy-postmerge-v1,53d57e7f6414ae724dbdd6d1339a877a504dca882cac1658948704bda8806dfc,6eedde87d9329e10,136.04125246358456,156.04125246358456,active
b93b37b772aeb2be,front,log-0056,2,40.0,self-supervised,7e0ad01cac8628684face5b0f9f150dd6822257e27a2bdd16b631090ef1ec579,146.04125246358456,solver-window-front-stumpy-postmerge-v1,53d57e7f6414ae724dbdd6d1339a877a504dca882cac1658948704bda8806dfc,6e6ad15c0031669a,126.04125246358456,166.04125246358456,active
d304961669e9f4c9,front,log-0056,2,120.0,self-supervised,7e0ad01cac8628684face5b0f9f150dd6822257e27a2bdd16b631090ef1ec579,146.04125246358456,solver-window-front-stumpy-postmerge-v1,53d57e7f6414ae724dbdd6d1339a877a504dca882cac1658948704bda8806dfc,e0fc23cca163079b,86.04125246358456,206.04125246358456,active
8905417afff1d95e,front,log-0056,3,5.0,self-supervised,7e0ad01cac8628684face5b0f9f150dd6822257e27a2bdd16b631090ef1ec579,159.25283088155334,solver-window-front-stumpy-postmerge-v1,53d57e7f6414ae724dbdd6d1339a877a504dca882cac1658948704bda8806dfc,c87dda97931c5bb9,156.75283088155334,161.75283088155334,active
92d483b776462639,front,log-0056,3,10.0,self-supervised,7e0ad01cac8628684face5b0f9f150dd6822257e27a2bdd16b631090ef1ec579,159.25283088155334,solver-window-front-stumpy-postmerge-v1,53d57e7f6414ae724dbdd6d1339a877a504dca882cac1658948704bda8806dfc,bb638c91e37ea26c,154.25283088155334,164.25283088155334,active
73f63dad2775ac9c,front,log-0056,3,20.0,self-supervised,7e0ad01cac8628684face5b0f9f150dd6822257e27a2bdd16b631090ef1ec579,159.25283088155334,solver-window-front-stumpy-postmerge-v1,53d57e7f6414ae724dbdd6d1339a877a504dca882cac1658948704bda8806dfc,7285b510f2fa286c,149.25283088155334,169.25283088155334,active
d2507e01cf136e22,front,log-0056,3,40.0,self-supervised,7e0ad01cac8628684face5b0f9f150dd6822257e27a2bdd16b631090ef1ec579,159.25283088155334,solver-window-front-stumpy-postmerge-v1,53d57e7f6414ae724dbdd6d1339a877a504dca882cac1658948704bda8806dfc,48618d63187a629f,139.25283088155334,179.25283088155334,active
52bc2f62deb1b52e,front,log-0056,3,120.0,self-supervised,7e0ad01cac8628684face5b0f9f150dd6822257e27a2bdd16b631090ef1ec579,159.25283088155334,solver-window-front-stumpy-postmerge-v1,53d57e7f6414ae724dbdd6d1339a877a504dca882cac1658948704bda8806dfc,d31241dd750969af,99.25283088155334,219.25283088155334,active
08ca2852bf3640a0,front,log-0058,0,5.0,self-supervised,7dd6dac2b0c4ae6abdfb9e73dab53bbd748bb67ac08fa2ed0a867ab38b127e71,269.34475670619224,solver-window-front-stumpy-postmerge-v1,53d57e7f6414ae724dbdd6d1339a877a504dca882cac1658948704bda8806dfc,e891e50a84a400c2,266.84475670619224,271.84475670619224,active
3f5fa27164312289,front,log-0058,0,10.0,self-supervised,7dd6dac2b0c4ae6abdfb9e73dab53bbd748bb67ac08fa2ed0a867ab38b127e71,269.34475670619224,solver-window-front-stumpy-postmerge-v1,53d57e7f6414ae724dbdd6d1339a877a504dca882cac1658948704bda8806dfc,2cb91fa266885d6f,264.34475670619224,274.34475670619224,active
7df8605257c4e1a4,front,log-0058,0,20.0,self-supervised,7dd6dac2b0c4ae6abdfb9e73dab53bbd748bb67ac08fa2ed0a867ab38b127e71,269.34475670619224,solver-window-front-stumpy-postmerge-v1,53d57e7f6414ae724dbdd6d1339a877a504dca882cac1658948704bda8806dfc,985f93e5dfbf9ea9,259.34475670619224,279.34475670619224,active
1761523bdb64ac8d,front,log-0058,0,40.0,self-supervised,7dd6dac2b0c4ae6abdfb9e73dab53bbd748bb67ac08fa2ed0a867ab38b127e71,269.34475670619224,solver-window-front-stumpy-postmerge-v1,53d57e7f6414ae724dbdd6d1339a877a504dca882cac1658948704bda8806dfc,c8a66df921b22aed,249.34475670619224,289.34475670619224,active
ba46618ab75aaa47,front,log-0058,0,120.0,self-supervised,7dd6dac2b0c4ae6abdfb9e73dab53bbd748bb67ac08fa2ed0a867ab38b127e71,269.34475670619224,solver-window-front-stumpy-postmerge-v1,53d57e7f6414ae724dbdd6d1339a877a504dca882cac1658948704bda8806dfc,e22f214f57a05345,209.34475670619224,329.34475670619224,active
e04732d0d59ddaa3,front,log-0058,1,5.0,self-supervised,7dd6dac2b0c4ae6abdfb9e73dab53bbd748bb67ac08fa2ed0a867ab38b127e71,165.15473472424043,solver-window-front-stumpy-postmerge-v1,53d57e7f6414ae724dbdd6d1339a877a504dca882cac1658948704bda8806dfc,928e7d3871de52d1,162.65473472424043,167.65473472424043,active
73debd548cd2d366,front,log-0058,1,10.0,self-supervised,7dd6dac2b0c4ae6abdfb9e73dab53bbd748bb67ac08fa2ed0a867ab38b127e71,165.15473472424043,solver-window-front-stumpy-postmerge-v1,53d57e7f6414ae724dbdd6d1339a877a504dca882cac1658948704bda8806dfc,6533b5a05911783e,160.15473472424043,170.15473472424043,active
624da7f4bc075253,front,log-0058,1,20.0,self-supervised,7dd6dac2b0c4ae6abdfb9e73dab53bbd748bb67ac08fa2ed0a867ab38b127e71,165.15473472424043,solver-window-front-stumpy-postmerge-v1,53d57e7f6414ae724dbdd6d1339a877a504dca882cac1658948704bda8806dfc,3055a7559634e19c,155.15473472424043,175.15473472424043,active
dc4d50a451d2245a,front,log-0058,1,40.0,self-supervised,7dd6dac2b0c4ae6abdfb9e73dab53bbd748bb67ac08fa2ed0a867ab38b127e71,165.15473472424043,solver-window-front-stumpy-postmerge-v1,53d57e7f6414ae724dbdd6d1339a877a504dca882cac1658948704bda8806dfc,39ba3d22fb578ecf,145.15473472424043,185.15473472424043,active
00fc5700e8e96c18,front,log-0058,1,120.0,self-supervised,7dd6dac2b0c4ae6abdfb9e73dab53bbd748bb67ac08fa2ed0a867ab38b127e71,165.15473472424043,solver-window-front-stumpy-postmerge-v1,53d57e7f6414ae724dbdd6d1339a877a504dca882cac1658948704bda8806dfc,4f0831cf97e91b4e,105.15473472424043,225.15473472424043,active
a8d054931aa803a5,front,log-0058,2,5.0,self-supervised,7dd6dac2b0c4ae6abdfb9e73dab53bbd748bb67ac08fa2ed0a867ab38b127e71,264.4443672913767,solver-window-front-stumpy-postmerge-v1,53d57e7f6414ae724dbdd6d1339a877a504dca882cac1658948704bda8806dfc,3855d4bdd9d0bcb7,261.9443672913767,266.9443672913767,active
b9b18924297a87a7,front,log-0058,2,10.0,self-supervised,7dd6dac2b0c4ae6abdfb9e73dab53bbd748bb67ac08fa2ed0a867ab38b127e71,264.4443672913767,solver-window-front-stumpy-postmerge-v1,53d57e7f6414ae724dbdd6d1339a877a504dca882cac1658948704bda8806dfc,31d6f5519bf141f9,259.4443672913767,269.4443672913767,active
5ea9f9dac8656dac,front,log-0058,2,20.0,self-supervised,7dd6dac2b0c4ae6abdfb9e73dab53bbd748bb67ac08fa2ed0a867ab38b127e71,264.4443672913767,solver-window-front-stumpy-postmerge-v1,53d57e7f6414ae724dbdd6d1339a877a504dca882cac1658948704bda8806dfc,26e60f106005f6a8,254.4443672913767,274.4443672913767,active
3e73a0d345eb1758,front,log-0058,2,40.0,self-supervised,7dd6dac2b0c4ae6abdfb9e73dab53bbd748bb67ac08fa2ed0a867ab38b127e71,264.4443672913767,solver-window-front-stumpy-postmerge-v1,53d57e7f6414ae724dbdd6d1339a877a504dca882cac1658948704bda8806dfc,56da87bb99c222dc,244.4443672913767,284.4443672913767,active
fbf943e855402b9e,front,log-0058,2,120.0,self-supervised,7dd6dac2b0c4ae6abdfb9e73dab53bbd748bb67ac08fa2ed0a867ab38b127e71,264.4443672913767,solver-window-front-stumpy-postmerge-v1,53d57e7f6414ae724dbdd6d1339a877a504dca882cac1658948704bda8806dfc,982a79f5640c3837,204.4443672913767,324.4443672913767,active
6815e0d75c0e776a,front,log-0058,3,5.0,self-supervised,7dd6dac2b0c4ae6abdfb9e73dab53bbd748bb67ac08fa2ed0a867ab38b127e71,97.00425072551138,solver-window-front-stumpy-postmerge-v1,53d57e7f6414ae724dbdd6d1339a877a504dca882cac1658948704bda8806dfc,c30a4a69c77ec845,94.50425072551138,99.50425072551138,active
8abc747bf3168918,front,log-0058,3,10.0,self-supervised,7dd6dac2b0c4ae6abdfb9e73dab53bbd748bb67ac08fa2ed0a867ab38b127e71,97.00425072551138,solver-window-front-stumpy-postmerge-v1,53d57e7f6414ae724dbdd6d1339a877a504dca882cac1658948704bda8806dfc,a80afb7be2fcecfa,92.00425072551138,102.00425072551138,active
500e29f29e7739f6,front,log-0058,3,20.0,self-supervised,7dd6dac2b0c4ae6abdfb9e73dab53bbd748bb67ac08fa2ed0a867ab38b127e71,97.00425072551138,solver-window-front-stumpy-postmerge-v1,53d57e7f6414ae724dbdd6d1339a877a504dca882cac1658948704bda8806dfc,c75f6c6d25ad4c48,87.00425072551138,107.00425072551138,active
32dfc416d5c42a3b,front,log-0058,3,40.0,self-supervised,7dd6dac2b0c4ae6abdfb9e73dab53bbd748bb67ac08fa2ed0a867ab38b127e71,97.00425072551138,solver-window-front-stumpy-postmerge-v1,53d57e7f6414ae724dbdd6d1339a877a504dca882cac1658948704bda8806dfc,fe5b4eb02aa530b7,77.00425072551138,117.00425072551138,active
c624f29c8382831f,front,log-0058,3,120.0,self-supervised,7dd6dac2b0c4ae6abdfb9e73dab53bbd748bb67ac08fa2ed0a867ab38b127e71,97.00425072551138,solver-window-front-stumpy-postmerge-v1,53d57e7f6414ae724dbdd6d1339a877a504dca882cac1658948704bda8806dfc,cc71915ebf75f4e0,37.00425072551138,157.00425072551138,active
4e65977f72e3392f,front,log-0063,0,5.0,self-supervised,1f4ec9dae207bfedaa25479cec1b2be05e77d81c02adb7f7035b2b3f4e440d5d,96.72575016697795,solver-window-front-stumpy-postmerge-v1,53d57e7f6414ae724dbdd6d1339a877a504dca882cac1658948704bda8806dfc,e0112c2f604a79ab,94.22575016697795,99.22575016697795,active
d809f0a657ecc735,front,log-0063,0,10.0,self-supervised,1f4ec9dae207bfedaa25479cec1b2be05e77d81c02adb7f7035b2b3f4e440d5d,96.72575016697795,solver-window-front-stumpy-postmerge-v1,53d57e7f6414ae724dbdd6d1339a877a504dca882cac1658948704bda8806dfc,257c48ec5bad1292,91.72575016697795,101.72575016697795,active
bd85d2644981e92c,front,log-0063,0,20.0,self-supervised,1f4ec9dae207bfedaa25479cec1b2be05e77d81c02adb7f7035b2b3f4e440d5d,96.72575016697795,solver-window-front-stumpy-postmerge-v1,53d57e7f6414ae724dbdd6d1339a877a504dca882cac1658948704bda8806dfc,0ff48f7be90dda51,86.72575016697795,106.72575016697795,active
5b9c2d071631c2a7,front,log-0063,0,40.0,self-supervised,1f4ec9dae207bfedaa25479cec1b2be05e77d81c02adb7f7035b2b3f4e440d5d,96.72575016697795,solver-window-front-stumpy-postmerge-v1,53d57e7f6414ae724dbdd6d1339a877a504dca882cac1658948704bda8806dfc,bced3b3d8492cea1,76.72575016697795,116.72575016697795,active
7575ecab6deb0a59,front,log-0063,0,120.0,self-supervised,1f4ec9dae207bfedaa25479cec1b2be05e77d81c02adb7f7035b2b3f4e440d5d,96.72575016697795,solver-window-front-stumpy-postmerge-v1,53d57e7f6414ae724dbdd6d1339a877a504dca882cac1658948704bda8806dfc,3cbd78084bf3b496,36.725750166977946,156.72575016697795,active
ffef20c7d431f56f,front,log-0063,1,5.0,self-supervised,1f4ec9dae207bfedaa25479cec1b2be05e77d81c02adb7f7035b2b3f4e440d5d,65.39898078274805,solver-window-front-stumpy-postmerge-v1,53d57e7f6414ae724dbdd6d1339a877a504dca882cac1658948704bda8806dfc,7d14309f8bc6bfc8,62.898980782748055,67.89898078274805,active
ce2df53c5d458984,front,log-0063,1,10.0,self-supervised,1f4ec9dae207bfedaa25479cec1b2be05e77d81c02adb7f7035b2b3f4e440d5d,65.39898078274805,solver-window-front-stumpy-postmerge-v1,53d57e7f6414ae724dbdd6d1339a877a504dca882cac1658948704bda8806dfc,631d876206c842d8,60.398980782748055,70.39898078274805,active
0e90bd556cd3c234,front,log-0063,1,20.0,self-supervised,1f4ec9dae207bfedaa25479cec1b2be05e77d81c02adb7f7035b2b3f4e440d5d,65.39898078274805,solver-window-front-stumpy-postmerge-v1,53d57e7f6414ae724dbdd6d1339a877a504dca882cac1658948704bda8806dfc,57436015df2e192b,55.398980782748055,75.39898078274805,active
ddc1c432034f7634,front,log-0063,1,40.0,self-supervised,1f4ec9dae207bfedaa25479cec1b2be05e77d81c02adb7f7035b2b3f4e440d5d,65.39898078274805,solver-window-front-stumpy-postmerge-v1,53d57e7f6414ae724dbdd6d1339a877a504dca882cac1658948704bda8806dfc,3c02e7a96e4d4525,45.398980782748055,85.39898078274805,active
7fe3837b3f93b1db,front,log-0063,1,120.0,self-supervised,1f4ec9dae207bfedaa25479cec1b2be05e77d81c02adb7f7035b2b3f4e440d5d,65.39898078274805,solver-window-front-stumpy-postmerge-v1,53d57e7f6414ae724dbdd6d1339a877a504dca882cac1658948704bda8806dfc,23e504e938d9fa00,5.398980782748055,125.39898078274805,active
4e19a10478123fc5,front,log-0063,2,5.0,self-supervised,1f4ec9dae207bfedaa25479cec1b2be05e77d81c02adb7f7035b2b3f4e440d5d,60.421278403302296,solver-window-front-stumpy-postmerge-v1,53d57e7f6414ae724dbdd6d1339a877a504dca882cac1658948704bda8806dfc,718a01640595113d,57.921278403302296,62.921278403302296,active
3c1c2636265dc41e,front,log-0063,2,10.0,self-supervised,1f4ec9dae207bfedaa25479cec1b2be05e77d81c02adb7f7035b2b3f4e440d5d,60.421278403302296,solver-window-front-stumpy-postmerge-v1,53d57e7f6414ae724dbdd6d1339a877a504dca882cac1658948704bda8806dfc,6a2832903b80585c,55.421278403302296,65.4212784033023,active
1f51cffab5a6a710,front,log-0063,2,20.0,self-supervised,1f4ec9dae207bfedaa25479cec1b2be05e77d81c02adb7f7035b2b3f4e440d5d,60.421278403302296,solver-window-front-stumpy-postmerge-v1,53d57e7f6414ae724dbdd6d1339a877a504dca882cac1658948704bda8806dfc,b9691fac88103d4d,50.421278403302296,70.4212784033023,active
c6fa5a5b83bcc387,front,log-0063,2,40.0,self-supervised,1f4ec9dae207bfedaa25479cec1b2be05e77d81c02adb7f7035b2b3f4e440d5d,60.421278403302296,solver-window-front-stumpy-postmerge-v1,53d57e7f6414ae724dbdd6d1339a877a504dca882cac1658948704bda8806dfc,1ba76f9670499a46,40.421278403302296,80.4212784033023,active
168dbb6302194556,front,log-0063,2,120.0,self-supervised,1f4ec9dae207bfedaa25479cec1b2be05e77d81c02adb7f7035b2b3f4e440d5d,60.421278403302296,solver-window-front-stumpy-postmerge-v1,53d57e7f6414ae724dbdd6d1339a877a504dca882cac1658948704bda8806dfc,9840f61afd93ff05,0.4212784033022956,120.4212784033023,active
d99b6e30c433b591,front,log-0063,3,5.0,self-supervised,1f4ec9dae207bfedaa25479cec1b2be05e77d81c02adb7f7035b2b3f4e440d5d,90.97579440692597,solver-window-front-stumpy-postmerge-v1,53d57e7f6414ae724dbdd6d1339a877a504dca882cac1658948704bda8806dfc,1f9c5356a7d856fe,88.47579440692597,93.47579440692597,active
03f30603d307fb29,front,log-0063,3,10.0,self-supervised,1f4ec9dae207bfedaa25479cec1b2be05e77d81c02adb7f7035b2b3f4e440d5d,90.97579440692597,solver-window-front-stumpy-postmerge-v1,53d57e7f6414ae724dbdd6d1339a877a504dca882cac1658948704bda8806dfc,e839e44059c2bd71,85.97579440692597,95.97579440692597,active
53d244cb532ccfbd,front,log-0063,3,20.0,self-supervised,1f4ec9dae207bfedaa25479cec1b2be05e77d81c02adb7f7035b2b3f4e440d5d,90.97579440692597,solver-window-front-stumpy-postmerge-v1,53d57e7f6414ae724dbdd6d1339a877a504dca882cac1658948704bda8806dfc,56c486b92c2eda19,80.97579440692597,100.97579440692597,active
a1477be3e03b6530,front,log-0063,3,40.0,self-supervised,1f4ec9dae207bfedaa25479cec1b2be05e77d81c02adb7f7035b2b3f4e440d5d,90.97579440692597,solver-window-front-stumpy-postmerge-v1,53d57e7f6414ae724dbdd6d1339a877a504dca882cac1658948704bda8806dfc,58ad58efe7d3836c,70.97579440692597,110.97579440692597,active
584af033d67c8ab1,front,log-0063,3,120.0,self-supervised,1f4ec9dae207bfedaa25479cec1b2be05e77d81c02adb7f7035b2b3f4e440d5d,90.97579440692597,solver-window-front-stumpy-postmerge-v1,53d57e7f6414ae724dbdd6d1339a877a504dca882cac1658948704bda8806dfc,9ee6c8c78092ef9c,30.97579440692597,150.97579440692596,active
5ef7386e116094fc,front,log-0071_183,0,5.0,self-supervised,ef29935aaadd7a59f9d40729c3740b6d8567b32ace0d1202b4024d9c37ee24da,60.60547863817056,solver-window-front-stumpy-postmerge-v1,53d57e7f6414ae724dbdd6d1339a877a504dca882cac1658948704bda8806dfc,7511455a4d6e87a9,58.10547863817056,63.10547863817056,active
53af6e3f775a3af9,front,log-0071_183,0,10.0,self-supervised,ef29935aaadd7a59f9d40729c3740b6d8567b32ace0d1202b4024d9c37ee24da,60.60547863817056,solver-window-front-stumpy-postmerge-v1,53d57e7f6414ae724dbdd6d1339a877a504dca882cac1658948704bda8806dfc,5a3f20b6dfac510e,55.60547863817056,65.60547863817055,active
81bdd70d8061f70f,front,log-0071_183,0,20.0,self-supervised,ef29935aaadd7a59f9d40729c3740b6d8567b32ace0d1202b4024d9c37ee24da,60.60547863817056,solver-window-front-stumpy-postmerge-v1,53d57e7f6414ae724dbdd6d1339a877a504dca882cac1658948704bda8806dfc,970778192927f08c,50.60547863817056,70.60547863817055,active
28fb2ad603208b23,front,log-0071_183,0,40.0,self-supervised,ef29935aaadd7a59f9d40729c3740b6d8567b32ace0d1202b4024d9c37ee24da,60.60547863817056,solver-window-front-stumpy-postmerge-v1,53d57e7f6414ae724dbdd6d1339a877a504dca882cac1658948704bda8806dfc,1e296dea8dd89f29,40.60547863817056,80.60547863817055,active
52b8b12570cc107e,front,log-0071_183,0,120.0,self-supervised,ef29935aaadd7a59f9d40729c3740b6d8567b32ace0d1202b4024d9c37ee24da,60.60547863817056,solver-window-front-stumpy-postmerge-v1,53d57e7f6414ae724dbdd6d1339a877a504dca882cac1658948704bda8806dfc,08f7060b0cf0b0da,0.6054786381705597,120.60547863817055,active
12c553ca0f8b5b39,front,log-0071_183,1,5.0,self-supervised,ef29935aaadd7a59f9d40729c3740b6d8567b32ace0d1202b4024d9c37ee24da,145.3877203900862,solver-window-front-stumpy-postmerge-v1,53d57e7f6414ae724dbdd6d1339a877a504dca882cac1658948704bda8806dfc,4a7c5e2188e051bd,142.8877203900862,147.8877203900862,active
2172509caa2dbb65,front,log-0071_183,1,10.0,self-supervised,ef29935aaadd7a59f9d40729c3740b6d8567b32ace0d1202b4024d9c37ee24da,145.3877203900862,solver-window-front-stumpy-postmerge-v1,53d57e7f6414ae724dbdd6d1339a877a504dca882cac1658948704bda8806dfc,234a7c6864af52da,140.3877203900862,150.3877203900862,active
2872e54130cbd127,front,log-0071_183,1,20.0,self-supervised,ef29935aaadd7a59f9d40729c3740b6d8567b32ace0d1202b4024d9c37ee24da,145.3877203900862,solver-window-front-stumpy-postmerge-v1,53d57e7f6414ae724dbdd6d1339a877a504dca882cac1658948704bda8806dfc,12f4394058a8b282,135.3877203900862,155.3877203900862,active
9832d01f752b0e57,front,log-0071_183,1,40.0,self-supervised,ef29935aaadd7a59f9d40729c3740b6d8567b32ace0d1202b4024d9c37ee24da,145.3877203900862,solver-window-front-stumpy-postmerge-v1,53d57e7f6414ae724dbdd6d1339a877a504dca882cac1658948704bda8806dfc,0f36f3ac9db79122,125.3877203900862,165.3877203900862,active
c601653be6b9a782,front,log-0071_183,1,120.0,self-supervised,ef29935aaadd7a59f9d40729c3740b6d8567b32ace0d1202b4024d9c37ee24da,145.3877203900862,solver-window-front-stumpy-postmerge-v1,53d57e7f6414ae724dbdd6d1339a877a504dca882cac1658948704bda8806dfc,daff4af7d9f5ed62,85.3877203900862,205.3877203900862,active
9ad960a1d14fb21c,front,log-0071_183,2,5.0,self-supervised,ef29935aaadd7a59f9d40729c3740b6d8567b32ace0d1202b4024d9c37ee24da,265.5985680964584,solver-window-front-stumpy-postmerge-v1,53d57e7f6414ae724dbdd6d1339a877a504dca882cac1658948704bda8806dfc,8f862fecf7e92fb5,263.0985680964584,268.0985680964584,active
ee441bae9f897696,front,log-0071_183,2,10.0,self-supervised,ef29935aaadd7a59f9d40729c3740b6d8567b32ace0d1202b4024d9c37ee24da,265.5985680964584,solver-window-front-stumpy-postmerge-v1,53d57e7f6414ae724dbdd6d1339a877a504dca882cac1658948704bda8806dfc,7ab627ea048210e3,260.5985680964584,270.5985680964584,active
595082685fad453d,front,log-0071_183,2,20.0,self-supervised,ef29935aaadd7a59f9d40729c3740b6d8567b32ace0d1202b4024d9c37ee24da,265.5985680964584,solver-window-front-stumpy-postmerge-v1,53d57e7f6414ae724dbdd6d1339a877a504dca882cac1658948704bda8806dfc,9ce7e4d49eadbec7,255.5985680964584,275.5985680964584,active
983b88a09dde6c91,front,log-0071_183,2,40.0,self-supervised,ef29935aaadd7a59f9d40729c3740b6d8567b32ace0d1202b4024d9c37ee24da,265.5985680964584,solver-window-front-stumpy-postmerge-v1,53d57e7f6414ae724dbdd6d1339a877a504dca882cac1658948704bda8806dfc,9583125653d67097,245.5985680964584,285.5985680964584,active
c22539317578d8fe,front,log-0071_183,2,120.0,self-supervised,ef29935aaadd7a59f9d40729c3740b6d8567b32ace0d1202b4024d9c37ee24da,265.5985680964584,solver-window-front-stumpy-postmerge-v1,53d57e7f6414ae724dbdd6d1339a877a504dca882cac1658948704bda8806dfc,bd2bcd08386d588b,205.5985680964584,325.5985680964584,active
0c4e5b555aac1a9e,front,log-0071_183,3,5.0,self-supervised,ef29935aaadd7a59f9d40729c3740b6d8567b32ace0d1202b4024d9c37ee24da,81.51018086583633,solver-window-front-stumpy-postmerge-v1,53d57e7f6414ae724dbdd6d1339a877a504dca882cac1658948704bda8806dfc,2830c7609becee69,79.01018086583633,84.01018086583633,active
5743c6856f75cdb1,front,log-0071_183,3,10.0,self-supervised,ef29935aaadd7a59f9d40729c3740b6d8567b32ace0d1202b4024d9c37ee24da,81.51018086583633,solver-window-front-stumpy-postmerge-v1,53d57e7f6414ae724dbdd6d1339a877a504dca882cac1658948704bda8806dfc,bc7a7589993ed89a,76.51018086583633,86.51018086583633,active
feb2afc61c9d731e,front,log-0071_183,3,20.0,self-supervised,ef29935aaadd7a59f9d40729c3740b6d8567b32ace0d1202b4024d9c37ee24da,81.51018086583633,solver-window-front-stumpy-postmerge-v1,53d57e7f6414ae724dbdd6d1339a877a504dca882cac1658948704bda8806dfc,6322eb1871ab13b1,71.51018086583633,91.51018086583633,active
0aa7527dab17d9b4,front,log-0071_183,3,40.0,self-supervised,ef29935aaadd7a59f9d40729c3740b6d8567b32ace0d1202b4024d9c37ee24da,81.51018086583633,solver-window-front-stumpy-postmerge-v1,53d57e7f6414ae724dbdd6d1339a877a504dca882cac1658948704bda8806dfc,fe9742a96b33a46e,61.51018086583633,101.51018086583633,active
11d5d5a902f2f09d,front,log-0071_183,3,120.0,self-supervised,ef29935aaadd7a59f9d40729c3740b6d8567b32ace0d1202b4024d9c37ee24da,81.51018086583633,solver-window-front-stumpy-postmerge-v1,53d57e7f6414ae724dbdd6d1339a877a504dca882cac1658948704bda8806dfc,99305e46156888ab,21.510180865836332,141.51018086583633,active
a63222a9eecd6898,front,log-0072_184,0,5.0,self-supervised,63895bb3e6784492523a08e4f97c20ef15131b3846c70467601434b1e65c90be,105.92014026929814,solver-window-front-stumpy-postmerge-v1,53d57e7f6414ae724dbdd6d1339a877a504dca882cac1658948704bda8806dfc,3d0bb2d9293ae7e8,103.42014026929814,108.42014026929814,active
bfaf4b1f78efecab,front,log-0072_184,0,10.0,self-supervised,63895bb3e6784492523a08e4f97c20ef15131b3846c70467601434b1e65c90be,105.92014026929814,solver-window-front-stumpy-postmerge-v1,53d57e7f6414ae724dbdd6d1339a877a504dca882cac1658948704bda8806dfc,3698145da63af068,100.92014026929814,110.92014026929814,active
afbffc2f60863ab7,front,log-0072_184,0,20.0,self-supervised,63895bb3e6784492523a08e4f97c20ef15131b3846c70467601434b1e65c90be,105.92014026929814,solver-window-front-stumpy-postmerge-v1,53d57e7f6414ae724dbdd6d1339a877a504dca882cac1658948704bda8806dfc,bd66c2415c577479,95.92014026929814,115.92014026929814,active
eb7e2543a72bbd47,front,log-0072_184,0,40.0,self-supervised,63895bb3e6784492523a08e4f97c20ef15131b3846c70467601434b1e65c90be,105.92014026929814,solver-window-front-stumpy-postmerge-v1,53d57e7f6414ae724dbdd6d1339a877a504dca882cac1658948704bda8806dfc,81e99c0db9367eeb,85.92014026929814,125.92014026929814,active
f635b6e298fb2696,front,log-0072_184,0,120.0,self-supervised,63895bb3e6784492523a08e4f97c20ef15131b3846c70467601434b1e65c90be,105.92014026929814,solver-window-front-stumpy-postmerge-v1,53d57e7f6414ae724dbdd6d1339a877a504dca882cac1658948704bda8806dfc,7f4c9e5aae19aa03,45.920140269298145,165.92014026929814,active
1fa9a20e787da2e2,front,log-0072_184,1,5.0,self-supervised,63895bb3e6784492523a08e4f97c20ef15131b3846c70467601434b1e65c90be,234.7971846802059,solver-window-front-stumpy-postmerge-v1,53d57e7f6414ae724dbdd6d1339a877a504dca882cac1658948704bda8806dfc,f16fbcbedaf7e8be,232.2971846802059,237.2971846802059,active
0605da825e6f9cd2,front,log-0072_184,1,10.0,self-supervised,63895bb3e6784492523a08e4f97c20ef15131b3846c70467601434b1e65c90be,234.7971846802059,solver-window-front-stumpy-postmerge-v1,53d57e7f6414ae724dbdd6d1339a877a504dca882cac1658948704bda8806dfc,7a4bb6f327a8c0c3,229.7971846802059,239.7971846802059,active
94f5233a0e21ef14,front,log-0072_184,1,20.0,self-supervised,63895bb3e6784492523a08e4f97c20ef15131b3846c70467601434b1e65c90be,234.7971846802059,solver-window-front-stumpy-postmerge-v1,53d57e7f6414ae724dbdd6d1339a877a504dca882cac1658948704bda8806dfc,7858e7ff7622c214,224.7971846802059,244.7971846802059,active
548f09c57ae7b261,front,log-0072_184,1,40.0,self-supervised,63895bb3e6784492523a08e4f97c20ef15131b3846c70467601434b1e65c90be,234.7971846802059,solver-window-front-stumpy-postmerge-v1,53d57e7f6414ae724dbdd6d1339a877a504dca882cac1658948704bda8806dfc,91b503d8116d19a0,214.7971846802059,254.7971846802059,active
bda8bd132256672f,front,log-0072_184,1,120.0,self-supervised,63895bb3e6784492523a08e4f97c20ef15131b3846c70467601434b1e65c90be,234.7971846802059,solver-window-front-stumpy-postmerge-v1,53d57e7f6414ae724dbdd6d1339a877a504dca882cac1658948704bda8806dfc,f3baf4aff01f333f,174.7971846802059,294.7971846802059,active
c739632f5ac893be,front,log-0072_184,2,5.0,self-supervised,63895bb3e6784492523a08e4f97c20ef15131b3846c70467601434b1e65c90be,129.59964358147516,solver-window-front-stumpy-postmerge-v1,53d57e7f6414ae724dbdd6d1339a877a504dca882cac1658948704bda8806dfc,374b3f900db9ad97,127.09964358147516,132.09964358147516,active
9e83c3b018b8d8f0,front,log-0072_184,2,10.0,self-supervised,63895bb3e6784492523a08e4f97c20ef15131b3846c70467601434b1e65c90be,129.59964358147516,solver-window-front-stumpy-postmerge-v1,53d57e7f6414ae724dbdd6d1339a877a504dca882cac1658948704bda8806dfc,0c9594dea053ed99,124.59964358147516,134.59964358147516,active
c0b3bf7e411c2f76,front,log-0072_184,2,20.0,self-supervised,63895bb3e6784492523a08e4f97c20ef15131b3846c70467601434b1e65c90be,129.59964358147516,solver-window-front-stumpy-postmerge-v1,53d57e7f6414ae724dbdd6d1339a877a504dca882cac1658948704bda8806dfc,b4cc9f608bf5724d,119.59964358147516,139.59964358147516,active
167019738ec07a01,front,log-0072_184,2,40.0,self-supervised,63895bb3e6784492523a08e4f97c20ef15131b3846c70467601434b1e65c90be,129.59964358147516,solver-window-front-stumpy-postmerge-v1,53d57e7f6414ae724dbdd6d1339a877a504dca882cac1658948704bda8806dfc,6d6790a9cea6b14f,109.59964358147516,149.59964358147516,active
0b096be5fc794bd3,front,log-0072_184,2,120.0,self-supervised,63895bb3e6784492523a08e4f97c20ef15131b3846c70467601434b1e65c90be,129.59964358147516,solver-window-front-stumpy-postmerge-v1,53d57e7f6414ae724dbdd6d1339a877a504dca882cac1658948704bda8806dfc,8f696400b58740a1,69.59964358147516,189.59964358147516,active
c21436dbe976a282,front,log-0072_184,3,5.0,self-supervised,63895bb3e6784492523a08e4f97c20ef15131b3846c70467601434b1e65c90be,102.12022700583626,solver-window-front-stumpy-postmerge-v1,53d57e7f6414ae724dbdd6d1339a877a504dca882cac1658948704bda8806dfc,a5cfe733dccb1204,99.62022700583626,104.62022700583626,active
fa61e57de2850494,front,log-0072_184,3,10.0,self-supervised,63895bb3e6784492523a08e4f97c20ef15131b3846c70467601434b1e65c90be,102.12022700583626,solver-window-front-stumpy-postmerge-v1,53d57e7f6414ae724dbdd6d1339a877a504dca882cac1658948704bda8806dfc,29d80826e46be850,97.12022700583626,107.12022700583626,active
7016349680542230,front,log-0072_184,3,20.0,self-supervised,63895bb3e6784492523a08e4f97c20ef15131b3846c70467601434b1e65c90be,102.12022700583626,solver-window-front-stumpy-postmerge-v1,53d57e7f6414ae724dbdd6d1339a877a504dca882cac1658948704bda8806dfc,01850548d9603fe0,92.12022700583626,112.12022700583626,active
cbe2370b43f390c4,front,log-0072_184,3,40.0,self-supervised,63895bb3e6784492523a08e4f97c20ef15131b3846c70467601434b1e65c90be,102.12022700583626,solver-window-front-stumpy-postmerge-v1,53d57e7f6414ae724dbdd6d1339a877a504dca882cac1658948704bda8806dfc,79a0bf242c47495e,82.12022700583626,122.12022700583626,active
0ad9ef0ae7c12e67,front,log-0072_184,3,120.0,self-supervised,63895bb3e6784492523a08e4f97c20ef15131b3846c70467601434b1e65c90be,102.12022700583626,solver-window-front-stumpy-postmerge-v1,53d57e7f6414ae724dbdd6d1339a877a504dca882cac1658948704bda8806dfc,574ce3b2cb495a1d,42.120227005836256,162.12022700583626,active
419a4fc727153353,front,log-0073_185,0,5.0,self-supervised,80c160dd1066ae9e2a5e7a747ba5c4c72503092f7d88895515dfe5b3d381d676,107.48218346475917,solver-window-front-stumpy-postmerge-v1,53d57e7f6414ae724dbdd6d1339a877a504dca882cac1658948704bda8806dfc,318321d8ce1742c5,104.98218346475917,109.98218346475917,active
4e346796e57b1d06,front,log-0073_185,0,10.0,self-supervised,80c160dd1066ae9e2a5e7a747ba5c4c72503092f7d88895515dfe5b3d381d676,107.48218346475917,solver-window-front-stumpy-postmerge-v1,53d57e7f6414ae724dbdd6d1339a877a504dca882cac1658948704bda8806dfc,facd910dae9eac84,102.48218346475917,112.48218346475917,active
7858cd7a7e7d25af,front,log-0073_185,0,20.0,self-supervised,80c160dd1066ae9e2a5e7a747ba5c4c72503092f7d88895515dfe5b3d381d676,107.48218346475917,solver-window-front-stumpy-postmerge-v1,53d57e7f6414ae724dbdd6d1339a877a504dca882cac1658948704bda8806dfc,5c4f6060f57cbb3b,97.48218346475917,117.48218346475917,active
7423d3290254f51c,front,log-0073_185,0,40.0,self-supervised,80c160dd1066ae9e2a5e7a747ba5c4c72503092f7d88895515dfe5b3d381d676,107.48218346475917,solver-window-front-stumpy-postmerge-v1,53d57e7f6414ae724dbdd6d1339a877a504dca882cac1658948704bda8806dfc,149745199aa1dd2b,87.48218346475917,127.48218346475917,active
79baa95a31dabe01,front,log-0073_185,0,120.0,self-supervised,80c160dd1066ae9e2a5e7a747ba5c4c72503092f7d88895515dfe5b3d381d676,107.48218346475917,solver-window-front-stumpy-postmerge-v1,53d57e7f6414ae724dbdd6d1339a877a504dca882cac1658948704bda8806dfc,b8b08028abfc80e5,47.482183464759174,167.48218346475917,active
cd0a46a62f50c27a,front,log-0073_185,1,5.0,self-supervised,80c160dd1066ae9e2a5e7a747ba5c4c72503092f7d88895515dfe5b3d381d676,198.04932471421645,solver-window-front-stumpy-postmerge-v1,53d57e7f6414ae724dbdd6d1339a877a504dca882cac1658948704bda8806dfc,bee6c1a9e4a05cd2,195.54932471421645,200.54932471421645,active
39ef51b07aac0919,front,log-0073_185,1,10.0,self-supervised,80c160dd1066ae9e2a5e7a747ba5c4c72503092f7d88895515dfe5b3d381d676,198.04932471421645,solver-window-front-stumpy-postmerge-v1,53d57e7f6414ae724dbdd6d1339a877a504dca882cac1658948704bda8806dfc,eed8cc0112d42221,193.04932471421645,203.04932471421645,active
af71be9c07633867,front,log-0073_185,1,20.0,self-supervised,80c160dd1066ae9e2a5e7a747ba5c4c72503092f7d88895515dfe5b3d381d676,198.04932471421645,solver-window-front-stumpy-postmerge-v1,53d57e7f6414ae724dbdd6d1339a877a504dca882cac1658948704bda8806dfc,9de5d2705f8acab7,188.04932471421645,208.04932471421645,active
82138a0a2adb3dcc,front,log-0073_185,1,40.0,self-supervised,80c160dd1066ae9e2a5e7a747ba5c4c72503092f7d88895515dfe5b3d381d676,198.04932471421645,solver-window-front-stumpy-postmerge-v1,53d57e7f6414ae724dbdd6d1339a877a504dca882cac1658948704bda8806dfc,bbeb3f8a996422da,178.04932471421645,218.04932471421645,active
48730f7801565c56,front,log-0073_185,1,120.0,self-supervised,80c160dd1066ae9e2a5e7a747ba5c4c72503092f7d88895515dfe5b3d381d676,198.04932471421645,solver-window-front-stumpy-postmerge-v1,53d57e7f6414ae724dbdd6d1339a877a504dca882cac1658948704bda8806dfc,13b59c87dcb36ff7,138.04932471421645,258.0493247142165,active
164ba42309e29ea8,front,log-0073_185,2,5.0,self-supervised,80c160dd1066ae9e2a5e7a747ba5c4c72503092f7d88895515dfe5b3d381d676,178.05506116466472,solver-window-front-stumpy-postmerge-v1,53d57e7f6414ae724dbdd6d1339a877a504dca882cac1658948704bda8806dfc,6d459a89525d2899,175.55506116466472,180.55506116466472,active
66997b9dad858819,front,log-0073_185,2,10.0,self-supervised,80c160dd1066ae9e2a5e7a747ba5c4c72503092f7d88895515dfe5b3d381d676,178.05506116466472,solver-window-front-stumpy-postmerge-v1,53d57e7f6414ae724dbdd6d1339a877a504dca882cac1658948704bda8806dfc,3b293512aa5e6477,173.05506116466472,183.05506116466472,active
8a13f0eda0d1d48d,front,log-0073_185,2,20.0,self-supervised,80c160dd1066ae9e2a5e7a747ba5c4c72503092f7d88895515dfe5b3d381d676,178.05506116466472,solver-window-front-stumpy-postmerge-v1,53d57e7f6414ae724dbdd6d1339a877a504dca882cac1658948704bda8806dfc,1655c799b7ff811c,168.05506116466472,188.05506116466472,active
f0b6cf24b56b8d1a,front,log-0073_185,2,40.0,self-supervised,80c160dd1066ae9e2a5e7a747ba5c4c72503092f7d88895515dfe5b3d381d676,178.05506116466472,solver-window-front-stumpy-postmerge-v1,53d57e7f6414ae724dbdd6d1339a877a504dca882cac1658948704bda8806dfc,b68996ada079791f,158.05506116466472,198.05506116466472,active
72cf678a0906d4fc,front,log-0073_185,2,120.0,self-supervised,80c160dd1066ae9e2a5e7a747ba5c4c72503092f7d88895515dfe5b3d381d676,178.05506116466472,solver-window-front-stumpy-postmerge-v1,53d57e7f6414ae724dbdd6d1339a877a504dca882cac1658948704bda8806dfc,4767a8b4e2970293,118.05506116466472,238.05506116466472,active
a9a5eddc2cf374ef,front,log-0073_185,3,5.0,self-supervised,80c160dd1066ae9e2a5e7a747ba5c4c72503092f7d88895515dfe5b3d381d676,235.3347562774605,solver-window-front-stumpy-postmerge-v1,53d57e7f6414ae724dbdd6d1339a877a504dca882cac1658948704bda8806dfc,2078f211466d8a2a,232.8347562774605,237.8347562774605,active
9bfa0fe88ca76713,front,log-0073_185,3,10.0,self-supervised,80c160dd1066ae9e2a5e7a747ba5c4c72503092f7d88895515dfe5b3d381d676,235.3347562774605,solver-window-front-stumpy-postmerge-v1,53d57e7f6414ae724dbdd6d1339a877a504dca882cac1658948704bda8806dfc,f35d68c5d141bee8,230.3347562774605,240.3347562774605,active
c86d1dbc8106f45a,front,log-0073_185,3,20.0,self-supervised,80c160dd1066ae9e2a5e7a747ba5c4c72503092f7d88895515dfe5b3d381d676,235.3347562774605,solver-window-front-stumpy-postmerge-v1,53d57e7f6414ae724dbdd6d1339a877a504dca882cac1658948704bda8806dfc,0dda1fb448f39f58,225.3347562774605,245.3347562774605,active
1ff588c10991d30d,front,log-0073_185,3,40.0,self-supervised,80c160dd1066ae9e2a5e7a747ba5c4c72503092f7d88895515dfe5b3d381d676,235.3347562774605,solver-window-front-stumpy-postmerge-v1,53d57e7f6414ae724dbdd6d1339a877a504dca882cac1658948704bda8806dfc,b4f7c1001ff44545,215.3347562774605,255.3347562774605,active
f8b81a4a6b991176,front,log-0073_185,3,120.0,self-supervised,80c160dd1066ae9e2a5e7a747ba5c4c72503092f7d88895515dfe5b3d381d676,235.3347562774605,solver-window-front-stumpy-postmerge-v1,53d57e7f6414ae724dbdd6d1339a877a504dca882cac1658948704bda8806dfc,5e8af42606b67f5b,175.3347562774605,295.33475627746054,active
