comparison,log,t,rmse,nrmse,bin_rmse,mae,ame,rms_travel
travel/mag_model,log-0078-valid,147,10.335053541122424,0.36238562271972613,9.578064418951442,8.241798869852586,2.279155419030062,28.5194910977903
travel/mag_model,log-0079,266,36.510322675206154,1.4304954038443087,37.096200339802614,35.92088578936542,35.92088578936542,25.522852137160616
travel/mag_model,log-0080-valid,367,41.60770412123602,1.3439608218395092,39.85374811704036,40.6835773958192,39.66244799562607,30.959015653660668
travel/mag_model,log-0081,827,18.293828699333165,0.8917298290043465,16.21571545548176,12.71192209455587,12.45080990373323,20.514990195807385
travel/mag_model,log-0098,235,10.219080094534577,0.3773883222882715,8.840309256596715,7.433243749386829,1.6656514952950199,27.078421591245316
travel/mag_model,log-0099,645,26.613876627268507,1.343657141344298,25.61041183837374,23.29616238071914,23.287556969905584,19.807044377884925
travel/solved,log-0078-valid,147,6.392147929053961,0.22413260836723792,5.964244476985537,4.6469093970107505,3.194885132293498,28.5194910977903
travel/solved,log-0079,266,6.2065479794997085,0.243176113161081,5.6737803332226875,5.181180817921724,4.068902296941013,25.522852137160616
travel/solved,log-0080-valid,367,8.888679549463912,0.28711118108217026,9.807131371172424,7.415954036630015,6.954425633575052,30.959015653660668
travel/solved,log-0081,827,9.95543510125113,0.48527613253676843,9.36610598565004,8.64757253487225,3.279372182995088,20.514990195807385
travel/solved,log-0098,235,5.608126125122339,0.20710683250959847,5.407088654780463,4.152704690737059,0.7621506865730812,27.078421591245316
travel/solved,log-0099,645,8.828310216851614,0.44571567814068463,7.554120608206899,7.620261410640486,2.697804122424733,19.807044377884925
travel/baseline/accel,log-0078-valid,147,57.967936657185334,2.032572617036519,74.78980524772733,53.50621147235436,53.49925223312822,28.5194910977903
travel/baseline/accel,log-0079,266,56.06721853664967,2.1967458117667515,69.52014053448981,53.02202069886638,53.014916777989086,25.522852137160616
travel/baseline/accel,log-0080-valid,367,58.294531988947206,1.8829581870783518,81.45466564156563,52.481947270652725,52.368616515572064,30.959015653660668
travel/baseline/accel,log-0081,827,51.08514437161496,2.4901374011894553,66.9620043645779,49.055157719281844,49.05159296400519,20.514990195807385
travel/baseline/accel,log-0098,235,55.571852217907995,2.052255964427219,68.84409974073152,51.651717699751366,51.62456275410931,27.078421591245316
travel/baseline/accel,log-0099,645,53.70324868052399,2.711320662283417,68.12161188602956,51.90279851673768,51.90157944545311,19.807044377884925
travel/oracle/mag_power,log-0078-valid,147,6.685637614675303,0.23442345418264876,5.848075777078403,5.218287276208263,0.03484513010960087,28.5194910977903
travel/oracle/mag_power,log-0079,266,6.328717800747483,0.2479627968981191,6.323354014203372,4.786385319000284,0.001560922209207055,25.522852137160616
travel/oracle/mag_power,log-0080-valid,367,7.564701120191808,0.2443456602373383,7.308725553632242,5.797473263577439,0.005015699103092265,30.959015653660668
travel/oracle/mag_power,log-0081,827,8.46897906504386,0.4128190647039476,10.128845555358096,6.6027303632243655,0.0014336469953241716,20.514990195807385
travel/oracle/mag_power,log-0098,235,8.122938955424036,0.299978302946958,7.352818448922888,6.046440832066076,0.06288109087275695,27.078421591245316
travel/oracle/mag_power,log-0099,645,8.883037788563467,0.4484787138903777,10.60568104826942,7.126655614756596,0.004200001534624589,19.807044377884925
travel/fusion1,log-0078-valid,147,10.177376311513529,0.35685686945171596,9.462829726617333,8.172286673699864,2.4146279073572234,28.5194910977903
travel/fusion1,log-0079,266,36.615859074641165,1.4346303805650864,37.27762631603984,36.02324700979995,36.02324700979995,25.522852137160616
travel/fusion1,log-0080-valid,367,41.57032821155876,1.3427535512306699,39.87322725490515,40.66901923267006,39.74055047811633,30.959015653660668
travel/fusion1,log-0081,827,17.560544859673445,0.8559860225164653,15.598710199009744,12.271195379784244,12.013859979971274,20.514990195807385
travel/fusion1,log-0098,235,9.772180735313478,0.3608844297805344,8.446583192147802,7.239964436439589,1.8417098761582658,27.078421591245316
travel/fusion1,log-0099,645,25.758385128511943,1.3004658664405198,25.045583405697943,22.700703164020005,22.692248256002113,19.807044377884925
