comparison,log,t,rmse,bin_rmse,mae,me,rms_travel
travel/mag_model,log-0046,375,4.11531107650508,5.540844875932499,2.6792015541654335,-4.2949772411922946e-15,20.23614165582175
travel/mag_model,log-0048,335,4.073078523836177,4.457379795177645,2.7080676589180923,3.1459144026019704e-15,22.239564219400567
travel/mag_model,log-0049,176,4.035503675909335,4.329238021728644,2.82211484437877,5.143037218801901e-16,21.938401111552416
travel/mag_model,log-0054,671,4.947189881147551,5.950949787936276,3.3120983210015265,7.579799282567488e-16,17.52591383100908
travel/mag_model,log-0055,226,5.1912868976689515,5.216711178560053,3.7172986956715928,-1.1242705244643499e-14,23.16699998076929
travel/mag_model,log-0056,273,5.210327859122735,5.753373774311638,3.435138157269829,5.32549505155237e-16,22.162708640464672
travel/mag_model,log-0058,387,4.273892653691763,4.91219187582628,2.700185830986939,-1.1466489639217428e-14,23.06232657729647
travel/mag_model,log-0063,103,3.660676208860282,3.902423361141185,2.657558468905668,4.923315930331946e-15,26.033041182351358
travel/mag_model,log-0071_183,416,3.965483406658306,4.698050228152255,2.3621536956941305,-2.050622483669263e-15,21.395258082946103
travel/mag_model,log-0072_184,327,4.281418957470893,4.906835354919518,2.6325522282121874,5.3006678883995264e-15,20.845195884213652
travel/mag_model,log-0073_185,287,6.847986182335741,6.722613962250786,5.764707293298604,2.75441358492863e-15,19.293719096194483
travel/mag_model,log-0078-valid,132,8.065709541112497,6.796536633099235,6.138462082627305,2.194859008803447e-15,28.394020081463875
travel/mag_model,log-0079,241,7.755885135267799,6.421833275033065,5.802623114088363,-1.0274752548945854e-14,25.619537862902803
travel/mag_model,log-0080-valid,326,11.002402234412688,10.44075829966348,7.9807589702258355,-8.901887336127027e-16,28.91853336469514
travel/mag_model,log-0081,735,11.212110128157027,8.758890592730294,9.27070538055145,-7.911121806198595e-16,20.924541510338674
travel/mag_model,log103,396,7.22686752612162,8.26204659888187,4.306896154504921,7.057273779912375e-15,22.624633693591974
travel/mag_model,log104,398,7.151933840173623,8.246231023537828,4.444314166351758,-7.447010417892565e-15,21.56331485170561
travel/mag_model,log106,154,4.148889641869021,5.0896738788073845,2.6136741261254843,-2.4174575541452224e-15,22.731881491217994
travel/mag_model,log107,167,3.8756058913702587,4.97459188436354,2.436117158256079,2.2548557335310665e-15,21.699660220687818
travel/mag_model,log109,181,4.675191035541256,6.491146035494297,3.0838738628904903,3.404472075336294e-15,22.029825306020523
travel/mag_model,log110,171,5.974603556438626,6.290546455887953,4.333889793312059,-3.9510965818463554e-15,21.283080120093388
travel/mag_model,log112,329,5.566075254771373,6.227865193170487,3.6276225355520144,3.693771292888779e-15,22.948435201317984
travel/mag_model,log-0098,224,9.990551553521462,9.431642231629567,6.872249304412809,-9.735893328523763e-16,26.50721595754707
travel/mag_model,log-0099,634,12.818135111180354,10.125592324417452,10.67420925415338,2.2946033032209866e-15,19.904113186995687
travel/mag_model,log-0113,236,6.6404214909999855,7.57986223509756,5.096277946670711,7.85540959234842e-15,29.2846062635975
travel/mag_model,log-0115,171,6.328436158446887,7.07946609472485,4.78741966588537,-1.2379115880343486e-14,26.41693928648056
travel/mag_model,log-0116,180,7.277002357753218,7.634352686302804,5.394294737616484,7.927529878877955e-15,34.572143991889995
travel/mag_model,log-0117,123,5.491935047232701,6.872482849324883,4.198589960219031,7.728791169161336e-16,28.771009226145868
travel/mag_model,log-0118,110,8.8287573543266,9.10843431946597,7.317255199864725,-3.5154519440138048e-15,40.176871399123726
travel/mag_model,log-0119,139,7.3940733257140785,7.730064649206818,6.08208166876246,1.0397391408599631e-14,39.62079151172572
travel/mag_model,log-0120,49,6.844316456745126,6.929560189758554,5.321919713679215,3.56987654681403e-15,37.737025010779696
travel/mag_model,log-0122,320,7.895489086332943,7.604221334714278,6.221375098142057,2.9511543784713282e-15,35.93895634700181
travel/mag_model,log-0125,189,8.424228650617287,8.277852327322975,6.780091024198353,1.2447682395165624e-15,36.335977928732376
travel/mag_model,log-0126,54,10.570765268638505,10.85812633579056,8.64252857503946,-1.1683727128666724e-14,40.37316258649894
travel/mag_model,log-0127,105,7.668268406127503,7.847300378001668,6.1411996961372335,-1.3424595636111216e-15,39.602957351884434
travel/mag_model,log-0129,415,9.292940433220284,11.011304869327763,6.606101053654784,-1.3481777271443926e-14,34.86263197753653
travel/mag_model,log-0132,267,10.22369489309385,9.55485158909133,7.772928304649713,7.0724875866894374e-15,36.67915188470993
travel/mag_model,log-0133,93,7.433883467759895,8.629748280074464,5.66203625454767,-1.9872779137012393e-15,32.725568521584854
travel/mag_model/adj,log-0046,375,4.11531107650508,5.540844875932499,2.6792015541654335,-4.319174296072251e-15,20.23614165582175
travel/mag_model/adj,log-0048,335,4.073078523836177,4.4573797951776415,2.7080676589180936,1.0414061470682384e-14,22.239564219400567
travel/mag_model/adj,log-0049,176,4.035503675909335,4.329238021728643,2.822114844378772,4.320151263793597e-15,21.938401111552416
travel/mag_model/adj,log-0054,671,4.947189881147551,5.950949787936273,3.312098321001528,8.040001381866228e-15,17.52591383100908
travel/mag_model/adj,log-0055,226,5.1912868976689515,5.216711178560053,3.7172986956715928,-1.120255272591263e-14,23.16699998076929
travel/mag_model/adj,log-0056,273,5.210327859122735,5.753373774311639,3.435138157269827,-6.7234375025848675e-15,22.162708640464672
travel/mag_model/adj,log-0058,387,4.273892653691763,4.912191875826278,2.7001858309869395,2.8196285998075644e-15,23.06232657729647
travel/mag_model/adj,log-0063,103,3.6606762088602816,3.9024233611411856,2.6575584689056675,1.4945780502793407e-15,26.033041182351358
travel/mag_model/adj,log-0071_183,416,3.965483406658306,4.698050228152255,2.3621536956941305,-1.9633619524492944e-15,21.395258082946103
travel/mag_model/adj,log-0072_184,327,4.281418957470893,4.906835354919518,2.6325522282121874,5.245163512604767e-15,20.845195884213652
travel/mag_model/adj,log-0073_185,287,6.847986182335742,6.722613962250786,5.764707293298602,-2.1212150596576808e-15,19.293719096194483
travel/mag_model/adj,log-0078-valid,132,8.065709541112497,6.796536633099235,6.138462082627306,6.035862274209478e-15,28.394020081463875
travel/mag_model/adj,log-0079,241,7.755885135267799,6.421833275033066,5.802623114088363,-3.204968684992285e-15,25.619537862902803
travel/mag_model/adj,log-0080-valid,326,11.002402234412687,10.440758299663482,7.980758970225832,-1.5133208471415948e-14,28.91853336469514
travel/mag_model/adj,log-0081,735,11.212110128157027,8.758890592730294,9.27070538055145,-7.911121806198595e-16,20.924541510338674
travel/mag_model/adj,log103,396,7.2268675261216195,8.26204659888187,4.30689615450492,6.965620873679747e-15,22.624633693591974
travel/mag_model/adj,log104,398,7.151933840173623,8.246231023537828,4.4443141663517585,-5.665210379255694e-15,21.56331485170561
travel/mag_model/adj,log106,154,4.148889641869021,5.0896738788073845,2.6136741261254834,4.658027970182258e-15,22.731881491217994
travel/mag_model/adj,log107,167,3.8756058913702587,4.974591884363541,2.4361171582560797,6.058226850330456e-15,21.699660220687818
travel/mag_model/adj,log109,181,4.675191035541256,6.491146035494296,3.083873862890491,6.608681087417512e-15,22.029825306020523
travel/mag_model/adj,log110,171,5.974603556438626,6.290546455887953,4.3338897933120615,3.1290563534085235e-15,21.283080120093388
travel/mag_model/adj,log112,329,5.566075254771373,6.227865193170488,3.6276225355520157,-3.4732476336118373e-15,22.948435201317984
travel/mag_model/adj,log-0098,224,9.990551553521462,9.431642231629567,6.872249304412809,-8.518906662458293e-16,26.50721595754707
travel/mag_model/adj,log-0099,634,12.818135111180354,10.125592324417454,10.674209254153379,-1.3767619819325918e-15,19.904113186995687
travel/mag_model/adj,log-0113,236,6.6404214909999855,7.579862235097562,5.096277946670711,7.701381953282766e-16,29.2846062635975
travel/mag_model/adj,log-0115,171,6.328436158446887,7.079466094724848,4.787419665885371,-5.3960248709189555e-15,26.41693928648056
travel/mag_model/adj,log-0116,180,7.277002357753218,7.634352686302804,5.394294737616484,7.927529878877955e-15,34.572143991889995
travel/mag_model/adj,log-0117,123,5.491935047232701,6.872482849324879,4.1985899602190315,1.501593712865631e-14,28.771009226145868
travel/mag_model/adj,log-0118,110,8.8287573543266,9.10843431946597,7.317255199864725,-3.433219150001786e-15,40.176871399123726
travel/mag_model/adj,log-0119,139,7.3940733257140785,7.730064649206818,6.08208166876246,1.0364797705124397e-14,39.62079151172572
travel/mag_model/adj,log-0120,49,6.844316456745126,6.929560189758555,5.321919713679215,6.499006021122977e-15,37.737025010779696
travel/mag_model/adj,log-0122,320,7.895489086332944,7.604221334714279,6.2213750981420555,-4.4267315677069925e-15,35.93895634700181
travel/mag_model/adj,log-0125,189,8.42422865061729,8.277852327322977,6.780091024198354,3.8300561215894224e-16,36.335977928732376
travel/mag_model/adj,log-0126,54,10.570765268638507,10.85812633579056,8.64252857503946,-8.178608990066707e-15,40.37316258649894
travel/mag_model/adj,log-0127,105,7.668268406127502,7.847300378001669,6.141199696137233,-1.1172727981021593e-14,39.602957351884434
travel/mag_model/adj,log-0129,415,9.292940433220284,11.011304869327763,6.606101053654784,-1.3481777271443926e-14,34.86263197753653
travel/mag_model/adj,log-0132,267,10.22369489309385,9.554851589091328,7.772928304649713,9.792675120031529e-15,36.67915188470993
travel/mag_model/adj,log-0133,93,7.4338834677598955,8.629748280074466,5.662036254547671,-4.750078915676134e-15,32.725568521584854
travel/solved,log-0046,375,3.120700851055604,4.049717251505495,2.215679761484536,1.318739490957634e-15,20.23614165582175
travel/solved,log-0048,335,3.1104722831230154,3.9008553939534876,2.3236353969225068,5.966389384245116e-15,22.239564219400567
travel/solved,log-0049,176,3.1612593406720775,3.493207134917474,2.1632470807941635,3.497265308785293e-15,21.938401111552416
travel/solved,log-0054,671,2.7838070401302084,3.1615942078794843,2.039082842431706,3.3838389654319143e-15,17.52591383100908
travel/solved,log-0055,226,4.0655198612874415,4.139490060296292,2.8853352693200227,1.6462532679656552e-15,23.16699998076929
travel/solved,log-0056,273,3.37055547373141,3.815465345398727,2.5265888135306502,-3.74448870812276e-15,22.162708640464672
travel/solved,log-0058,387,3.151218646513522,3.4969605485613022,2.369229618735354,-3.0545976497915277e-15,23.06232657729647
travel/solved,log-0063,103,3.142326517009207,3.401830213122879,2.46520491943457,4.791441396483769e-15,26.033041182351358
travel/solved,log-0071_183,416,2.6180711832654646,2.8732966365867996,1.8596318356467785,3.5558666472137225e-15,21.395258082946103
travel/solved,log-0072_184,327,2.916600959159363,3.292338523597512,2.1032282204382184,6.882542598550171e-15,20.845195884213652
travel/solved,log-0073_185,287,5.393116475048204,5.496112606006086,4.104804164679064,-6.458624957763684e-15,19.293719096194483
travel/solved,log-0078-valid,132,5.145913921901861,5.090830573974912,3.7951453211843633,7.510533170749294e-15,28.394020081463875
travel/solved,log-0079,241,5.7548822169775375,5.574890523140047,4.203275564568834,-1.3460868476967597e-14,25.619537862902803
travel/solved,log-0080-valid,326,7.006678402985277,7.103654981482096,5.183157167527115,-8.901887336127027e-15,28.91853336469514
travel/solved,log-0081,735,8.748443304352065,7.391504303150654,7.082687845738001,-2.3733365418595785e-15,20.924541510338674
travel/solved,log103,396,4.979537056311842,5.773118628841008,3.5374382911812465,5.040909842794553e-15,22.624633693591974
travel/solved,log104,398,5.5272431989115,7.51610286725928,3.5583173288782612,-7.675446320281909e-15,21.56331485170561
travel/solved,log106,154,3.101678112280214,3.6018468602319724,2.2568560260140735,-9.581386647526797e-16,22.731881491217994
travel/solved,log107,167,2.9448883528381344,3.7542501585545907,1.9506110865018627,1.0296268951906919e-14,21.699660220687818
travel/solved,log109,181,3.2430092439671983,4.411362960387997,2.2934987450559503,-3.955195499287753e-15,22.029825306020523
travel/solved,log110,171,3.52669354390311,3.9970388165092525,2.4562181962466854,-8.352989417997329e-16,21.283080120093388
travel/solved,log112,329,4.387804169983439,5.030821382458385,3.1912177913087088,-4.079687696623428e-15,22.948435201317984
travel/solved,log-0098,224,5.223570118453667,5.49011033634933,3.924455782522037,-5.151910219677158e-15,26.50721595754707
travel/solved,log-0099,634,7.941378232990252,7.02060453156725,6.528850037990517,4.589206606441973e-16,19.904113186995687
travel/solved,log-0113,236,6.160134253807758,7.970822734472902,4.791019616976622,6.122598652859799e-15,29.2846062635975
travel/solved,log-0115,171,6.392243662121604,8.411441580848528,4.767117462657277,-1.9362206889768016e-14,26.41693928648056
travel/solved,log-0116,180,6.933251000999811,7.743648802513508,5.46477274918532,9.997776535145447e-15,34.572143991889995
travel/solved,log-0117,123,5.489869933864477,7.214955010375667,4.247218286611929,-2.981105165247944e-15,28.771009226145868
travel/solved,log-0118,110,10.518750207213971,11.520735269952626,8.312580777737423,9.045607341322072e-16,40.176871399123726
travel/solved,log-0119,139,8.549189655170279,9.144662992076736,6.865798465963213,1.3167856203994517e-14,39.62079151172572
travel/solved,log-0120,49,7.230171773375015,7.728063833072652,5.579425257780492,1.4142203243147887e-14,37.737025010779696
travel/solved,log-0122,320,7.597095610680017,8.0107907800779,5.974664149014213,1.4755771892356641e-15,35.93895634700181
travel/solved,log-0125,189,8.335952983075858,8.791999823501941,6.6972408124466805,6.606846809741754e-15,36.335977928732376
travel/solved,log-0126,54,11.961419622984652,12.480271136455505,9.472180871410737,-1.619030759258103e-14,40.37316258649894
travel/solved,log-0127,105,8.374220046869253,8.764390834982345,6.484912453768648,-2.381783096729409e-15,39.602957351884434
travel/solved,log-0129,415,7.239645873456306,8.201101325926244,5.766783457810968,-3.720620350885499e-15,34.86263197753653
travel/solved,log-0132,267,8.028981836142826,7.926037880110479,6.107168418323095,8.160562600026274e-15,36.67915188470993
travel/solved,log-0133,93,7.085652947130764,8.368424728130579,5.635703771853519,-2.1326884927525497e-15,32.725568521584854
travel/solved/mag_nuisance/delta_lifted,log-0046,375,3.098438350248291,3.883164290137043,2.1854330340314476,-6.164199730668941e-15,20.23614165582175
travel/solved/mag_nuisance/delta_lifted,log-0048,335,3.2415734227395996,4.096673065216855,2.3758268803323825,4.1222326654784436e-15,22.239564219400567
travel/solved/mag_nuisance/delta_lifted,log-0049,176,3.3773461973666596,3.6557638364595,2.3961557543095817,-1.2343289325124564e-15,21.938401111552416
travel/solved/mag_nuisance/delta_lifted,log-0054,671,3.0525099088005763,3.445627238300177,2.1971001167548345,7.552728570844033e-15,17.52591383100908
travel/solved/mag_nuisance/delta_lifted,log-0055,226,4.383109487089373,4.408578497646278,3.2238821493936456,-4.938759803896966e-15,23.16699998076929
travel/solved/mag_nuisance/delta_lifted,log-0056,273,3.4108178687546644,3.782613652964198,2.5195528810497887,-4.693092514180526e-15,22.162708640464672
travel/solved/mag_nuisance/delta_lifted,log-0058,387,3.2241507710247324,3.4546245207368806,2.3856917975289105,-4.276436709708139e-15,23.06232657729647
travel/solved/mag_nuisance/delta_lifted,log-0063,103,3.2523361713384857,3.4657440472680574,2.5354484893303773,-2.945197922609289e-15,26.033041182351358
travel/solved/mag_nuisance/delta_lifted,log-0071_183,416,2.626915255804978,2.8968541302356794,1.8421592842584564,1.1562020386645847e-15,21.395258082946103
travel/solved/mag_nuisance/delta_lifted,log-0072_184,327,3.0318937321707016,3.405689691120668,2.1531839512657958,5.6614463310654635e-15,20.845195884213652
travel/solved/mag_nuisance/delta_lifted,log-0073_185,287,5.814123135127607,5.9452591539256305,4.676298482627075,5.698786727438545e-15,19.293719096194483
travel/solved/mag_nuisance/delta_lifted,log-0078-valid,132,5.263311511260455,5.042477677324969,3.8872959769479714,-1.200313520439385e-15,28.394020081463875
travel/solved/mag_nuisance/delta_lifted,log-0079,241,5.6338639456733475,5.328899330940798,4.254096739071236,-1.0670660445327255e-14,25.619537862902803
travel/solved/mag_nuisance/delta_lifted,log-0080-valid,326,7.491783668574318,7.570909739919115,5.573449667153751,-8.2342457859175e-15,28.91853336469514
travel/solved/mag_nuisance/delta_lifted,log-0081,735,8.961850801661305,7.494631969317325,7.3281674985039675,2.7688926321695085e-15,20.924541510338674
travel/solved/mag_nuisance/delta_lifted,log103,396,4.796259422406896,5.494986684857721,3.4017114450148793,6.5990092487492335e-15,22.624633693591974
travel/solved/mag_nuisance/delta_lifted,log104,398,5.1388298027613315,6.92652093844503,3.3386202861880845,-4.203220603963902e-15,21.56331485170561
travel/solved/mag_nuisance/delta_lifted,log106,154,3.1215204803937917,3.616535397427722,2.231935309014624,7.812515266444926e-15,22.731881491217994
travel/solved/mag_nuisance/delta_lifted,log107,167,3.089886245773542,3.985660889942249,2.0395662681734095,4.292375974673597e-15,21.699660220687818
travel/solved/mag_nuisance/delta_lifted,log109,181,3.388972418133338,4.577612560318134,2.372877474160043,4.606050454866751e-15,22.029825306020523
travel/solved/mag_nuisance/delta_lifted,log110,171,3.9399234996159103,4.447764253033171,2.8443353128396036,-6.7089089611216645e-15,21.283080120093388
travel/solved/mag_nuisance/delta_lifted,log112,329,4.553834721387268,5.297291187099948,3.2236325328029576,3.7489022077080146e-15,22.948435201317984
travel/solved/mag_nuisance/delta_lifted,log-0098,224,5.720390086066885,5.853688930045448,4.183045084545096,-1.6023657769862027e-15,26.50721595754707
travel/solved/mag_nuisance/delta_lifted,log-0099,634,8.462810741372161,7.327983207776935,6.901888417010369,2.7535239638651837e-15,19.904113186995687
travel/solved/mag_nuisance/delta_lifted,log-0113,236,5.907581852273162,7.433365775720168,4.636479118635132,2.5992164092329337e-15,29.2846062635975
travel/solved/mag_nuisance/delta_lifted,log-0115,171,6.159254028014512,7.603620625570377,4.694577613633063,2.645110230842625e-15,26.41693928648056
travel/solved/mag_nuisance/delta_lifted,log-0116,180,6.743748327843086,7.452916090040518,5.339052369243743,3.181110715728097e-15,34.572143991889995
travel/solved/mag_nuisance/delta_lifted,log-0117,123,5.253812540514009,6.720208546412181,4.1090634701276425,1.4169450476795782e-14,28.771009226145868
travel/solved/mag_nuisance/delta_lifted,log-0118,110,10.10525450075049,10.891028629230153,7.99835631563295,9.86793528144226e-16,40.176871399123726
travel/solved/mag_nuisance/delta_lifted,log-0119,139,7.870762435636618,8.34715312555065,6.379732589698721,1.6427226551517912e-14,39.62079151172572
travel/solved/mag_nuisance/delta_lifted,log-0120,49,6.681529457612773,6.96523271571944,5.153830609137744,9.70274138364839e-15,37.737025010779696
travel/solved/mag_nuisance/delta_lifted,log-0122,320,7.273783364221094,7.43447119214667,5.757256429038682,1.367746548483827e-14,35.93895634700181
travel/solved/mag_nuisance/delta_lifted,log-0125,189,8.030398787021026,8.276532961404913,6.476862614683634,-3.351299106390745e-15,36.335977928732376
travel/solved/mag_nuisance/delta_lifted,log-0126,54,11.138691763870964,11.569018613288588,9.030217250711681,-1.427083813572864e-14,40.37316258649894
travel/solved/mag_nuisance/delta_lifted,log-0127,105,7.677903785179919,7.8950483727210266,6.051942855506804,4.936786782311867e-15,39.602957351884434
travel/solved/mag_nuisance/delta_lifted,log-0129,415,7.113755007542315,7.933207998628591,5.718409818603898,-5.5152725201361516e-15,34.86263197753653
travel/solved/mag_nuisance/delta_lifted,log-0132,267,8.15326806040247,7.836002429638483,6.21992181318552,7.0724875866894374e-15,36.67915188470993
travel/solved/mag_nuisance/delta_lifted,log-0133,93,6.8912261387766245,7.88975634403477,5.486150727683077,-1.2166018447292954e-14,32.725568521584854
travel/mag_nuisance/corrected,log-0046,375,3.321701070012123,4.408392800116463,2.2868612689359287,-9.058772420683747e-15,20.23614165582175
travel/mag_nuisance/corrected,log-0048,335,3.508068786240025,4.068968431756194,2.515419920069917,-2.2780759467117714e-15,22.239564219400567
travel/mag_nuisance/corrected,log-0049,176,3.6265694517453757,3.9182866272359123,2.5326908763657325,-7.200252106322662e-16,21.938401111552416
travel/mag_nuisance/corrected,log-0054,671,3.7418889696929454,4.5461121580385635,2.4276877534221426,1.2181820275554891e-15,17.52591383100908
travel/mag_nuisance/corrected,log-0055,226,4.69641417016833,4.734367946574081,3.4228470021120874,-6.585013071862621e-15,23.16699998076929
travel/mag_nuisance/corrected,log-0056,273,4.004064983491434,4.450032134500841,2.7356934791260463,3.927552600519873e-15,22.162708640464672
travel/mag_nuisance/corrected,log-0058,387,3.5222584443574094,3.995989948904225,2.453209622763234,-6.955083879525325e-15,23.06232657729647
travel/mag_nuisance/corrected,log-0063,103,3.4276406629187806,3.651755262767197,2.6374524150058356,1.0945586309398701e-14,26.033041182351358
travel/mag_nuisance/corrected,log-0071_183,416,3.093082947014572,3.595783393631621,1.935745164810615,-1.7888408900093574e-15,21.395258082946103
travel/mag_nuisance/corrected,log-0072_184,327,3.408445811833185,3.867601316716715,2.261861320425996,4.717871942554553e-16,20.845195884213652
travel/mag_nuisance/corrected,log-0073_185,287,6.028140593319842,6.127063026196629,4.941002402233192,6.965183777980444e-15,19.293719096194483
travel/mag_nuisance/corrected,log-0078-valid,132,5.478973546942317,5.174946263136841,3.907912096910368,4.6297807216947706e-15,28.394020081463875
travel/mag_nuisance/corrected,log-0079,241,5.357338105408814,4.93606339434263,4.115908911266651,-9.31326194344817e-15,25.619537862902803
travel/mag_nuisance/corrected,log-0080-valid,326,8.028385907523417,8.125594525038816,5.774596984821847,7.344057052304798e-15,28.91853336469514
travel/mag_nuisance/corrected,log-0081,735,9.044685896593455,7.4547439773764745,7.405384310359186,2.3733365418595785e-15,20.924541510338674
travel/mag_nuisance/corrected,log103,396,4.901794686095724,6.1108285808292795,3.4961746585504425,1.2281489435172185e-14,22.624633693591974
travel/mag_nuisance/corrected,log104,398,5.408457155685312,7.37278414523869,3.5107304659907377,-9.685682261308123e-15,21.56331485170561
travel/mag_nuisance/corrected,log106,154,3.1861538950912034,3.744140903887734,2.276241414593651,-7.547184559282647e-15,22.731881491217994
travel/mag_nuisance/corrected,log107,167,3.2560280505065085,4.2569284988105816,2.0979116676361818,-1.8473516853025605e-15,21.699660220687818
travel/mag_nuisance/corrected,log109,181,3.6087475180754582,5.782284523746918,2.4396709688531812,4.9064450497493655e-15,22.029825306020523
travel/mag_nuisance/corrected,log110,171,4.378382370070347,5.001106553457198,3.0927827655818727,-9.281099353330366e-16,21.283080120093388
travel/mag_nuisance/corrected,log112,329,4.642303693715122,5.464855803832661,3.2539605392138813,-3.3629858039733664e-15,22.948435201317984
travel/mag_nuisance/corrected,log-0098,224,7.281093705549681,7.592442627144777,4.49287634858467,-8.518906662458293e-15,26.50721595754707
travel/mag_nuisance/corrected,log-0099,634,9.165737976016745,8.196960630795731,7.322931848086674,9.178413212883946e-16,19.904113186995687
travel/mag_nuisance/corrected,log-0113,236,5.74014331346639,7.055628286864556,4.524316226035659,7.29705940073542e-15,29.2846062635975
travel/mag_nuisance/corrected,log-0115,171,5.77541243176695,6.829890553243502,4.5068154794839215,-2.5287253806855496e-14,26.41693928648056
travel/mag_nuisance/corrected,log-0116,180,6.42167752057261,7.010266980575745,4.997643503377849,9.54333214718429e-15,34.572143991889995
travel/mag_nuisance/corrected,log-0117,123,5.174781686161369,6.5341891453346514,4.046808705336653,-2.245029815804007e-15,28.771009226145868
travel/mag_nuisance/corrected,log-0118,110,9.531202592502812,10.068235779043679,7.589142140074915,-1.5788696450307616e-14,40.176871399123726
travel/mag_nuisance/corrected,log-0119,139,7.031750638304146,7.404236792657751,5.890148052411799,1.2255232506687967e-14,39.62079151172572
travel/mag_nuisance/corrected,log-0120,49,6.151240779602111,6.274094784425795,4.816413411021783,1.1991123785452254e-14,37.737025010779696
travel/mag_nuisance/corrected,log-0122,320,6.698859325428772,6.555923391839671,5.477587338239009,1.1577605638618286e-14,35.93895634700181
travel/mag_nuisance/corrected,log-0125,189,7.426434020742418,7.560719981520314,6.031964646366068,5.745084182384134e-16,36.335977928732376
travel/mag_nuisance/corrected,log-0126,54,10.463386556633003,10.835331382098191,8.503083494828862,-7.761333021185752e-15,40.37316258649894
travel/mag_nuisance/corrected,log-0127,105,7.111968743666864,7.342269110750557,5.763150027984354,4.3305147213261987e-16,39.602957351884434
travel/mag_nuisance/corrected,log-0129,415,8.195751679769678,9.742673573519966,5.889371937749916,-1.015510495771101e-14,34.86263197753653
travel/mag_nuisance/corrected,log-0132,267,8.024091182387407,7.680416227439179,6.21479378710621,1.4416993926713085e-14,36.67915188470993
travel/mag_nuisance/corrected,log-0133,93,6.812818154765919,7.981422043072277,5.300058404394561,-1.8903375276670325e-15,32.725568521584854
