trial_id,pipeline,trainer,calibration_id,eval_cache_fingerprint,eval_log,experiment,pair_type,time_basis,train_cache_fingerprint,train_log
f9dddfa44a762824,front,self-supervised,68bc03be8d4e628d,d8402dc48713f2477fc783c4b7b12d7e729a40340ab3094aface48aaf3689ab1,log-0078-valid,cross-log-front-jamaal-v1,diagonal,active,d8402dc48713f2477fc783c4b7b12d7e729a40340ab3094aface48aaf3689ab1,log-0078-valid
5fc2e729f8467485,front,self-supervised,68bc03be8d4e628d,780ce095de072ce0ccb8a2189bccf4621e114ac117bd99e9b3159b7aad1ce7d9,log-0079,cross-log-front-jamaal-v1,transfer,active,d8402dc48713f2477fc783c4b7b12d7e729a40340ab3094aface48aaf3689ab1,log-0078-valid
42e9a69c4763376f,front,self-supervised,68bc03be8d4e628d,af54f0972700417f7c256ac927ea66700ec3a4a03d64ea7f53c8c9fe609dc314,log-0080-valid,cross-log-front-jamaal-v1,transfer,active,d8402dc48713f2477fc783c4b7b12d7e729a40340ab3094aface48aaf3689ab1,log-0078-valid
511d7c2dea863612,front,self-supervised,68bc03be8d4e628d,4e30882d51551b86ddd76983c70c3ccb22f66364b282670267d7b1efac2fbbde,log-0081,cross-log-front-jamaal-v1,transfer,active,d8402dc48713f2477fc783c4b7b12d7e729a40340ab3094aface48aaf3689ab1,log-0078-valid
037f593445f38877,front,self-supervised,68bc03be8d4e628d,e3767895efa55c080e2cc974c0bb5bc14ab40a3043df25b8f4f28786e2040c24,log-0098,cross-log-front-jamaal-v1,transfer,active,d8402dc48713f2477fc783c4b7b12d7e729a40340ab3094aface48aaf3689ab1,log-0078-valid
6812d423c3e98005,front,self-supervised,68bc03be8d4e628d,33f5bb5ad289c294637224725952c9a009422c5169044197b9dde36ecc5dbe22,log-0099,cross-log-front-jamaal-v1,transfer,active,d8402dc48713f2477fc783c4b7b12d7e729a40340ab3094aface48aaf3689ab1,log-0078-valid
54d30bff0ee96e85,front,self-supervised,3540467790aa7676,d8402dc48713f2477fc783c4b7b12d7e729a40340ab3094aface48aaf3689ab1,log-0078-valid,cross-log-front-jamaal-v1,transfer,active,780ce095de072ce0ccb8a2189bccf4621e114ac117bd99e9b3159b7aad1ce7d9,log-0079
ebffd6b3c7172c6a,front,self-supervised,3540467790aa7676,780ce095de072ce0ccb8a2189bccf4621e114ac117bd99e9b3159b7aad1ce7d9,log-0079,cross-log-front-jamaal-v1,diagonal,active,780ce095de072ce0ccb8a2189bccf4621e114ac117bd99e9b3159b7aad1ce7d9,log-0079
9c09fff6e4dc01c6,front,self-supervised,3540467790aa7676,af54f0972700417f7c256ac927ea66700ec3a4a03d64ea7f53c8c9fe609dc314,log-0080-valid,cross-log-front-jamaal-v1,transfer,active,780ce095de072ce0ccb8a2189bccf4621e114ac117bd99e9b3159b7aad1ce7d9,log-0079
a9192ad9ad2c6cc9,front,self-supervised,3540467790aa7676,4e30882d51551b86ddd76983c70c3ccb22f66364b282670267d7b1efac2fbbde,log-0081,cross-log-front-jamaal-v1,transfer,active,780ce095de072ce0ccb8a2189bccf4621e114ac117bd99e9b3159b7aad1ce7d9,log-0079
6cc019d5f76cad21,front,self-supervised,3540467790aa7676,e3767895efa55c080e2cc974c0bb5bc14ab40a3043df25b8f4f28786e2040c24,log-0098,cross-log-front-jamaal-v1,transfer,active,780ce095de072ce0ccb8a2189bccf4621e114ac117bd99e9b3159b7aad1ce7d9,log-0079
f79291f5c3a4ba4c,front,self-supervised,3540467790aa7676,33f5bb5ad289c294637224725952c9a009422c5169044197b9dde36ecc5dbe22,log-0099,cross-log-front-jamaal-v1,transfer,active,780ce095de072ce0ccb8a2189bccf4621e114ac117bd99e9b3159b7aad1ce7d9,log-0079
aea5c10c657b33be,front,self-supervised,9695d385acdc8f2e,d8402dc48713f2477fc783c4b7b12d7e729a40340ab3094aface48aaf3689ab1,log-0078-valid,cross-log-front-jamaal-v1,transfer,active,af54f0972700417f7c256ac927ea66700ec3a4a03d64ea7f53c8c9fe609dc314,log-0080-valid
2f7ed3672d8bc5b5,front,self-supervised,9695d385acdc8f2e,780ce095de072ce0ccb8a2189bccf4621e114ac117bd99e9b3159b7aad1ce7d9,log-0079,cross-log-front-jamaal-v1,transfer,active,af54f0972700417f7c256ac927ea66700ec3a4a03d64ea7f53c8c9fe609dc314,log-0080-valid
430c740820c3563d,front,self-supervised,9695d385acdc8f2e,af54f0972700417f7c256ac927ea66700ec3a4a03d64ea7f53c8c9fe609dc314,log-0080-valid,cross-log-front-jamaal-v1,diagonal,active,af54f0972700417f7c256ac927ea66700ec3a4a03d64ea7f53c8c9fe609dc314,log-0080-valid
a712bd4a95bf8886,front,self-supervised,9695d385acdc8f2e,4e30882d51551b86ddd76983c70c3ccb22f66364b282670267d7b1efac2fbbde,log-0081,cross-log-front-jamaal-v1,transfer,active,af54f0972700417f7c256ac927ea66700ec3a4a03d64ea7f53c8c9fe609dc314,log-0080-valid
42d3ab9fb31c9f9f,front,self-supervised,9695d385acdc8f2e,e3767895efa55c080e2cc974c0bb5bc14ab40a3043df25b8f4f28786e2040c24,log-0098,cross-log-front-jamaal-v1,transfer,active,af54f0972700417f7c256ac927ea66700ec3a4a03d64ea7f53c8c9fe609dc314,log-0080-valid
14b2ed7e401f12d9,front,self-supervised,9695d385acdc8f2e,33f5bb5ad289c294637224725952c9a009422c5169044197b9dde36ecc5dbe22,log-0099,cross-log-front-jamaal-v1,transfer,active,af54f0972700417f7c256ac927ea66700ec3a4a03d64ea7f53c8c9fe609dc314,log-0080-valid
be68b85db08ca136,front,self-supervised,7f8fb5d7087891ad,d8402dc48713f2477fc783c4b7b12d7e729a40340ab3094aface48aaf3689ab1,log-0078-valid,cross-log-front-jamaal-v1,transfer,active,4e30882d51551b86ddd76983c70c3ccb22f66364b282670267d7b1efac2fbbde,log-0081
21897c4d33f23cb7,front,self-supervised,7f8fb5d7087891ad,780ce095de072ce0ccb8a2189bccf4621e114ac117bd99e9b3159b7aad1ce7d9,log-0079,cross-log-front-jamaal-v1,transfer,active,4e30882d51551b86ddd76983c70c3ccb22f66364b282670267d7b1efac2fbbde,log-0081
f0c1a9f6dbdcc2d4,front,self-supervised,7f8fb5d7087891ad,af54f0972700417f7c256ac927ea66700ec3a4a03d64ea7f53c8c9fe609dc314,log-0080-valid,cross-log-front-jamaal-v1,transfer,active,4e30882d51551b86ddd76983c70c3ccb22f66364b282670267d7b1efac2fbbde,log-0081
f033823c157f5dab,front,self-supervised,7f8fb5d7087891ad,4e30882d51551b86ddd76983c70c3ccb22f66364b282670267d7b1efac2fbbde,log-0081,cross-log-front-jamaal-v1,diagonal,active,4e30882d51551b86ddd76983c70c3ccb22f66364b282670267d7b1efac2fbbde,log-0081
c634959dd8e42d4e,front,self-supervised,7f8fb5d7087891ad,e3767895efa55c080e2cc974c0bb5bc14ab40a3043df25b8f4f28786e2040c24,log-0098,cross-log-front-jamaal-v1,transfer,active,4e30882d51551b86ddd76983c70c3ccb22f66364b282670267d7b1efac2fbbde,log-0081
a9d9d495c2b8e32e,front,self-supervised,7f8fb5d7087891ad,33f5bb5ad289c294637224725952c9a009422c5169044197b9dde36ecc5dbe22,log-0099,cross-log-front-jamaal-v1,transfer,active,4e30882d51551b86ddd76983c70c3ccb22f66364b282670267d7b1efac2fbbde,log-0081
59c7763cfca7f2e4,front,self-supervised,9eb1247a7dd7c7c6,d8402dc48713f2477fc783c4b7b12d7e729a40340ab3094aface48aaf3689ab1,log-0078-valid,cross-log-front-jamaal-v1,transfer,active,e3767895efa55c080e2cc974c0bb5bc14ab40a3043df25b8f4f28786e2040c24,log-0098
9935dafff2250088,front,self-supervised,9eb1247a7dd7c7c6,780ce095de072ce0ccb8a2189bccf4621e114ac117bd99e9b3159b7aad1ce7d9,log-0079,cross-log-front-jamaal-v1,transfer,active,e3767895efa55c080e2cc974c0bb5bc14ab40a3043df25b8f4f28786e2040c24,log-0098
d9bafa30c8684a17,front,self-supervised,9eb1247a7dd7c7c6,af54f0972700417f7c256ac927ea66700ec3a4a03d64ea7f53c8c9fe609dc314,log-0080-valid,cross-log-front-jamaal-v1,transfer,active,e3767895efa55c080e2cc974c0bb5bc14ab40a3043df25b8f4f28786e2040c24,log-0098
864fdf6e9b6acfb2,front,self-supervised,9eb1247a7dd7c7c6,4e30882d51551b86ddd76983c70c3ccb22f66364b282670267d7b1efac2fbbde,log-0081,cross-log-front-jamaal-v1,transfer,active,e3767895efa55c080e2cc974c0bb5bc14ab40a3043df25b8f4f28786e2040c24,log-0098
be39000ec243aa1b,front,self-supervised,9eb1247a7dd7c7c6,e3767895efa55c080e2cc974c0bb5bc14ab40a3043df25b8f4f28786e2040c24,log-0098,cross-log-front-jamaal-v1,diagonal,active,e3767895efa55c080e2cc974c0bb5bc14ab40a3043df25b8f4f28786e2040c24,log-0098
e6bdb5b927553a5e,front,self-supervised,9eb1247a7dd7c7c6,33f5bb5ad289c294637224725952c9a009422c5169044197b9dde36ecc5dbe22,log-0099,cross-log-front-jamaal-v1,transfer,active,e3767895efa55c080e2cc974c0bb5bc14ab40a3043df25b8f4f28786e2040c24,log-0098
c0678c31b3333ec7,front,self-supervised,1e09b8b8161346bc,d8402dc48713f2477fc783c4b7b12d7e729a40340ab3094aface48aaf3689ab1,log-0078-valid,cross-log-front-jamaal-v1,transfer,active,33f5bb5ad289c294637224725952c9a009422c5169044197b9dde36ecc5dbe22,log-0099
ae98ff1a04829c20,front,self-supervised,1e09b8b8161346bc,780ce095de072ce0ccb8a2189bccf4621e114ac117bd99e9b3159b7aad1ce7d9,log-0079,cross-log-front-jamaal-v1,transfer,active,33f5bb5ad289c294637224725952c9a009422c5169044197b9dde36ecc5dbe22,log-0099
07fe86727bf384b4,front,self-supervised,1e09b8b8161346bc,af54f0972700417f7c256ac927ea66700ec3a4a03d64ea7f53c8c9fe609dc314,log-0080-valid,cross-log-front-jamaal-v1,transfer,active,33f5bb5ad289c294637224725952c9a009422c5169044197b9dde36ecc5dbe22,log-0099
f75843aff29b415a,front,self-supervised,1e09b8b8161346bc,4e30882d51551b86ddd76983c70c3ccb22f66364b282670267d7b1efac2fbbde,log-0081,cross-log-front-jamaal-v1,transfer,active,33f5bb5ad289c294637224725952c9a009422c5169044197b9dde36ecc5dbe22,log-0099
c4abea7466e4a241,front,self-supervised,1e09b8b8161346bc,e3767895efa55c080e2cc974c0bb5bc14ab40a3043df25b8f4f28786e2040c24,log-0098,cross-log-front-jamaal-v1,transfer,active,33f5bb5ad289c294637224725952c9a009422c5169044197b9dde36ecc5dbe22,log-0099
3bf02b2d379d24a9,front,self-supervised,1e09b8b8161346bc,33f5bb5ad289c294637224725952c9a009422c5169044197b9dde36ecc5dbe22,log-0099,cross-log-front-jamaal-v1,diagonal,active,33f5bb5ad289c294637224725952c9a009422c5169044197b9dde36ecc5dbe22,log-0099
84b852b751cdd1d6,front,oracle-power,bd12675c60f77351,d8402dc48713f2477fc783c4b7b12d7e729a40340ab3094aface48aaf3689ab1,log-0078-valid,cross-log-front-jamaal-v1,diagonal,active,d8402dc48713f2477fc783c4b7b12d7e729a40340ab3094aface48aaf3689ab1,log-0078-valid
4aca1ec7bdcad01c,front,oracle-power,bd12675c60f77351,780ce095de072ce0ccb8a2189bccf4621e114ac117bd99e9b3159b7aad1ce7d9,log-0079,cross-log-front-jamaal-v1,transfer,active,d8402dc48713f2477fc783c4b7b12d7e729a40340ab3094aface48aaf3689ab1,log-0078-valid
3d6560275aeb66f0,front,oracle-power,bd12675c60f77351,af54f0972700417f7c256ac927ea66700ec3a4a03d64ea7f53c8c9fe609dc314,log-0080-valid,cross-log-front-jamaal-v1,transfer,active,d8402dc48713f2477fc783c4b7b12d7e729a40340ab3094aface48aaf3689ab1,log-0078-valid
47e8ae46633aa420,front,oracle-power,bd12675c60f77351,4e30882d51551b86ddd76983c70c3ccb22f66364b282670267d7b1efac2fbbde,log-0081,cross-log-front-jamaal-v1,transfer,active,d8402dc48713f2477fc783c4b7b12d7e729a40340ab3094aface48aaf3689ab1,log-0078-valid
793eff07a3ca4e97,front,oracle-power,bd12675c60f77351,e3767895efa55c080e2cc974c0bb5bc14ab40a3043df25b8f4f28786e2040c24,log-0098,cross-log-front-jamaal-v1,transfer,active,d8402dc48713f2477fc783c4b7b12d7e729a40340ab3094aface48aaf3689ab1,log-0078-valid
558a6fe0c9b03b9e,front,oracle-power,bd12675c60f77351,33f5bb5ad289c294637224725952c9a009422c5169044197b9dde36ecc5dbe22,log-0099,cross-log-front-jamaal-v1,transfer,active,d8402dc48713f2477fc783c4b7b12d7e729a40340ab3094aface48aaf3689ab1,log-0078-valid
0875d145f45b959d,front,oracle-power,45268b2bd3141ade,d8402dc48713f2477fc783c4b7b12d7e729a40340ab3094aface48aaf3689ab1,log-0078-valid,cross-log-front-jamaal-v1,transfer,active,780ce095de072ce0ccb8a2189bccf4621e114ac117bd99e9b3159b7aad1ce7d9,log-0079
963cf775b60a335b,front,oracle-power,45268b2bd3141ade,780ce095de072ce0ccb8a2189bccf4621e114ac117bd99e9b3159b7aad1ce7d9,log-0079,cross-log-front-jamaal-v1,diagonal,active,780ce095de072ce0ccb8a2189bccf4621e114ac117bd99e9b3159b7aad1ce7d9,log-0079
16a7c45ebcd587af,front,oracle-power,45268b2bd3141ade,af54f0972700417f7c256ac927ea66700ec3a4a03d64ea7f53c8c9fe609dc314,log-0080-valid,cross-log-front-jamaal-v1,transfer,active,780ce095de072ce0ccb8a2189bccf4621e114ac117bd99e9b3159b7aad1ce7d9,log-0079
68cc8a77c58db94d,front,oracle-power,45268b2bd3141ade,4e30882d51551b86ddd76983c70c3ccb22f66364b282670267d7b1efac2fbbde,log-0081,cross-log-front-jamaal-v1,transfer,active,780ce095de072ce0ccb8a2189bccf4621e114ac117bd99e9b3159b7aad1ce7d9,log-0079
b05769c32055084e,front,oracle-power,45268b2bd3141ade,e3767895efa55c080e2cc974c0bb5bc14ab40a3043df25b8f4f28786e2040c24,log-0098,cross-log-front-jamaal-v1,transfer,active,780ce095de072ce0ccb8a2189bccf4621e114ac117bd99e9b3159b7aad1ce7d9,log-0079
7b06a5b411f9cf10,front,oracle-power,45268b2bd3141ade,33f5bb5ad289c294637224725952c9a009422c5169044197b9dde36ecc5dbe22,log-0099,cross-log-front-jamaal-v1,transfer,active,780ce095de072ce0ccb8a2189bccf4621e114ac117bd99e9b3159b7aad1ce7d9,log-0079
639a700dd702acdd,front,oracle-power,cf330db75b5635a8,d8402dc48713f2477fc783c4b7b12d7e729a40340ab3094aface48aaf3689ab1,log-0078-valid,cross-log-front-jamaal-v1,transfer,active,af54f0972700417f7c256ac927ea66700ec3a4a03d64ea7f53c8c9fe609dc314,log-0080-valid
80ba0cf753396ac3,front,oracle-power,cf330db75b5635a8,780ce095de072ce0ccb8a2189bccf4621e114ac117bd99e9b3159b7aad1ce7d9,log-0079,cross-log-front-jamaal-v1,transfer,active,af54f0972700417f7c256ac927ea66700ec3a4a03d64ea7f53c8c9fe609dc314,log-0080-valid
5c203f491ef2d16a,front,oracle-power,cf330db75b5635a8,af54f0972700417f7c256ac927ea66700ec3a4a03d64ea7f53c8c9fe609dc314,log-0080-valid,cross-log-front-jamaal-v1,diagonal,active,af54f0972700417f7c256ac927ea66700ec3a4a03d64ea7f53c8c9fe609dc314,log-0080-valid
d56499b3046254ad,front,oracle-power,cf330db75b5635a8,4e30882d51551b86ddd76983c70c3ccb22f66364b282670267d7b1efac2fbbde,log-0081,cross-log-front-jamaal-v1,transfer,active,af54f0972700417f7c256ac927ea66700ec3a4a03d64ea7f53c8c9fe609dc314,log-0080-valid
c02494e5cdf414c4,front,oracle-power,cf330db75b5635a8,e3767895efa55c080e2cc974c0bb5bc14ab40a3043df25b8f4f28786e2040c24,log-0098,cross-log-front-jamaal-v1,transfer,active,af54f0972700417f7c256ac927ea66700ec3a4a03d64ea7f53c8c9fe609dc314,log-0080-valid
2b980d8d1e824768,front,oracle-power,cf330db75b5635a8,33f5bb5ad289c294637224725952c9a009422c5169044197b9dde36ecc5dbe22,log-0099,cross-log-front-jamaal-v1,transfer,active,af54f0972700417f7c256ac927ea66700ec3a4a03d64ea7f53c8c9fe609dc314,log-0080-valid
e02ec0bb2eda6d2f,front,oracle-power,c1d411ff59f960c5,d8402dc48713f2477fc783c4b7b12d7e729a40340ab3094aface48aaf3689ab1,log-0078-valid,cross-log-front-jamaal-v1,transfer,active,4e30882d51551b86ddd76983c70c3ccb22f66364b282670267d7b1efac2fbbde,log-0081
0b6ff2cc2786460b,front,oracle-power,c1d411ff59f960c5,780ce095de072ce0ccb8a2189bccf4621e114ac117bd99e9b3159b7aad1ce7d9,log-0079,cross-log-front-jamaal-v1,transfer,active,4e30882d51551b86ddd76983c70c3ccb22f66364b282670267d7b1efac2fbbde,log-0081
5da6da69b9ced051,front,oracle-power,c1d411ff59f960c5,af54f0972700417f7c256ac927ea66700ec3a4a03d64ea7f53c8c9fe609dc314,log-0080-valid,cross-log-front-jamaal-v1,transfer,active,4e30882d51551b86ddd76983c70c3ccb22f66364b282670267d7b1efac2fbbde,log-0081
b0c6af8566a96700,front,oracle-power,c1d411ff59f960c5,4e30882d51551b86ddd76983c70c3ccb22f66364b282670267d7b1efac2fbbde,log-0081,cross-log-front-jamaal-v1,diagonal,active,4e30882d51551b86ddd76983c70c3ccb22f66364b282670267d7b1efac2fbbde,log-0081
4529524a1dac1211,front,oracle-power,c1d411ff59f960c5,e3767895efa55c080e2cc974c0bb5bc14ab40a3043df25b8f4f28786e2040c24,log-0098,cross-log-front-jamaal-v1,transfer,active,4e30882d51551b86ddd76983c70c3ccb22f66364b282670267d7b1efac2fbbde,log-0081
6569269d550dba9f,front,oracle-power,c1d411ff59f960c5,33f5bb5ad289c294637224725952c9a009422c5169044197b9dde36ecc5dbe22,log-0099,cross-log-front-jamaal-v1,transfer,active,4e30882d51551b86ddd76983c70c3ccb22f66364b282670267d7b1efac2fbbde,log-0081
3c4f38a30c04be77,front,oracle-power,f8f228ee1781a151,d8402dc48713f2477fc783c4b7b12d7e729a40340ab3094aface48aaf3689ab1,log-0078-valid,cross-log-front-jamaal-v1,transfer,active,e3767895efa55c080e2cc974c0bb5bc14ab40a3043df25b8f4f28786e2040c24,log-0098
80dee5df9617f83b,front,oracle-power,f8f228ee1781a151,780ce095de072ce0ccb8a2189bccf4621e114ac117bd99e9b3159b7aad1ce7d9,log-0079,cross-log-front-jamaal-v1,transfer,active,e3767895efa55c080e2cc974c0bb5bc14ab40a3043df25b8f4f28786e2040c24,log-0098
cc2b4f0aa8c60d6e,front,oracle-power,f8f228ee1781a151,af54f0972700417f7c256ac927ea66700ec3a4a03d64ea7f53c8c9fe609dc314,log-0080-valid,cross-log-front-jamaal-v1,transfer,active,e3767895efa55c080e2cc974c0bb5bc14ab40a3043df25b8f4f28786e2040c24,log-0098
75437175a723a8d7,front,oracle-power,f8f228ee1781a151,4e30882d51551b86ddd76983c70c3ccb22f66364b282670267d7b1efac2fbbde,log-0081,cross-log-front-jamaal-v1,transfer,active,e3767895efa55c080e2cc974c0bb5bc14ab40a3043df25b8f4f28786e2040c24,log-0098
94ba5f1385be6dd2,front,oracle-power,f8f228ee1781a151,e3767895efa55c080e2cc974c0bb5bc14ab40a3043df25b8f4f28786e2040c24,log-0098,cross-log-front-jamaal-v1,diagonal,active,e3767895efa55c080e2cc974c0bb5bc14ab40a3043df25b8f4f28786e2040c24,log-0098
d404d47d0d9c77c1,front,oracle-power,f8f228ee1781a151,33f5bb5ad289c294637224725952c9a009422c5169044197b9dde36ecc5dbe22,log-0099,cross-log-front-jamaal-v1,transfer,active,e3767895efa55c080e2cc974c0bb5bc14ab40a3043df25b8f4f28786e2040c24,log-0098
16abed4b89934fc9,front,oracle-power,9f7f9359ce88c74b,d8402dc48713f2477fc783c4b7b12d7e729a40340ab3094aface48aaf3689ab1,log-0078-valid,cross-log-front-jamaal-v1,transfer,active,33f5bb5ad289c294637224725952c9a009422c5169044197b9dde36ecc5dbe22,log-0099
1617958bc8fc8be8,front,oracle-power,9f7f9359ce88c74b,780ce095de072ce0ccb8a2189bccf4621e114ac117bd99e9b3159b7aad1ce7d9,log-0079,cross-log-front-jamaal-v1,transfer,active,33f5bb5ad289c294637224725952c9a009422c5169044197b9dde36ecc5dbe22,log-0099
f8ecb0f67bd6b962,front,oracle-power,9f7f9359ce88c74b,af54f0972700417f7c256ac927ea66700ec3a4a03d64ea7f53c8c9fe609dc314,log-0080-valid,cross-log-front-jamaal-v1,transfer,active,33f5bb5ad289c294637224725952c9a009422c5169044197b9dde36ecc5dbe22,log-0099
09ecf3611edc1355,front,oracle-power,9f7f9359ce88c74b,4e30882d51551b86ddd76983c70c3ccb22f66364b282670267d7b1efac2fbbde,log-0081,cross-log-front-jamaal-v1,transfer,active,33f5bb5ad289c294637224725952c9a009422c5169044197b9dde36ecc5dbe22,log-0099
8b6dca2a42cfa2f3,front,oracle-power,9f7f9359ce88c74b,e3767895efa55c080e2cc974c0bb5bc14ab40a3043df25b8f4f28786e2040c24,log-0098,cross-log-front-jamaal-v1,transfer,active,33f5bb5ad289c294637224725952c9a009422c5169044197b9dde36ecc5dbe22,log-0099
52c4461a06af4850,front,oracle-power,9f7f9359ce88c74b,33f5bb5ad289c294637224725952c9a009422c5169044197b9dde36ecc5dbe22,log-0099,cross-log-front-jamaal-v1,diagonal,active,33f5bb5ad289c294637224725952c9a009422c5169044197b9dde36ecc5dbe22,log-0099
e23ef74cfdc9fa37,front,oracle-binned-median,3fb4c52cd52a8f44,d8402dc48713f2477fc783c4b7b12d7e729a40340ab3094aface48aaf3689ab1,log-0078-valid,cross-log-front-jamaal-v1,diagonal,active,d8402dc48713f2477fc783c4b7b12d7e729a40340ab3094aface48aaf3689ab1,log-0078-valid
116a66e271801f2b,front,oracle-binned-median,3fb4c52cd52a8f44,780ce095de072ce0ccb8a2189bccf4621e114ac117bd99e9b3159b7aad1ce7d9,log-0079,cross-log-front-jamaal-v1,transfer,active,d8402dc48713f2477fc783c4b7b12d7e729a40340ab3094aface48aaf3689ab1,log-0078-valid
5eb598fe22facd88,front,oracle-binned-median,3fb4c52cd52a8f44,af54f0972700417f7c256ac927ea66700ec3a4a03d64ea7f53c8c9fe609dc314,log-0080-valid,cross-log-front-jamaal-v1,transfer,active,d8402dc48713f2477fc783c4b7b12d7e729a40340ab3094aface48aaf3689ab1,log-0078-valid
1e8c2c2ff56e502e,front,oracle-binned-median,3fb4c52cd52a8f44,4e30882d51551b86ddd76983c70c3ccb22f66364b282670267d7b1efac2fbbde,log-0081,cross-log-front-jamaal-v1,transfer,active,d8402dc48713f2477fc783c4b7b12d7e729a40340ab3094aface48aaf3689ab1,log-0078-valid
db3fe6dd9a631d3a,front,oracle-binned-median,3fb4c52cd52a8f44,e3767895efa55c080e2cc974c0bb5bc14ab40a3043df25b8f4f28786e2040c24,log-0098,cross-log-front-jamaal-v1,transfer,active,d8402dc48713f2477fc783c4b7b12d7e729a40340ab3094aface48aaf3689ab1,log-0078-valid
1b05b920daffba71,front,oracle-binned-median,3fb4c52cd52a8f44,33f5bb5ad289c294637224725952c9a009422c5169044197b9dde36ecc5dbe22,log-0099,cross-log-front-jamaal-v1,transfer,active,d8402dc48713f2477fc783c4b7b12d7e729a40340ab3094aface48aaf3689ab1,log-0078-valid
c0cd53c237bef7bf,front,oracle-binned-median,c32a208ab3e864bb,d8402dc48713f2477fc783c4b7b12d7e729a40340ab3094aface48aaf3689ab1,log-0078-valid,cross-log-front-jamaal-v1,transfer,active,780ce095de072ce0ccb8a2189bccf4621e114ac117bd99e9b3159b7aad1ce7d9,log-0079
ebff5f113444a42e,front,oracle-binned-median,c32a208ab3e864bb,780ce095de072ce0ccb8a2189bccf4621e114ac117bd99e9b3159b7aad1ce7d9,log-0079,cross-log-front-jamaal-v1,diagonal,active,780ce095de072ce0ccb8a2189bccf4621e114ac117bd99e9b3159b7aad1ce7d9,log-0079
663b1b0ab9b8eed0,front,oracle-binned-median,c32a208ab3e864bb,af54f0972700417f7c256ac927ea66700ec3a4a03d64ea7f53c8c9fe609dc314,log-0080-valid,cross-log-front-jamaal-v1,transfer,active,780ce095de072ce0ccb8a2189bccf4621e114ac117bd99e9b3159b7aad1ce7d9,log-0079
3290b88083058f13,front,oracle-binned-median,c32a208ab3e864bb,4e30882d51551b86ddd76983c70c3ccb22f66364b282670267d7b1efac2fbbde,log-0081,cross-log-front-jamaal-v1,transfer,active,780ce095de072ce0ccb8a2189bccf4621e114ac117bd99e9b3159b7aad1ce7d9,log-0079
8fe893414d4cdbb4,front,oracle-binned-median,c32a208ab3e864bb,e3767895efa55c080e2cc974c0bb5bc14ab40a3043df25b8f4f28786e2040c24,log-0098,cross-log-front-jamaal-v1,transfer,active,780ce095de072ce0ccb8a2189bccf4621e114ac117bd99e9b3159b7aad1ce7d9,log-0079
fb94211f0fe8cd8a,front,oracle-binned-median,c32a208ab3e864bb,33f5bb5ad289c294637224725952c9a009422c5169044197b9dde36ecc5dbe22,log-0099,cross-log-front-jamaal-v1,transfer,active,780ce095de072ce0ccb8a2189bccf4621e114ac117bd99e9b3159b7aad1ce7d9,log-0079
d03f83bb3bb8a41b,front,oracle-binned-median,1ea1ca125bc8068b,d8402dc48713f2477fc783c4b7b12d7e729a40340ab3094aface48aaf3689ab1,log-0078-valid,cross-log-front-jamaal-v1,transfer,active,af54f0972700417f7c256ac927ea66700ec3a4a03d64ea7f53c8c9fe609dc314,log-0080-valid
92cdda9538e9c538,front,oracle-binned-median,1ea1ca125bc8068b,780ce095de072ce0ccb8a2189bccf4621e114ac117bd99e9b3159b7aad1ce7d9,log-0079,cross-log-front-jamaal-v1,transfer,active,af54f0972700417f7c256ac927ea66700ec3a4a03d64ea7f53c8c9fe609dc314,log-0080-valid
f37dac2e5d4560f1,front,oracle-binned-median,1ea1ca125bc8068b,af54f0972700417f7c256ac927ea66700ec3a4a03d64ea7f53c8c9fe609dc314,log-0080-valid,cross-log-front-jamaal-v1,diagonal,active,af54f0972700417f7c256ac927ea66700ec3a4a03d64ea7f53c8c9fe609dc314,log-0080-valid
dd84e947f88502c9,front,oracle-binned-median,1ea1ca125bc8068b,4e30882d51551b86ddd76983c70c3ccb22f66364b282670267d7b1efac2fbbde,log-0081,cross-log-front-jamaal-v1,transfer,active,af54f0972700417f7c256ac927ea66700ec3a4a03d64ea7f53c8c9fe609dc314,log-0080-valid
c64455bbaa73520d,front,oracle-binned-median,1ea1ca125bc8068b,e3767895efa55c080e2cc974c0bb5bc14ab40a3043df25b8f4f28786e2040c24,log-0098,cross-log-front-jamaal-v1,transfer,active,af54f0972700417f7c256ac927ea66700ec3a4a03d64ea7f53c8c9fe609dc314,log-0080-valid
a77b55cf6e2eb121,front,oracle-binned-median,1ea1ca125bc8068b,33f5bb5ad289c294637224725952c9a009422c5169044197b9dde36ecc5dbe22,log-0099,cross-log-front-jamaal-v1,transfer,active,af54f0972700417f7c256ac927ea66700ec3a4a03d64ea7f53c8c9fe609dc314,log-0080-valid
57a9e01b2f655115,front,oracle-binned-median,46d961fc018c172f,d8402dc48713f2477fc783c4b7b12d7e729a40340ab3094aface48aaf3689ab1,log-0078-valid,cross-log-front-jamaal-v1,transfer,active,4e30882d51551b86ddd76983c70c3ccb22f66364b282670267d7b1efac2fbbde,log-0081
c1486faff086e509,front,oracle-binned-median,46d961fc018c172f,780ce095de072ce0ccb8a2189bccf4621e114ac117bd99e9b3159b7aad1ce7d9,log-0079,cross-log-front-jamaal-v1,transfer,active,4e30882d51551b86ddd76983c70c3ccb22f66364b282670267d7b1efac2fbbde,log-0081
43172b2547d674be,front,oracle-binned-median,46d961fc018c172f,af54f0972700417f7c256ac927ea66700ec3a4a03d64ea7f53c8c9fe609dc314,log-0080-valid,cross-log-front-jamaal-v1,transfer,active,4e30882d51551b86ddd76983c70c3ccb22f66364b282670267d7b1efac2fbbde,log-0081
274cc3503826783e,front,oracle-binned-median,46d961fc018c172f,4e30882d51551b86ddd76983c70c3ccb22f66364b282670267d7b1efac2fbbde,log-0081,cross-log-front-jamaal-v1,diagonal,active,4e30882d51551b86ddd76983c70c3ccb22f66364b282670267d7b1efac2fbbde,log-0081
7816a4e15f6a7105,front,oracle-binned-median,46d961fc018c172f,e3767895efa55c080e2cc974c0bb5bc14ab40a3043df25b8f4f28786e2040c24,log-0098,cross-log-front-jamaal-v1,transfer,active,4e30882d51551b86ddd76983c70c3ccb22f66364b282670267d7b1efac2fbbde,log-0081
af615462de77adcb,front,oracle-binned-median,46d961fc018c172f,33f5bb5ad289c294637224725952c9a009422c5169044197b9dde36ecc5dbe22,log-0099,cross-log-front-jamaal-v1,transfer,active,4e30882d51551b86ddd76983c70c3ccb22f66364b282670267d7b1efac2fbbde,log-0081
4b918ddf01880ed6,front,oracle-binned-median,aa7c38413a08b147,d8402dc48713f2477fc783c4b7b12d7e729a40340ab3094aface48aaf3689ab1,log-0078-valid,cross-log-front-jamaal-v1,transfer,active,e3767895efa55c080e2cc974c0bb5bc14ab40a3043df25b8f4f28786e2040c24,log-0098
07bf3b48c10379e7,front,oracle-binned-median,aa7c38413a08b147,780ce095de072ce0ccb8a2189bccf4621e114ac117bd99e9b3159b7aad1ce7d9,log-0079,cross-log-front-jamaal-v1,transfer,active,e3767895efa55c080e2cc974c0bb5bc14ab40a3043df25b8f4f28786e2040c24,log-0098
1685ffd253685bac,front,oracle-binned-median,aa7c38413a08b147,af54f0972700417f7c256ac927ea66700ec3a4a03d64ea7f53c8c9fe609dc314,log-0080-valid,cross-log-front-jamaal-v1,transfer,active,e3767895efa55c080e2cc974c0bb5bc14ab40a3043df25b8f4f28786e2040c24,log-0098
586ceb6360c4b58a,front,oracle-binned-median,aa7c38413a08b147,4e30882d51551b86ddd76983c70c3ccb22f66364b282670267d7b1efac2fbbde,log-0081,cross-log-front-jamaal-v1,transfer,active,e3767895efa55c080e2cc974c0bb5bc14ab40a3043df25b8f4f28786e2040c24,log-0098
cf225d5e8ac07e31,front,oracle-binned-median,aa7c38413a08b147,e3767895efa55c080e2cc974c0bb5bc14ab40a3043df25b8f4f28786e2040c24,log-0098,cross-log-front-jamaal-v1,diagonal,active,e3767895efa55c080e2cc974c0bb5bc14ab40a3043df25b8f4f28786e2040c24,log-0098
6fb248e06e80ad0c,front,oracle-binned-median,aa7c38413a08b147,33f5bb5ad289c294637224725952c9a009422c5169044197b9dde36ecc5dbe22,log-0099,cross-log-front-jamaal-v1,transfer,active,e3767895efa55c080e2cc974c0bb5bc14ab40a3043df25b8f4f28786e2040c24,log-0098
4d4dedaf16a8ac0e,front,oracle-binned-median,f8b7d316cae99d42,d8402dc48713f2477fc783c4b7b12d7e729a40340ab3094aface48aaf3689ab1,log-0078-valid,cross-log-front-jamaal-v1,transfer,active,33f5bb5ad289c294637224725952c9a009422c5169044197b9dde36ecc5dbe22,log-0099
3681ae8d291b0072,front,oracle-binned-median,f8b7d316cae99d42,780ce095de072ce0ccb8a2189bccf4621e114ac117bd99e9b3159b7aad1ce7d9,log-0079,cross-log-front-jamaal-v1,transfer,active,33f5bb5ad289c294637224725952c9a009422c5169044197b9dde36ecc5dbe22,log-0099
018d6bacc38c710c,front,oracle-binned-median,f8b7d316cae99d42,af54f0972700417f7c256ac927ea66700ec3a4a03d64ea7f53c8c9fe609dc314,log-0080-valid,cross-log-front-jamaal-v1,transfer,active,33f5bb5ad289c294637224725952c9a009422c5169044197b9dde36ecc5dbe22,log-0099
128056cc2333cfb3,front,oracle-binned-median,f8b7d316cae99d42,4e30882d51551b86ddd76983c70c3ccb22f66364b282670267d7b1efac2fbbde,log-0081,cross-log-front-jamaal-v1,transfer,active,33f5bb5ad289c294637224725952c9a009422c5169044197b9dde36ecc5dbe22,log-0099
7f2f318247d420b2,front,oracle-binned-median,f8b7d316cae99d42,e3767895efa55c080e2cc974c0bb5bc14ab40a3043df25b8f4f28786e2040c24,log-0098,cross-log-front-jamaal-v1,transfer,active,33f5bb5ad289c294637224725952c9a009422c5169044197b9dde36ecc5dbe22,log-0099
0fafa08676d3b729,front,oracle-binned-median,f8b7d316cae99d42,33f5bb5ad289c294637224725952c9a009422c5169044197b9dde36ecc5dbe22,log-0099,cross-log-front-jamaal-v1,diagonal,active,33f5bb5ad289c294637224725952c9a009422c5169044197b9dde36ecc5dbe22,log-0099
