comparison,log,t,rmse,nrmse,bin_rmse,mae,me,rms_travel
travel/mag_model,log-0145-filtered-c01,348,8.908508748862564,0.49495948096263487,7.884292252441607,6.51109206104015,-1.0832289669262002e-15,17.99846066497528
travel/mag_model,log-0147-filtered-c01,21,6.7105864832750575,0.4070448880148665,6.769020660960305,5.29737244301936,-2.711796129139465e-15,16.486109224960877
travel/mag_model,log-0147-filtered-c02,142,5.053044750166383,0.40905758120022184,4.609816516670789,4.177668027582175,-2.552788440875527e-16,12.352893534793244
travel/mag_model,log-0151-filtered-c01,42,4.4107152581544815,0.2714827215978009,3.816834701085785,3.5779232918564747,-1.0605115459105973e-16,16.2467623434574
travel/mag_model,log-0152-filtered-c01,68,3.973515303962088,0.23570798536905654,3.9639116700791877,2.9593758665263783,5.669334823313207e-16,16.85778824056644
travel/mag_model,log-0152-filtered-c02,26,5.032120392984873,0.3952591615044654,5.061385876631253,4.5354786055565945,-5.532470156300017e-16,12.731192298822966
travel/mag_model,log-0155-filtered-c01,99,4.702931839098974,0.2230531633075242,4.450213448483831,3.8435942298925228,-1.0067869296067435e-15,21.084353924248205
travel/mag_model/adj,log-0145-filtered-c01,348,8.908508748862564,0.49495948096263487,7.884292252441607,6.51109206104015,-1.0832289669262002e-15,17.99846066497528
travel/mag_model/adj,log-0147-filtered-c01,21,6.7105864832750575,0.4070448880148665,6.769020660960305,5.29737244301936,-2.711796129139465e-15,16.486109224960877
travel/mag_model/adj,log-0147-filtered-c02,142,5.053044750166383,0.40905758120022184,4.609816516670789,4.177668027582175,-2.552788440875527e-16,12.352893534793244
travel/mag_model/adj,log-0151-filtered-c01,42,4.4107152581544815,0.2714827215978009,3.816834701085785,3.5779232918564747,-1.0605115459105973e-16,16.2467623434574
travel/mag_model/adj,log-0152-filtered-c01,68,3.973515303962088,0.23570798536905654,3.9639116700791877,2.9593758665263783,5.669334823313207e-16,16.85778824056644
travel/mag_model/adj,log-0152-filtered-c02,26,5.032120392984873,0.3952591615044654,5.061385876631253,4.5354786055565945,-5.532470156300017e-16,12.731192298822966
travel/mag_model/adj,log-0155-filtered-c01,99,4.702931839098974,0.2230531633075242,4.450213448483831,3.8435942298925228,-1.0067869296067435e-15,21.084353924248205
travel/solved,log-0145-filtered-c01,348,5.976503454234291,0.3320563666794279,5.381983888335781,4.52277151839781,-1.1236869162933234e-14,17.99846066497528
travel/solved,log-0147-filtered-c01,21,5.457166283008288,0.33101602133909425,5.895689830410569,4.421413415418555,2.085997022414973e-15,16.486109224960877
travel/solved,log-0147-filtered-c02,142,5.0929152221048035,0.41228520328132545,4.643490344511332,4.154374707348448,9.253858098173783e-16,12.352893534793244
travel/solved,log-0151-filtered-c01,42,3.9594294665415237,0.2437057539735597,3.4117702409888873,3.053331665283528,-1.0605115459105973e-16,16.2467623434574
travel/solved,log-0152-filtered-c01,68,2.8383899981435246,0.1683726214636655,2.807270856361722,2.2544985436225833,1.9008946172285462e-15,16.85778824056644
travel/solved,log-0152-filtered-c02,26,5.17665313434741,0.40661180923533813,5.26417893116753,4.567888070102679,1.9200925836570644e-15,12.731192298822966
travel/solved,log-0155-filtered-c01,99,4.911180635163644,0.2329300984421205,4.593179638079327,3.7791647367841663,2.8601901409282487e-15,21.084353924248205
travel/solved/mag_nuisance/delta_lifted,log-0145-filtered-c01,348,7.2833125853097975,0.40466308318705324,6.438926343869583,5.3423299784441705,-1.983744614129909e-15,17.99846066497528
travel/solved/mag_nuisance/delta_lifted,log-0147-filtered-c01,21,6.08343055965435,0.369003412305658,6.343413267292851,4.788176508669108,9.38698660086738e-16,16.486109224960877
travel/solved/mag_nuisance/delta_lifted,log-0147-filtered-c02,142,5.192270482109228,0.4203282791586152,4.791218020596674,4.305959696683778,0.0,12.352893534793244
travel/solved/mag_nuisance/delta_lifted,log-0151-filtered-c01,42,4.442205029569689,0.2734209398562768,3.860201579642997,3.740672583295379,1.2726138550927167e-15,16.2467623434574
travel/solved/mag_nuisance/delta_lifted,log-0152-filtered-c01,68,3.5304747880746783,0.20942692704959798,3.5099517252230314,2.6885071144574666,2.4011300428150056e-15,16.85778824056644
travel/solved/mag_nuisance/delta_lifted,log-0152-filtered-c02,26,4.958449784167663,0.38947253861102116,4.986425679561873,4.3941243526062035,-5.7494297702725665e-16,12.731192298822966
travel/solved/mag_nuisance/delta_lifted,log-0155-filtered-c01,99,4.502258851088708,0.2135355376439045,4.061191134357783,3.5940084197080275,-4.061470000118113e-16,21.084353924248205
travel/mag_nuisance/corrected,log-0145-filtered-c01,348,8.345263924639285,0.463665425614927,7.4228910913697,6.246268106465461,-6.173100016338467e-15,17.99846066497528
travel/mag_nuisance/corrected,log-0147-filtered-c01,21,6.50260009313494,0.3944290313987272,6.693714616125299,5.054418820849081,-3.1289955336224597e-16,16.486109224960877
travel/mag_nuisance/corrected,log-0147-filtered-c02,142,5.108727027019406,0.4135652114729339,4.673636376645796,4.291799709817012,1.595492775547204e-16,12.352893534793244
travel/mag_nuisance/corrected,log-0151-filtered-c01,42,4.56872772879134,0.28120850371342904,3.966896906294121,3.8469088824615008,-1.3786650096837765e-15,16.2467623434574
travel/mag_nuisance/corrected,log-0152-filtered-c01,68,3.7603782281963056,0.22306474458774866,3.7667880277534413,2.8558476182744728,8.337257093107658e-16,16.85778824056644
travel/mag_nuisance/corrected,log-0152-filtered-c02,26,5.0423190675281315,0.39606023922789285,5.0673540793339376,4.545672520265795,-6.400308612190215e-16,12.731192298822966
travel/mag_nuisance/corrected,log-0155-filtered-c01,99,4.5030060116373845,0.21357097437349842,4.246760842642287,3.715888705623585,-6.864456338227797e-16,21.084353924248205
