duration_s,evaluation_scope,aligned_mse_improvement_vs_mag_median,aligned_nrmse_std_median,aligned_rmse_median,anchored_rmse_median,bin0_fixed_mean_error_median,bin0_fixed_rmse_median,bin0_fixed_rmse_mse_improvement_vs_mag_median,fixed_aligned_rmse_median,n_logs,stage
5.0,common_core,nan,0.20972410406976363,3.895749496053818,9.309120453847207,2.543334374309395,5.6697476600419705,nan,4.066864296403091,11,mag_model
5.0,full_log,nan,0.23038742020226502,5.397933487561042,9.315385283544892,6.390105615110754,8.980890989475208,nan,5.397933487561042,11,mag_model
5.0,full_log_excluding_training,nan,0.23077487016974219,5.398488847090024,9.265128019948438,6.404118058927453,9.013205963703143,nan,5.398614202317024,11,mag_model
5.0,training_window,nan,0.20972410406976363,3.895749496053818,9.309120453847207,2.543334374309395,5.6697476600419705,nan,4.066864296403091,11,mag_model
5.0,common_core,-0.8960472175407226,0.22257588357302427,4.096616995766782,9.26351293171436,5.061041756985147,6.980364418712066,-5.372085237723585,4.300355069997896,11,fusion1
5.0,full_log,0.7683260065963609,0.23721987477845574,5.370159169381279,8.00240642507224,6.246061205760468,9.22944284830071,2.3163736581634637,5.370159169381279,11,fusion1
5.0,full_log_excluding_training,0.8787686498287641,0.23679032282915394,5.362774008777202,8.012768673388187,6.25820851487972,9.235901067943091,2.217634016044574,5.362949411793618,11,fusion1
5.0,training_window,-0.8960472175407226,0.22257588357302427,4.096616995766782,9.26351293171436,5.061041756985147,6.980364418712066,-5.372085237723585,4.300355069997896,11,fusion1
5.0,common_core,0.4352082546036602,0.1975465963717348,3.9623305749375195,8.260979731794018,3.6300447857637543,5.3144781141778665,1.801450536448984,4.221071905037719,11,nuisance_delta_lifted
5.0,full_log,3.5353724874962467,0.21820575553886382,5.105265427234024,7.737350979996982,6.051433167670923,7.936325504014409,17.66657059327788,5.105265427234024,11,nuisance_delta_lifted
5.0,full_log_excluding_training,3.590363438253192,0.21787266941501351,5.060804962258081,7.743980080186216,6.0628439342521725,7.958300769753698,17.937818757410287,5.061165352154904,11,nuisance_delta_lifted
5.0,training_window,0.4352082546036602,0.1975465963717348,3.9623305749375195,8.260979731794018,3.6300447857637543,5.3144781141778665,1.801450536448984,4.221071905037719,11,nuisance_delta_lifted
5.0,common_core,0.28027006545520194,0.19088615306552303,3.189146396648293,8.16967708377478,2.7645876927220416,5.452767880432215,3.637493917138407,3.604314798646762,11,nuisance_corrected_mag
5.0,full_log,2.2246245168349468,0.21401953766882686,5.007322303277505,8.07184082660068,6.0436146041333805,7.7566920345768064,12.447223548120327,5.007322303277505,11,nuisance_corrected_mag
5.0,full_log_excluding_training,2.2613283219560394,0.2136364750591517,4.962405500431146,8.076534122559503,6.055623966939218,7.777367334697053,12.57534406406711,4.962768411674494,11,nuisance_corrected_mag
5.0,training_window,0.28027006545520194,0.19088615306552303,3.189146396648293,8.16967708377478,2.7645876927220416,5.452767880432215,3.637493917138407,3.604314798646762,11,nuisance_corrected_mag
5.0,common_core,-0.6073485268872947,0.22167224586368411,4.139263770855554,8.829338185323168,4.8054168171154075,6.752771043834391,0.8352773363561266,4.282024048790238,11,solved
5.0,full_log,3.293994702249538,0.2220378337247729,5.194922898590204,7.491750621542281,5.958747467578236,8.035587422594116,13.053007627123279,5.194922898590204,11,solved
5.0,full_log_excluding_training,3.0391668716592104,0.22130761835756588,5.1405928801288585,7.498181603013827,5.9684260255316035,8.015823573311865,14.103825289506034,5.140993749687263,11,solved
5.0,training_window,-0.6073485268872947,0.22167224586368411,4.139263770855554,8.829338185323168,4.8054168171154075,6.752771043834391,0.8352773363561266,4.282024048790238,11,solved
10.0,common_core,nan,0.19614296370729725,3.2185869316803233,8.120446619104538,2.5868006009455358,4.539217631854922,nan,3.2966876008877493,11,mag_model
10.0,full_log,nan,0.19448149062639225,4.713176354052754,7.932023988166982,5.110605213941501,7.849020831396737,nan,4.713176354052754,11,mag_model
10.0,full_log_excluding_training,nan,0.19589110595381992,4.782146629503207,7.9266733724824805,5.114169338750423,7.6965845047889445,nan,4.782501269034384,11,mag_model
10.0,training_window,nan,0.1810977430601221,3.5574492557719486,8.039820259397262,3.110488861319021,5.829912404724336,nan,3.7025178675603683,11,mag_model
10.0,common_core,-1.8611513347797093,0.20664498684682311,3.67100960751573,8.196548702611608,3.9600746457205105,5.975608763166496,-5.900509559579987,3.811767893045264,11,fusion1
10.0,full_log,-0.16675955285555233,0.19807642848570697,4.800298146765463,7.922179271733893,4.896595112058067,8.37137665873533,0.17099494501523083,4.800298146765463,11,fusion1
10.0,full_log_excluding_training,-0.09553464526979738,0.1990448137103911,4.82661085930449,7.911549261573945,4.959389938621219,8.390050291830724,0.8430328240164258,4.826809056035829,11,fusion1
10.0,training_window,-1.4739843805911725,0.19349224576094434,3.4824762715153788,7.327208036412374,3.1442941827563606,6.280209831288318,0.3187814613211195,3.5537969229808755,11,fusion1
10.0,common_core,0.30783708877467575,0.19222780674820858,3.443316522249112,7.835369984676517,2.5971234834843404,4.904202713772872,4.011237716069754,3.8143922286221756,11,nuisance_delta_lifted
10.0,full_log,2.467900144307455,0.16851012326878945,3.937102393546569,7.561919250150947,4.795721487407505,6.718757920726498,15.954043283873013,3.937102393546569,11,nuisance_delta_lifted
10.0,full_log_excluding_training,2.547959420485981,0.16831093300682273,3.940733044243951,7.529858038676961,4.824107822966854,6.769247578200799,16.395135520973568,3.9412244771776357,11,nuisance_delta_lifted
10.0,training_window,0.3894444235680945,0.18551127508792853,3.7376197715125294,7.631765652641124,1.7463958900241636,4.972330604539257,6.613137871833292,3.7910227601949624,11,nuisance_delta_lifted
10.0,common_core,0.2943914718307816,0.1690414851389622,3.0592581419914704,8.120232632804061,2.167676683859919,4.310478098932269,6.052601061712297,3.3678920431853174,11,nuisance_corrected_mag
10.0,full_log,2.809740128698003,0.1665732681903112,3.9838654842401207,7.551033613817117,4.203395367004512,6.306346346498838,16.670729381080502,3.9838654842401207,11,nuisance_corrected_mag
10.0,full_log_excluding_training,2.9156498769560955,0.1666864493610768,3.8909138260451512,7.5153903709186025,3.9667118802601933,6.1044050934069665,16.98245643586239,3.8915381459518428,11,nuisance_corrected_mag
10.0,training_window,0.6306484094865459,0.18124843787314623,3.4413813102258786,7.812670602885628,2.6358947702939655,4.312020609544591,3.3204659877055622,3.520434689508563,11,nuisance_corrected_mag
10.0,common_core,-1.974702929505364,0.19916227826619862,3.6250372265555053,7.783397929643248,4.398616073360357,6.251127819447246,-4.695110145999331,3.684540762360381,11,solved
10.0,full_log,2.732457175830433,0.16811545550363444,3.9349866211987856,7.5175218102941335,4.570615327327586,6.779387816872934,12.774809840228023,3.9349866211987856,11,solved
10.0,full_log_excluding_training,2.843551121709446,0.1676883542180751,3.968380659862939,7.486504949354042,4.689418694538664,6.807193766090303,13.009782568914709,3.968792648368832,11,solved
10.0,training_window,0.17596751627072926,0.19476777363749465,3.5074100437502786,7.270101930343171,2.7265091004255417,5.585387158946214,2.7116864439538073,3.5597853744651546,11,solved
20.0,common_core,nan,0.16186199422290673,3.05660127854631,8.413341371259264,-2.460263582228537,6.312479263202104,nan,3.5748207562353533,11,mag_model
20.0,full_log,nan,0.1713792907280017,4.0086112316919165,8.282606853377104,0.41466045408070457,6.399148954514089,nan,4.0086112316919165,11,mag_model
20.0,full_log_excluding_training,nan,0.17085585749425708,4.062233522712463,8.28952518628986,0.42905630182408144,6.416310274257507,nan,4.062292983183176,11,mag_model
20.0,training_window,nan,0.17684214435112913,3.3573700576966083,7.696635439023493,0.9487156344703193,6.590406416598916,nan,3.496286654205901,11,mag_model
20.0,common_core,-0.5947254428824689,0.17796331746162428,3.2798612448133166,7.302240856722273,2.6689653103090465,5.530444753341315,4.102967643966858,3.5375145946601596,11,fusion1
20.0,full_log,0.2930808323736791,0.16963158399353365,3.9718866014115894,7.816272494178866,1.4445083453988996,6.6068875806845,1.7882033902365748,3.9718866014115894,11,fusion1
20.0,full_log_excluding_training,0.4292429422432029,0.1689223309600788,4.009052038924626,7.868783639129941,1.4617243633595063,6.6744615409884975,2.4020335636798436,4.009082883438614,11,fusion1
20.0,training_window,0.04896170307991898,0.16178097086499238,3.282468709708016,6.951447514733879,2.832192516960992,5.244949451783425,0.4512778174028895,3.418080036194835,11,fusion1
20.0,common_core,3.874776594469026,0.14574184455477904,2.8475500624367007,7.402412849101069,0.36190619937947605,3.9583066628675585,13.22766140063029,3.222617442899573,11,nuisance_delta_lifted
20.0,full_log,4.640727637641657,0.15912356525020874,3.3928374033544952,6.918586596380272,1.2329122712703964,5.033545552172482,17.555690594929878,3.3928374033544952,11,nuisance_delta_lifted
20.0,full_log_excluding_training,4.742000928415754,0.16124852128315356,3.411551949198534,6.908987149256188,1.248463307160083,5.069766836644674,18.00737416295701,3.4115762634939717,11,nuisance_delta_lifted
20.0,training_window,2.099120031926706,0.14665425998502066,3.010860414935367,7.048364319896424,0.49787526593122283,4.086682256199442,20.508262222849208,3.167970510329113,11,nuisance_delta_lifted
20.0,common_core,4.60343394322223,0.13486239397146665,2.6941379271758215,7.684807900499641,-1.5692834825387487,4.215552473851344,19.43345304237895,2.9660992459139264,11,nuisance_corrected_mag
20.0,full_log,4.826361313879461,0.15703885162671632,3.348463667182723,7.282664820359704,0.5988499708103057,5.015425170410481,19.66171729039162,3.348463667182723,11,nuisance_corrected_mag
20.0,full_log_excluding_training,4.520505439261763,0.15668025728258808,3.3686518253596964,7.2574865991326245,0.7351627425016733,5.039278904764834,18.331952564892116,3.3687741557408493,11,nuisance_corrected_mag
20.0,training_window,3.453823786574766,0.15171727960231615,3.101813372071093,7.397645087816711,-0.7721718112113813,4.310888103232413,17.359288096616805,3.1176692965571506,11,nuisance_corrected_mag
20.0,common_core,2.701731425789027,0.16637241422981808,3.325911081463391,6.796238300970893,3.406358307276011,4.76475785929941,4.668712639399326,3.338537491469461,11,solved
20.0,full_log,4.627889175442366,0.15458790200205966,3.4820464841494143,6.378466345437946,1.6465203106817543,5.084497870436122,15.49817432039913,3.4820464841494143,11,solved
20.0,full_log_excluding_training,4.855278763598028,0.15621127821948588,3.4747477841049452,6.367274958014361,1.6820663400671294,5.096776431291822,15.462307185854355,3.4747584314956135,11,solved
20.0,training_window,1.7291866865340957,0.1484789224240852,3.090139978501654,6.529371846556398,2.532791248472358,4.852245603178125,15.15850538975306,3.2426083054005272,11,solved
40.0,common_core,nan,0.2089001725711451,3.94251817123014,8.530029779414809,-5.914761627828993,8.836821820302575,nan,4.34345152154995,11,mag_model
40.0,full_log,nan,0.19939847609349137,4.549254295603233,9.220306851545294,-5.18868319754711,8.067910047198085,nan,4.549254295603233,11,mag_model
40.0,full_log_excluding_training,nan,0.1968708230998389,4.610154283203907,9.366178085298184,-5.360787389733256,8.1007310614997,nan,4.612822936892861,11,mag_model
40.0,training_window,nan,0.18533957351791605,3.7421696856545688,8.072993889234354,-3.0718364260089257,7.491060987833924,nan,4.022948298791588,11,mag_model
40.0,common_core,4.23945718952962,0.15772006008110276,3.2107986061797504,7.521757209185326,1.906546723728606,6.195581018475658,30.651440282555797,3.5808370567508114,11,fusion1
40.0,full_log,5.8460857879111945,0.17098494790378096,3.601921114804802,7.466800859344583,0.39527242812658553,6.3673295144459745,20.837601051880775,3.601921114804802,11,fusion1
40.0,full_log_excluding_training,5.9399179267840445,0.1700469454728878,3.6196542397099036,7.515785751848686,0.0071180139146092385,6.461611565356857,20.746026166448424,3.6197778793101243,11,fusion1
40.0,training_window,4.957051205158102,0.1503361230074143,3.097391677145047,7.183489680658643,2.6719473576391377,5.649152121563163,21.032191795865515,3.2909123982021016,11,fusion1
40.0,common_core,6.751288080438654,0.1666783920520038,3.031628445925956,6.904487371707838,0.08260617481594378,4.188878960363294,52.50222746050536,3.439693207623316,11,nuisance_delta_lifted
40.0,full_log,6.31789298315665,0.1563187458882224,3.393808274527348,6.855313048031342,-0.1642940706561103,4.827895576853975,26.738970200164406,3.393808274527348,11,nuisance_delta_lifted
40.0,full_log_excluding_training,6.4575774414678655,0.15617050076849145,3.3331321219997037,6.70899841754251,-0.30367235809693005,4.791157308475339,28.318569364755923,3.3335801445147273,11,nuisance_delta_lifted
40.0,training_window,4.827778208033777,0.15216369428601947,3.0255726316485805,6.446380417480779,0.6532131922179292,4.613097458279998,35.55041258954664,3.2621772533933138,11,nuisance_delta_lifted
40.0,common_core,5.441318982194026,0.16804078125417266,3.547105583569041,7.118880829994998,-3.29107352940252,5.616547926436079,35.77357654484484,3.719539867144075,11,nuisance_corrected_mag
40.0,full_log,4.0588457287035205,0.15612255367302783,3.5166140562949857,6.944617408187572,-2.236049981470289,5.8964764800436695,18.162648157573603,3.5166140562949857,11,nuisance_corrected_mag
40.0,full_log_excluding_training,4.375789525317515,0.15512751961774007,3.444076770079075,6.909673504021927,-2.2525857255363175,6.0688983873524025,19.335864747634727,3.44450817437571,11,nuisance_corrected_mag
40.0,training_window,3.310377233507378,0.1600479643242343,3.115640459863024,6.876767308509941,-2.1111402677166096,5.922259377044249,19.500848389870796,3.4150621525719442,11,nuisance_corrected_mag
40.0,common_core,6.429468681536337,0.15780694700526393,3.2944509594322033,6.98643741765452,2.6378658909019554,5.255277693238281,47.06030766605418,3.520676463346434,11,solved
40.0,full_log,7.484520062974614,0.15091858152690157,3.353213444855722,6.4941274956854755,0.8110863698811264,4.926754522708989,27.401227124025432,3.353213444855722,11,solved
40.0,full_log_excluding_training,7.644023210366678,0.15015692251767132,3.3173216729386867,6.461125670364507,0.49527255486520533,4.844183080799629,30.577539182320514,3.3183367557632666,11,solved
40.0,training_window,5.55715669464691,0.13847412013085328,2.882232811125553,5.954126396061424,2.837840066863485,4.99575118425564,25.66109809332905,3.1530305992852328,11,solved
120.0,common_core,nan,0.20868759715252633,4.344725155933658,6.9001656073353175,-5.867063156790679,8.405652048009841,nan,4.651124130665336,11,mag_model
120.0,full_log,nan,0.1875673040110512,4.12356852114531,7.452329983261661,-3.502853907728935,8.074798152994541,nan,4.12356852114531,11,mag_model
120.0,full_log_excluding_training,nan,0.18581065730815582,3.9374568728790758,7.084666377331504,-4.258431741125606,8.120756620133127,nan,4.482800014234866,11,mag_model
120.0,training_window,nan,0.19931323507033108,4.237411146001662,7.979878563410496,-3.977788227151459,8.003166651001461,nan,4.340964722961935,11,mag_model
120.0,common_core,6.4021998784434455,0.15786685215459823,3.265641994908363,6.364803112808661,1.8445338161747666,6.159730260575225,32.7127094691659,3.5518843927822847,11,fusion1
120.0,full_log,6.185245688758016,0.16436044226427868,3.6488440490083263,7.351443412439363,-0.32479103151789734,6.481228490146082,21.694645284582755,3.6488440490083263,11,fusion1
120.0,full_log_excluding_training,5.095443357875379,0.1683930906946177,3.572024038411536,6.804694376832591,-0.9881005292344026,6.302107953958101,16.96999424795151,3.839910462607958,11,fusion1
120.0,training_window,7.560048313672116,0.15389900595272943,3.4085834668672415,6.264735228163861,1.6440839857731957,6.151702235389876,25.068159231794496,3.4940367057184814,11,fusion1
120.0,common_core,8.700070725732685,0.168125743973537,3.090614120296516,6.4522911066505895,0.177850024867872,4.29929332696113,50.158330878830355,3.399529204030123,11,nuisance_delta_lifted
120.0,full_log,6.344952128964593,0.15108552215085433,3.2821514760200126,6.301810007298602,-0.6971293770401434,5.402251957678872,36.03445886798318,3.2821514760200126,11,nuisance_delta_lifted
120.0,full_log_excluding_training,6.321195780817426,0.15865911394839513,3.424467476141397,6.398739063380645,-0.5151807883404242,4.678175377933781,31.89935413466729,3.4246105813657715,11,nuisance_delta_lifted
120.0,training_window,7.075315532324591,0.15751649788814953,3.238908091255171,5.864419279435789,0.4867495808306104,4.865657858605271,41.13796471276893,3.3270367405213177,11,nuisance_delta_lifted
120.0,common_core,5.850324095609732,0.2083426340411506,3.593553354954654,6.702616366415874,-3.403700953536895,5.480060459294525,37.44676413196896,3.595045653482304,11,nuisance_corrected_mag
120.0,full_log,4.398187982516719,0.15673563205756094,3.5999081017129426,6.734897703351979,-2.140905952171895,5.962262396907179,23.041593863922195,3.5999081017129426,11,nuisance_corrected_mag
120.0,full_log_excluding_training,4.534392830634953,0.15646261660882047,3.6131056264623655,6.438878827450316,-2.663873818563631,5.860489806616374,23.794778817358793,3.6343262010225375,11,nuisance_corrected_mag
120.0,training_window,4.796683121050778,0.16341511941638534,3.6193480966986598,6.221069317002043,-2.0301471404909055,6.041368317810436,30.56715344455059,3.7115384990357585,11,nuisance_corrected_mag
120.0,common_core,7.322893989548078,0.16447235910633037,3.041540123705665,5.815697518554477,2.700583394244812,5.7327347341970265,44.20173368257061,3.3327617896549033,11,solved
120.0,full_log,8.04569901699082,0.14849044865685518,3.2764852620249822,6.00569026290442,0.37251162735783816,5.112686488599596,27.216369478703047,3.2764852620249822,11,solved
120.0,full_log_excluding_training,6.3812737256295575,0.1577637530593694,3.3875409796460114,6.2730996789309685,-0.5900288967986398,4.709010144854831,30.538572835541952,3.408519812741037,11,solved
120.0,training_window,8.488773902428656,0.14104425639679866,3.087937948187699,5.597709451206594,2.182966287756704,5.252317774521737,34.706346867668486,3.188600472517852,11,solved
