trial_id,pipeline,log,repeat,duration_s,trainer,cache_fingerprint,center_s,experiment,source_run_fingerprint,source_trial_id,start_s,stop_s,time_basis
5042e78caf68b607,front,log-0046,0,5.0,self-supervised,58e373396f836700192dfa2fecb334bfa93af94ee8e7ff324185bd85f7bfe658,188.53424651313014,solver-window-front-phase1,5bea0f2a1a0f8859fae10f0677c4124e757b551e54e1576787804c52f37e14c2,27560ff01604e420,186.03424651313014,191.03424651313014,active
6d5e4fd9f86583c9,front,log-0046,0,10.0,self-supervised,58e373396f836700192dfa2fecb334bfa93af94ee8e7ff324185bd85f7bfe658,188.53424651313014,solver-window-front-phase1,5bea0f2a1a0f8859fae10f0677c4124e757b551e54e1576787804c52f37e14c2,38aeda6dc050b576,183.53424651313014,193.53424651313014,active
cb9ee381489b79db,front,log-0046,0,20.0,self-supervised,58e373396f836700192dfa2fecb334bfa93af94ee8e7ff324185bd85f7bfe658,188.53424651313014,solver-window-front-phase1,5bea0f2a1a0f8859fae10f0677c4124e757b551e54e1576787804c52f37e14c2,05ee9b22d7ee6c63,178.53424651313014,198.53424651313014,active
df27dc6267720614,front,log-0046,0,40.0,self-supervised,58e373396f836700192dfa2fecb334bfa93af94ee8e7ff324185bd85f7bfe658,188.53424651313014,solver-window-front-phase1,5bea0f2a1a0f8859fae10f0677c4124e757b551e54e1576787804c52f37e14c2,85d72cdbec691071,168.53424651313014,208.53424651313014,active
d66ec7bba8f02a47,front,log-0046,0,120.0,self-supervised,58e373396f836700192dfa2fecb334bfa93af94ee8e7ff324185bd85f7bfe658,188.53424651313014,solver-window-front-phase1,5bea0f2a1a0f8859fae10f0677c4124e757b551e54e1576787804c52f37e14c2,92996a708467cece,128.53424651313014,248.53424651313014,active
0649caf3623cf78a,front,log-0048,0,5.0,self-supervised,159cb65fea2d2c79a359662e94950737e94f2f649a8c56b02f3783cdd3d4d5fd,130.53109835509417,solver-window-front-phase1,5bea0f2a1a0f8859fae10f0677c4124e757b551e54e1576787804c52f37e14c2,e08036cb4bd49812,128.03109835509417,133.03109835509417,active
aab44158da7ddd28,front,log-0048,0,10.0,self-supervised,159cb65fea2d2c79a359662e94950737e94f2f649a8c56b02f3783cdd3d4d5fd,130.53109835509417,solver-window-front-phase1,5bea0f2a1a0f8859fae10f0677c4124e757b551e54e1576787804c52f37e14c2,ab86f76649008687,125.53109835509417,135.53109835509417,active
5f1b39faa36d4505,front,log-0048,0,20.0,self-supervised,159cb65fea2d2c79a359662e94950737e94f2f649a8c56b02f3783cdd3d4d5fd,130.53109835509417,solver-window-front-phase1,5bea0f2a1a0f8859fae10f0677c4124e757b551e54e1576787804c52f37e14c2,335785eaa77c15c0,120.53109835509417,140.53109835509417,active
8dcc87b8409ad328,front,log-0048,0,40.0,self-supervised,159cb65fea2d2c79a359662e94950737e94f2f649a8c56b02f3783cdd3d4d5fd,130.53109835509417,solver-window-front-phase1,5bea0f2a1a0f8859fae10f0677c4124e757b551e54e1576787804c52f37e14c2,9a0794b2b1829c44,110.53109835509417,150.53109835509417,active
81b7306ca83af3a3,front,log-0048,0,120.0,self-supervised,159cb65fea2d2c79a359662e94950737e94f2f649a8c56b02f3783cdd3d4d5fd,130.53109835509417,solver-window-front-phase1,5bea0f2a1a0f8859fae10f0677c4124e757b551e54e1576787804c52f37e14c2,e1daf44bc78e2e0b,70.53109835509417,190.53109835509417,active
045751ac08fc9560,front,log-0049,0,5.0,self-supervised,6e2dd32802d623097b8d4e156e25faefa5d6ad14dbeffc292b43c34516adefc5,140.59088605573208,solver-window-front-phase1,5bea0f2a1a0f8859fae10f0677c4124e757b551e54e1576787804c52f37e14c2,fea4dc8f5f8cc713,138.09088605573208,143.09088605573208,active
5d052d807c3ea7c5,front,log-0049,0,10.0,self-supervised,6e2dd32802d623097b8d4e156e25faefa5d6ad14dbeffc292b43c34516adefc5,140.59088605573208,solver-window-front-phase1,5bea0f2a1a0f8859fae10f0677c4124e757b551e54e1576787804c52f37e14c2,58ad390b50d97b37,135.59088605573208,145.59088605573208,active
156e261b755475d8,front,log-0049,0,20.0,self-supervised,6e2dd32802d623097b8d4e156e25faefa5d6ad14dbeffc292b43c34516adefc5,140.59088605573208,solver-window-front-phase1,5bea0f2a1a0f8859fae10f0677c4124e757b551e54e1576787804c52f37e14c2,ea7845f9e1ab4fb3,130.59088605573208,150.59088605573208,active
bbc34eab25d66d5c,front,log-0049,0,40.0,self-supervised,6e2dd32802d623097b8d4e156e25faefa5d6ad14dbeffc292b43c34516adefc5,140.59088605573208,solver-window-front-phase1,5bea0f2a1a0f8859fae10f0677c4124e757b551e54e1576787804c52f37e14c2,21741b81bd2aafb4,120.59088605573208,160.59088605573208,active
9585b37e484e1423,front,log-0049,0,120.0,self-supervised,6e2dd32802d623097b8d4e156e25faefa5d6ad14dbeffc292b43c34516adefc5,140.59088605573208,solver-window-front-phase1,5bea0f2a1a0f8859fae10f0677c4124e757b551e54e1576787804c52f37e14c2,d4814a7799fd9715,80.59088605573208,200.59088605573208,active
a0a3f3afcf1f39b2,front,log-0054,0,5.0,self-supervised,5bdf15b4c737740658d8740b493b105b36abc3a0c5c467a9182c5118471f2ac9,458.2812117149466,solver-window-front-phase1,5bea0f2a1a0f8859fae10f0677c4124e757b551e54e1576787804c52f37e14c2,75cd7dc831af21ae,455.7812117149466,460.7812117149466,active
bae9d14aa39ce5cf,front,log-0054,0,10.0,self-supervised,5bdf15b4c737740658d8740b493b105b36abc3a0c5c467a9182c5118471f2ac9,458.2812117149466,solver-window-front-phase1,5bea0f2a1a0f8859fae10f0677c4124e757b551e54e1576787804c52f37e14c2,6ced51db555b92b0,453.2812117149466,463.2812117149466,active
7482716726f471df,front,log-0054,0,20.0,self-supervised,5bdf15b4c737740658d8740b493b105b36abc3a0c5c467a9182c5118471f2ac9,458.2812117149466,solver-window-front-phase1,5bea0f2a1a0f8859fae10f0677c4124e757b551e54e1576787804c52f37e14c2,f5b37a41489fd97b,448.2812117149466,468.2812117149466,active
b323f9715a6a5cb5,front,log-0054,0,40.0,self-supervised,5bdf15b4c737740658d8740b493b105b36abc3a0c5c467a9182c5118471f2ac9,458.2812117149466,solver-window-front-phase1,5bea0f2a1a0f8859fae10f0677c4124e757b551e54e1576787804c52f37e14c2,25b86000856d5481,438.2812117149466,478.2812117149466,active
0bcad801c181cf52,front,log-0054,0,120.0,self-supervised,5bdf15b4c737740658d8740b493b105b36abc3a0c5c467a9182c5118471f2ac9,458.2812117149466,solver-window-front-phase1,5bea0f2a1a0f8859fae10f0677c4124e757b551e54e1576787804c52f37e14c2,45273edfb6e2a66e,398.2812117149466,518.2812117149466,active
4ad135b1fa35d244,front,log-0055,0,5.0,self-supervised,a0a6a726f7cb8ca4a2f3ae66e06935e8d2cf15e3cab249980a389eeb93ba35da,74.24001004500975,solver-window-front-phase1,5bea0f2a1a0f8859fae10f0677c4124e757b551e54e1576787804c52f37e14c2,0ca856afceea6b1e,71.74001004500975,76.74001004500975,active
698a26343a428c21,front,log-0055,0,10.0,self-supervised,a0a6a726f7cb8ca4a2f3ae66e06935e8d2cf15e3cab249980a389eeb93ba35da,74.24001004500975,solver-window-front-phase1,5bea0f2a1a0f8859fae10f0677c4124e757b551e54e1576787804c52f37e14c2,fdddcd81981384b6,69.24001004500975,79.24001004500975,active
ff97340de0ec452c,front,log-0055,0,20.0,self-supervised,a0a6a726f7cb8ca4a2f3ae66e06935e8d2cf15e3cab249980a389eeb93ba35da,74.24001004500975,solver-window-front-phase1,5bea0f2a1a0f8859fae10f0677c4124e757b551e54e1576787804c52f37e14c2,91ac1867320b1479,64.24001004500975,84.24001004500975,active
6e3a29bad2ef8211,front,log-0055,0,40.0,self-supervised,a0a6a726f7cb8ca4a2f3ae66e06935e8d2cf15e3cab249980a389eeb93ba35da,74.24001004500975,solver-window-front-phase1,5bea0f2a1a0f8859fae10f0677c4124e757b551e54e1576787804c52f37e14c2,de88210903882d89,54.240010045009754,94.24001004500975,active
9cb765ddcca5d7e5,front,log-0055,0,120.0,self-supervised,a0a6a726f7cb8ca4a2f3ae66e06935e8d2cf15e3cab249980a389eeb93ba35da,74.24001004500975,solver-window-front-phase1,5bea0f2a1a0f8859fae10f0677c4124e757b551e54e1576787804c52f37e14c2,1d034b95633eb9d1,14.240010045009754,134.24001004500974,active
0646c065f0432692,front,log-0056,0,5.0,self-supervised,1e17601331067be542700f3339358efda842174f97c4b99f71176dda028f3697,147.06633792594576,solver-window-front-phase1,5bea0f2a1a0f8859fae10f0677c4124e757b551e54e1576787804c52f37e14c2,5fb4f622c0544daa,144.56633792594576,149.56633792594576,active
36bb757ff7d1f3c9,front,log-0056,0,10.0,self-supervised,1e17601331067be542700f3339358efda842174f97c4b99f71176dda028f3697,147.06633792594576,solver-window-front-phase1,5bea0f2a1a0f8859fae10f0677c4124e757b551e54e1576787804c52f37e14c2,033f78ae4404aee4,142.06633792594576,152.06633792594576,active
c49866be96343045,front,log-0056,0,20.0,self-supervised,1e17601331067be542700f3339358efda842174f97c4b99f71176dda028f3697,147.06633792594576,solver-window-front-phase1,5bea0f2a1a0f8859fae10f0677c4124e757b551e54e1576787804c52f37e14c2,29e377e2e3f324e5,137.06633792594576,157.06633792594576,active
ca587b0936d74226,front,log-0056,0,40.0,self-supervised,1e17601331067be542700f3339358efda842174f97c4b99f71176dda028f3697,147.06633792594576,solver-window-front-phase1,5bea0f2a1a0f8859fae10f0677c4124e757b551e54e1576787804c52f37e14c2,ce024eddf38c2b33,127.06633792594576,167.06633792594576,active
01ba4831989d370f,front,log-0056,0,120.0,self-supervised,1e17601331067be542700f3339358efda842174f97c4b99f71176dda028f3697,147.06633792594576,solver-window-front-phase1,5bea0f2a1a0f8859fae10f0677c4124e757b551e54e1576787804c52f37e14c2,6212bc8afa2d153f,87.06633792594576,207.06633792594576,active
efe637cf59d98854,front,log-0058,0,5.0,self-supervised,72fdbe59efa218f0e2770b27caca55edbb4c043dcbea20d3c4d8ff975c782656,262.0893140046321,solver-window-front-phase1,5bea0f2a1a0f8859fae10f0677c4124e757b551e54e1576787804c52f37e14c2,2389117e0398bf13,259.5893140046321,264.5893140046321,active
9b83e45ab5034640,front,log-0058,0,10.0,self-supervised,72fdbe59efa218f0e2770b27caca55edbb4c043dcbea20d3c4d8ff975c782656,262.0893140046321,solver-window-front-phase1,5bea0f2a1a0f8859fae10f0677c4124e757b551e54e1576787804c52f37e14c2,1dce55ee7ca2e2d4,257.0893140046321,267.0893140046321,active
0f5c7ac11a5e198f,front,log-0058,0,20.0,self-supervised,72fdbe59efa218f0e2770b27caca55edbb4c043dcbea20d3c4d8ff975c782656,262.0893140046321,solver-window-front-phase1,5bea0f2a1a0f8859fae10f0677c4124e757b551e54e1576787804c52f37e14c2,0392ea313cd8d8ad,252.08931400463212,272.0893140046321,active
198f620a2f852627,front,log-0058,0,40.0,self-supervised,72fdbe59efa218f0e2770b27caca55edbb4c043dcbea20d3c4d8ff975c782656,262.0893140046321,solver-window-front-phase1,5bea0f2a1a0f8859fae10f0677c4124e757b551e54e1576787804c52f37e14c2,415907cf1d9ae0cf,242.08931400463212,282.0893140046321,active
f9a4f4081b585df9,front,log-0058,0,120.0,self-supervised,72fdbe59efa218f0e2770b27caca55edbb4c043dcbea20d3c4d8ff975c782656,262.0893140046321,solver-window-front-phase1,5bea0f2a1a0f8859fae10f0677c4124e757b551e54e1576787804c52f37e14c2,d4204f06c51024cf,202.08931400463212,322.0893140046321,active
f51ba88226c08625,front,log-0063,0,5.0,self-supervised,6cb3876e1ac10833a7711e8e50158e9468ce1a682224bd8c7f86d1130d8a54b1,67.37982033024917,solver-window-front-phase1,5bea0f2a1a0f8859fae10f0677c4124e757b551e54e1576787804c52f37e14c2,0d18d80171bfd410,64.87982033024917,69.87982033024917,active
24e1b830025bad65,front,log-0063,0,10.0,self-supervised,6cb3876e1ac10833a7711e8e50158e9468ce1a682224bd8c7f86d1130d8a54b1,67.37982033024917,solver-window-front-phase1,5bea0f2a1a0f8859fae10f0677c4124e757b551e54e1576787804c52f37e14c2,0bb7a7d47b0b0e10,62.379820330249174,72.37982033024917,active
a46b298e9de93b2a,front,log-0063,0,20.0,self-supervised,6cb3876e1ac10833a7711e8e50158e9468ce1a682224bd8c7f86d1130d8a54b1,67.37982033024917,solver-window-front-phase1,5bea0f2a1a0f8859fae10f0677c4124e757b551e54e1576787804c52f37e14c2,be0479ad752aaeb8,57.379820330249174,77.37982033024917,active
b3970fa433c1f40c,front,log-0063,0,40.0,self-supervised,6cb3876e1ac10833a7711e8e50158e9468ce1a682224bd8c7f86d1130d8a54b1,67.37982033024917,solver-window-front-phase1,5bea0f2a1a0f8859fae10f0677c4124e757b551e54e1576787804c52f37e14c2,c44090d4e58eaccd,47.379820330249174,87.37982033024917,active
6aa76020c0224287,front,log-0063,0,120.0,self-supervised,6cb3876e1ac10833a7711e8e50158e9468ce1a682224bd8c7f86d1130d8a54b1,67.37982033024917,solver-window-front-phase1,5bea0f2a1a0f8859fae10f0677c4124e757b551e54e1576787804c52f37e14c2,27a183f4370263d9,7.379820330249174,127.37982033024917,active
b497a13c0bb5a938,front,log-0071_183,0,5.0,self-supervised,b959d8095113db1364b9d8afa5d7b414d97285a8a42e6a4aa46768de4a48a7f2,60.62404553611126,solver-window-front-phase1,5bea0f2a1a0f8859fae10f0677c4124e757b551e54e1576787804c52f37e14c2,24383996a6f62ae6,58.12404553611126,63.12404553611126,active
8716e9273847095e,front,log-0071_183,0,10.0,self-supervised,b959d8095113db1364b9d8afa5d7b414d97285a8a42e6a4aa46768de4a48a7f2,60.62404553611126,solver-window-front-phase1,5bea0f2a1a0f8859fae10f0677c4124e757b551e54e1576787804c52f37e14c2,f0a2d83c418b730f,55.62404553611126,65.62404553611125,active
475e89796ffc796a,front,log-0071_183,0,20.0,self-supervised,b959d8095113db1364b9d8afa5d7b414d97285a8a42e6a4aa46768de4a48a7f2,60.62404553611126,solver-window-front-phase1,5bea0f2a1a0f8859fae10f0677c4124e757b551e54e1576787804c52f37e14c2,cb4677bf8cd914d9,50.62404553611126,70.62404553611125,active
48c1c4e56229160f,front,log-0071_183,0,40.0,self-supervised,b959d8095113db1364b9d8afa5d7b414d97285a8a42e6a4aa46768de4a48a7f2,60.62404553611126,solver-window-front-phase1,5bea0f2a1a0f8859fae10f0677c4124e757b551e54e1576787804c52f37e14c2,af2c113221f36731,40.62404553611126,80.62404553611125,active
96f8a9343472d2a9,front,log-0071_183,0,120.0,self-supervised,b959d8095113db1364b9d8afa5d7b414d97285a8a42e6a4aa46768de4a48a7f2,60.62404553611126,solver-window-front-phase1,5bea0f2a1a0f8859fae10f0677c4124e757b551e54e1576787804c52f37e14c2,ec7f76d426353062,0.6240455361112609,120.62404553611125,active
3e94b9e61a6e652f,front,log-0072_184,0,5.0,self-supervised,064b3f10ed62f79169a48d6e8a0db69493c668625208312873a3e7a630c5c16c,106.5860778593364,solver-window-front-phase1,5bea0f2a1a0f8859fae10f0677c4124e757b551e54e1576787804c52f37e14c2,b5f2b671a210c883,104.0860778593364,109.0860778593364,active
4bf162e3c4a6e678,front,log-0072_184,0,10.0,self-supervised,064b3f10ed62f79169a48d6e8a0db69493c668625208312873a3e7a630c5c16c,106.5860778593364,solver-window-front-phase1,5bea0f2a1a0f8859fae10f0677c4124e757b551e54e1576787804c52f37e14c2,2466c3fb9dd141bb,101.5860778593364,111.5860778593364,active
4ce82cf5c74ad4ee,front,log-0072_184,0,20.0,self-supervised,064b3f10ed62f79169a48d6e8a0db69493c668625208312873a3e7a630c5c16c,106.5860778593364,solver-window-front-phase1,5bea0f2a1a0f8859fae10f0677c4124e757b551e54e1576787804c52f37e14c2,6a4dfba84ec5b6d2,96.5860778593364,116.5860778593364,active
d5533e4e3c1b8a10,front,log-0072_184,0,40.0,self-supervised,064b3f10ed62f79169a48d6e8a0db69493c668625208312873a3e7a630c5c16c,106.5860778593364,solver-window-front-phase1,5bea0f2a1a0f8859fae10f0677c4124e757b551e54e1576787804c52f37e14c2,910d5b35fa8c7eb0,86.5860778593364,126.5860778593364,active
799b0fbf28c1ce5f,front,log-0072_184,0,120.0,self-supervised,064b3f10ed62f79169a48d6e8a0db69493c668625208312873a3e7a630c5c16c,106.5860778593364,solver-window-front-phase1,5bea0f2a1a0f8859fae10f0677c4124e757b551e54e1576787804c52f37e14c2,4291da0947443e32,46.5860778593364,166.5860778593364,active
33f0f63204dc73c1,front,log-0073_185,0,5.0,self-supervised,33b2e0a0f11f6b2646c050308eabe5457c4ba091e3c3f93d2b169b40d855ac84,101.86962699781165,solver-window-front-phase1,5bea0f2a1a0f8859fae10f0677c4124e757b551e54e1576787804c52f37e14c2,0ecef3606c3dc635,99.36962699781165,104.36962699781165,active
234970427208883c,front,log-0073_185,0,10.0,self-supervised,33b2e0a0f11f6b2646c050308eabe5457c4ba091e3c3f93d2b169b40d855ac84,101.86962699781165,solver-window-front-phase1,5bea0f2a1a0f8859fae10f0677c4124e757b551e54e1576787804c52f37e14c2,2e28c853459a1256,96.86962699781165,106.86962699781165,active
feb539fd363bc430,front,log-0073_185,0,20.0,self-supervised,33b2e0a0f11f6b2646c050308eabe5457c4ba091e3c3f93d2b169b40d855ac84,101.86962699781165,solver-window-front-phase1,5bea0f2a1a0f8859fae10f0677c4124e757b551e54e1576787804c52f37e14c2,622d92e86d6c75f7,91.86962699781165,111.86962699781165,active
55b99388c3126804,front,log-0073_185,0,40.0,self-supervised,33b2e0a0f11f6b2646c050308eabe5457c4ba091e3c3f93d2b169b40d855ac84,101.86962699781165,solver-window-front-phase1,5bea0f2a1a0f8859fae10f0677c4124e757b551e54e1576787804c52f37e14c2,e0022fe93d1c1ce5,81.86962699781165,121.86962699781165,active
5feb8913072b28ce,front,log-0073_185,0,120.0,self-supervised,33b2e0a0f11f6b2646c050308eabe5457c4ba091e3c3f93d2b169b40d855ac84,101.86962699781165,solver-window-front-phase1,5bea0f2a1a0f8859fae10f0677c4124e757b551e54e1576787804c52f37e14c2,9d971878b07c0d63,41.86962699781165,161.86962699781165,active
