log,all_d,low_trav_d,high_trav_d,anchor_off_d,anchor_on_d,bad_mag_d,zv_d
log-0046,-0.8881931577517057,-3.679528981596307,0.3583128845679684,-3.2872474713171282,-0.20168619764393148,nan,-2.2873375378542606
log-0048,-0.8409024024705456,-2.5089579347853634,0.20049531039384805,-3.2241557795272175,-0.13538708945347766,nan,-1.0537578135325267
log-0049,-0.5927065980692463,-1.520163464652967,-0.3515986640129103,-1.41812019408124,-0.09691645279207073,nan,-1.2940850077015926
log-0054,-1.5177349742010455,-4.0976377434012115,-0.7212079507098483,-4.956154659821906,-0.6067590778879692,nan,-2.4340424718170874
log-0055,-1.9886154220991057,-4.611732363871816,-0.7394310916533198,-6.798555280787356,-0.5848645728330335,nan,-2.6175320551639385
log-0056,-1.0823053684261912,-2.954655719947759,-0.18167400156603186,-4.542976862391105,-0.3976647644429123,nan,-1.6426837946854178
log-0058,-1.657428248809095,-5.023459047614819,-0.24299656880183962,-6.571971217464475,-0.49044845672838644,nan,-2.3159982074213863
log-0063,-0.6982421368597138,-1.9203658228936975,-0.1729964453156838,-1.9794997772592549,-0.24493633354582522,nan,-0.9315074317178871
log-0071_183,-0.8260274922133282,-2.2851811970057665,-0.49850608067073177,-3.132603992466142,-0.4746542521250916,nan,-1.7721460257033352
log-0072_184,-1.6083316904894769,-4.343795878150737,0.19829724615529076,-6.432187351496154,-0.3900397353861136,nan,-3.7863669002115095
log-0073_185,-1.6924421418206443,-4.100080152526677,-1.1677006601495306,-3.627447244273191,-0.7663919578381311,nan,-2.8145072076841204
log-0078-valid,-4.561793557444591,-9.126268251467266,-0.5730780917851632,-14.251166382112588,-2.0784438198953668,nan,-2.897022932878458
log-0079,-1.9095437955629473,-0.5879199576301852,-0.34621662544211507,-1.5135344636644463,-1.9606120398506945,nan,-1.3233732368851125
log-0080-valid,-5.869609737928013,-15.185628896858091,0.14163032958176824,-42.589571792818575,-2.226376032010217,nan,-4.456602600412805
log-0081,-3.9011073899996607,-7.5154652812834275,-0.924774157416425,-9.537746372148,-1.8626142588983052,nan,-3.4695141678425507
log103,-2.4108310586970134,-5.453067716394566,-0.17756521830662964,-2.8924718281649637,-2.2208450721444972,nan,-0.5311265930757809
log104,-1.796026760306062,-4.364919395071409,1.17349990092307,-2.968740166907647,-0.2992282655991043,nan,-0.21367986629833968
log106,-1.302460845884926,-3.852318080658745,-0.7757897572700077,-3.518193815405245,-0.21604960242279092,nan,-2.169246400216876
log107,-0.6831167536084797,-1.8344741922695302,-0.6264421814947614,-1.7188980932077662,-0.14112884890841482,nan,-1.5769423821854667
log109,-1.3518010502723863,-2.954810337054764,-1.5123653689831107,-3.3694069835437332,-0.3013210990738715,nan,-2.118938469088876
log110,-1.9289347857786043,-4.079836167927424,-1.6282076741706288,-4.361114858676841,-0.45143706154911634,nan,-2.865194254358144
log112,-1.20506478323166,-3.5097737641515945,-0.07407750991822493,-3.1376027791213215,-0.7445716612036479,nan,-1.1683391827320966
log-0098,-4.85797025853729,-9.351985596665386,-0.10902626817366734,-16.669923881190446,-2.7350061312846172,nan,-5.5058127137699
log-0099,-4.48257814044096,-5.24180476007454,0.24426811833976725,-7.970591733310336,-2.7465554888658703,nan,-4.13381692881822
log-0113,-2.987925653612508,-11.121101992297348,1.04149906859447,-11.338470478056237,-0.8955282211159155,nan,-3.612862421244097
log-0115,-2.151060458794733,-6.138399219937865,1.1222028226942982,-5.140864589863741,-0.6904087775963133,nan,-2.1017719050041066
log-0116,-2.317928690283588,-5.2777423754359525,0.03128816290988068,-5.861742564720174,-0.4800227716121137,nan,-3.2736688467555393
log-0117,-1.6917214854846403,-7.132538167400416,0.3461540078591674,-8.777394917787834,-0.20472170771759668,nan,-1.5911303288448608
log-0118,-1.0732655198171308,-2.702742999904082,-0.37151666687296103,-3.3859388361134,-0.793901249228921,nan,-1.3639597568212753
log-0119,-1.2991850221644423,-3.278728533050174,0.3291944506432509,-4.217437440232326,-0.5457582471582514,nan,-1.7624469007476717
log-0120,-2.630399044976956,-6.698981869254896,-0.6233450102102776,-6.626040657065697,-0.8428734986453872,nan,-3.9817870582766455
log-0122,-2.994695099621536,-4.55159795435093,0.3069044337124849,-5.494479627387465,-1.4857048083350382,nan,-3.9153191969358705
log-0125,-1.97245867665717,-3.808976923453123,1.327093643641427,-4.008206182063227,-0.5532094483890821,nan,-2.1342860812186046
log-0126,-0.17657788372680994,-0.6624389934152974,2.2468090101655243,-0.9574989544228156,0.035020291272886084,nan,0.5380333133431483
log-0127,-2.1057704321636592,-5.833462851558205,0.9285938912014862,-10.94183431709371,-0.505053538103633,nan,-1.8309112500630347
log-0129,-4.42527638106858,-14.15278298293877,0.445026811429166,-18.582243467841582,-0.7507260594274419,nan,-3.9008420873841834
log-0132,-4.82461882428723,-12.132169279779461,-1.9876612764226085,-8.504292323277022,-2.0814662474395096,nan,-4.8819309963105315
log-0133,-1.7981611562648574,-5.622090199368219,0.25032682932331074,-7.291934596981312,-0.69876025937445,nan,-2.879644483733478
log-0145-filtered-c01,-2.8657218386631405,-4.473270391801037,-2.048212948022403,-6.029242347383512,-1.0858605709415738,nan,-5.0092705598848095
log-0147-filtered-c01,0.3158968426272528,1.3336092134408197,2.321074456075369,2.5636264968031224,-0.18625465560978416,nan,0.043745200983430266
log-0147-filtered-c02,-5.454488403790196,-9.255688224049289,-4.320002128344633,-23.191053690314984,-0.9012670374766101,nan,-6.986748865040699
log-0151-filtered-c01,-2.6804956089091476,-4.072292829204722,-6.7919976243761155,-7.747698623446134,-0.6328520472406121,nan,-1.9152909247033865
log-0152-filtered-c01,-0.13185472405134302,0.3249939989059758,0.46224749407536514,0.09133540664967033,-0.19764929009158116,nan,0.8158501057939676
log-0152-filtered-c02,-0.265935307629408,0.6778465263268663,0.033379170403973646,0.865874739483318,-0.4743812550215756,nan,-0.002847726409485496
log-0155-filtered-c01,0.4949424646393963,1.9347067648425398,0.6794498391851675,2.268455233794662,-0.40390924001030815,nan,0.0936326463648447
