log,range_pct,eligible_bins,mag_adj_bin_rmse,solved_bin_rmse
log-0046,99.97760971240919,7,18.39573510290958,5.258868433787779
log-0048,99.83642887294216,7,5.506086611516812,3.4184134748587174
log-0049,99.22430187168452,6,21.518081178252466,6.8832891581299505
log-0054,99.60386514437701,6,8.396021479832935,3.2543310392651352
log-0055,99.66646964451574,7,4.809143202118074,2.877592827904823
log-0056,99.16223450481455,7,6.9326683718152085,3.9199900200711837
log-0058,99.8400879516266,7,5.161943598506493,2.9192785914320063
log-0063,100.0,7,19.321436273759495,3.413603390324816
log-0071_183,99.57310820156924,7,6.620002299291747,5.578196208541401
log-0072_184,99.23605580627083,7,6.945050597765164,3.334598390064348
log-0073_185,99.48289177663611,6,21.307119111029717,2.968773016054091
log-0078-valid,99.58421423537703,8,9.577008356061272,5.89929532038993
log-0079,99.87286957212666,8,37.10492933064142,5.723795935510072
log-0080-valid,99.33774834437087,9,39.82402395376731,9.912447224357084
log-0081,99.97709573980761,8,15.98027565213986,9.364099711931749
log103,100.0,7,32.105973698303934,9.98087769326092
log104,99.93645563662038,7,31.536195278385367,21.796574717560823
log106,100.0,7,17.253003616652748,2.8329559750371165
log107,99.35248666884318,7,17.66616842753394,5.765997639790818
log109,99.75892248833918,7,22.80199336887054,6.590082972170788
log110,100.0,6,22.964803014318843,4.236472912494645
log112,100.0,7,18.227897271852022,9.967817058354
log-0098,99.71392657448745,8,9.07102605630964,5.142042823313574
log-0099,99.99224758124535,8,25.648569658540453,7.564014808026309
log-0113,99.95538792229387,8,12.983717536278226,12.961051708190354
log-0115,99.98311381290105,8,29.903670736631312,8.697657726619614
log-0116,99.90811804129284,8,8.818834779698749,9.892421353251425
log-0117,99.85721085197525,9,7.594059247856918,12.065000194770523
log-0118,99.25958572058175,9,16.659621766705065,13.841856633264754
log-0119,99.89001168625833,9,6.619578072541164,7.649203472868746
log-0120,99.4882486732373,8,19.834348781009062,6.311439419646932
log-0122,99.1462789224411,9,24.5969093194149,9.43779862831544
log-0125,99.61760057104982,9,31.556831776490927,11.022175673662545
log-0126,99.84126984126983,8,29.072722620228067,52.62417216436588
log-0127,99.54759660697455,9,8.642463996046823,13.300418283042491
log-0129,99.67311927668946,10,26.370477747160116,9.068644695066315
log-0132,99.52302458527689,10,18.614471564152616,11.997723842657239
log-0133,99.90490278951818,8,14.830762740532931,9.303533721146383
log-0145-filtered-c01,99.45791962828774,6,9.329849795032649,14.437875212560257
log-0147-filtered-c01,99.97722873733349,5,35.54606298559936,15.146932601137236
log-0147-filtered-c02,99.97027613470856,6,36.31676594228288,34.52006056316928
log-0151-filtered-c01,99.4475138121547,5,10.734983745558818,13.481448819499839
log-0152-filtered-c01,99.49264015032884,5,24.015567009208866,9.593867048497698
log-0152-filtered-c02,99.43765545582352,5,31.98699038527389,9.034325282208728
log-0155-filtered-c01,99.98522895125554,7,38.359434384254506,15.620529294879912
