log,pipeline,status,run_fingerprint,input_sha256,resolved_config_sha256,pipeline_code_sha256,assets_sha256,environment_sha256,processed_at
log-0046,front,fresh,f8cc04f60ee697b106795102a28243e3263c1b31c7cb4d2bd2d5c6e86e707e9f,6ac404167b4545fc74d84ae08d943955751669ca11be00669c996ea6e930a26a,6a93fd5f47e6c3f81487a8cac1931cd62395f25f29fb6964cfac4b01c102aeca,b40f657d720d3e5589931a51e7f698bd667f7eefbd4a3e3cac19cc1ba99affd8,4f53cda18c2baa0c0354bb5f9a3ecbe5ed12ab4d8e11ba873c2f11161202b945,4ac7670baecfda7a00cb30b838a7dec958672038863ea51fad28a37807c04244,2026-09-18T00:20:28-07:00
log-0048,front,fresh,11f0544627ec7f1f91f1ab5f3106f4abab0d51381a4effc70cb7591109a9cb8c,1f5b62fcbbdeb4e1c6f24d28f406a24be8e15d83a4e14909ecf5708ab75bc220,6a93fd5f47e6c3f81487a8cac1931cd62395f25f29fb6964cfac4b01c102aeca,b40f657d720d3e5589931a51e7f698bd667f7eefbd4a3e3cac19cc1ba99affd8,4f53cda18c2baa0c0354bb5f9a3ecbe5ed12ab4d8e11ba873c2f11161202b945,4ac7670baecfda7a00cb30b838a7dec958672038863ea51fad28a37807c04244,2026-09-18T00:20:59-07:00
log-0049,front,fresh,d92ad6a3f43eba45a710ca6cb363a4335d3d5e1567bf5b9110297eb46c4514af,6c4b4519db07777348cc88a311089a4779bb677f9ecdae9907210d20b573fef6,6a93fd5f47e6c3f81487a8cac1931cd62395f25f29fb6964cfac4b01c102aeca,b40f657d720d3e5589931a51e7f698bd667f7eefbd4a3e3cac19cc1ba99affd8,4f53cda18c2baa0c0354bb5f9a3ecbe5ed12ab4d8e11ba873c2f11161202b945,4ac7670baecfda7a00cb30b838a7dec958672038863ea51fad28a37807c04244,2026-09-18T00:21:11-07:00
log-0054,front,fresh,1f6a149a09d4dc505ebe95ad2c20f5859843f8cae248a48ab05396fae4dd023f,c58345821a2a824ee5580a45e792b9a30752928937cd253d655f12007ed674b7,6a93fd5f47e6c3f81487a8cac1931cd62395f25f29fb6964cfac4b01c102aeca,b40f657d720d3e5589931a51e7f698bd667f7eefbd4a3e3cac19cc1ba99affd8,4f53cda18c2baa0c0354bb5f9a3ecbe5ed12ab4d8e11ba873c2f11161202b945,4ac7670baecfda7a00cb30b838a7dec958672038863ea51fad28a37807c04244,2026-09-18T00:21:45-07:00
log-0055,front,fresh,0a5666e1d96531eb745601709252bcfc1ddbb811d0188d858eb5f4cd9b93ff36,be1b6911ab93e3a894c27b3b32901fd532f1af00ea041a3a17008812dbfffaba,6a93fd5f47e6c3f81487a8cac1931cd62395f25f29fb6964cfac4b01c102aeca,b40f657d720d3e5589931a51e7f698bd667f7eefbd4a3e3cac19cc1ba99affd8,4f53cda18c2baa0c0354bb5f9a3ecbe5ed12ab4d8e11ba873c2f11161202b945,4ac7670baecfda7a00cb30b838a7dec958672038863ea51fad28a37807c04244,2026-09-18T00:21:58-07:00
log-0056,front,fresh,f4815c07a4bf9ddd941272df107ce713763aabf01f169367dae7ef5541d3aae8,fee02f09db5048cd83c848849c0a97e2405ac4c39d83f074944d1bcc0a638688,6a93fd5f47e6c3f81487a8cac1931cd62395f25f29fb6964cfac4b01c102aeca,b40f657d720d3e5589931a51e7f698bd667f7eefbd4a3e3cac19cc1ba99affd8,4f53cda18c2baa0c0354bb5f9a3ecbe5ed12ab4d8e11ba873c2f11161202b945,4ac7670baecfda7a00cb30b838a7dec958672038863ea51fad28a37807c04244,2026-09-18T00:22:16-07:00
log-0058,front,fresh,3012419fa33c151ba17e892374a9485994c03727ac76413f8d71b38da6d3ada9,e5bdc615a637d9b03d286b66c317a9f5d2dc3a9eea44ecb841ac90d66a5363e6,6a93fd5f47e6c3f81487a8cac1931cd62395f25f29fb6964cfac4b01c102aeca,b40f657d720d3e5589931a51e7f698bd667f7eefbd4a3e3cac19cc1ba99affd8,4f53cda18c2baa0c0354bb5f9a3ecbe5ed12ab4d8e11ba873c2f11161202b945,4ac7670baecfda7a00cb30b838a7dec958672038863ea51fad28a37807c04244,2026-09-18T00:22:29-07:00
log-0063,front,fresh,c4811dce689119ca738032ee591adf4ac0e39b07d5674636c321875dacc04ea7,566c4faaf181d3aafd0c5220a1fa5d1e2168dc6f524fa009d6be57125376deb7,6a93fd5f47e6c3f81487a8cac1931cd62395f25f29fb6964cfac4b01c102aeca,b40f657d720d3e5589931a51e7f698bd667f7eefbd4a3e3cac19cc1ba99affd8,4f53cda18c2baa0c0354bb5f9a3ecbe5ed12ab4d8e11ba873c2f11161202b945,4ac7670baecfda7a00cb30b838a7dec958672038863ea51fad28a37807c04244,2026-09-18T00:22:40-07:00
log-0071_183,front,fresh,bc73d166b7606a16b320fc6f2e7910693069655daab5dabbe42912b511d59a5d,b15a2ee5dc7b6790c44db74906e4a1acf77ac0374016b1922fd18e0695e10aff,6a93fd5f47e6c3f81487a8cac1931cd62395f25f29fb6964cfac4b01c102aeca,b40f657d720d3e5589931a51e7f698bd667f7eefbd4a3e3cac19cc1ba99affd8,4f53cda18c2baa0c0354bb5f9a3ecbe5ed12ab4d8e11ba873c2f11161202b945,4ac7670baecfda7a00cb30b838a7dec958672038863ea51fad28a37807c04244,2026-09-18T00:22:56-07:00
log-0072_184,front,fresh,a98540c85e5e512ff0724191dd2be09bcfa9fd2380672cb041f41698e48fa472,f8fc3314bda6ede5f05c6398f28d3f8b7786408a8cac5fb6985e83f1748cf648,6a93fd5f47e6c3f81487a8cac1931cd62395f25f29fb6964cfac4b01c102aeca,b40f657d720d3e5589931a51e7f698bd667f7eefbd4a3e3cac19cc1ba99affd8,4f53cda18c2baa0c0354bb5f9a3ecbe5ed12ab4d8e11ba873c2f11161202b945,4ac7670baecfda7a00cb30b838a7dec958672038863ea51fad28a37807c04244,2026-09-18T00:23:14-07:00
log-0073_185,front,fresh,3b5f6dfb56bed7d64cadac10d5f2363c774b9d3f6c95c4d7dcf8946e82f653f2,7e5a028bcb2d2dfc1299531dd44a7f8370b09d1b09731f72216c3583e7e55831,6a93fd5f47e6c3f81487a8cac1931cd62395f25f29fb6964cfac4b01c102aeca,b40f657d720d3e5589931a51e7f698bd667f7eefbd4a3e3cac19cc1ba99affd8,4f53cda18c2baa0c0354bb5f9a3ecbe5ed12ab4d8e11ba873c2f11161202b945,4ac7670baecfda7a00cb30b838a7dec958672038863ea51fad28a37807c04244,2026-09-18T00:23:26-07:00
log-0078-valid,front,fresh,3b605f3ec95570526b08810ce87aff3f8b1f88bfc320662bff725aa8537c6f9c,5bf1e7f9e3f07fdacc6269d8b5673ef08a37f112621b5dc3192113d2dccc32aa,cbbac5ee88e2d376012c132c3ef912e1075dcb007fbe0c123c566532708e2141,b40f657d720d3e5589931a51e7f698bd667f7eefbd4a3e3cac19cc1ba99affd8,4f53cda18c2baa0c0354bb5f9a3ecbe5ed12ab4d8e11ba873c2f11161202b945,4ac7670baecfda7a00cb30b838a7dec958672038863ea51fad28a37807c04244,2026-09-18T00:23:34-07:00
log-0079,front,fresh,fabf7c532047f0dfdb198195164a704e3c1488a6bf79e360432f23ce0abba722,ee5117e13822040476857bb0871abd79fd4a7009ad89bee0760b2548570c011c,cbbac5ee88e2d376012c132c3ef912e1075dcb007fbe0c123c566532708e2141,b40f657d720d3e5589931a51e7f698bd667f7eefbd4a3e3cac19cc1ba99affd8,4f53cda18c2baa0c0354bb5f9a3ecbe5ed12ab4d8e11ba873c2f11161202b945,4ac7670baecfda7a00cb30b838a7dec958672038863ea51fad28a37807c04244,2026-09-18T00:23:45-07:00
log-0080-valid,front,fresh,1e05603c28dc43f2b10e64046d529b3e71db7da54c7f0a595b75311f15a213fc,93bd05266f6ac4dcbd38e8197543a9be4c847125821c4a58afdf760065e1f50c,cbbac5ee88e2d376012c132c3ef912e1075dcb007fbe0c123c566532708e2141,b40f657d720d3e5589931a51e7f698bd667f7eefbd4a3e3cac19cc1ba99affd8,4f53cda18c2baa0c0354bb5f9a3ecbe5ed12ab4d8e11ba873c2f11161202b945,4ac7670baecfda7a00cb30b838a7dec958672038863ea51fad28a37807c04244,2026-09-18T00:24:04-07:00
log-0081,front,fresh,aafd5a3c0c34a6f0dc465e05471a9c1815489372d0340883ccea5adb30235521,58017d7bb60fc1cdbea39dae25cd81a38ef5a9f146dd2cf90605ae2fb43be798,cbbac5ee88e2d376012c132c3ef912e1075dcb007fbe0c123c566532708e2141,b40f657d720d3e5589931a51e7f698bd667f7eefbd4a3e3cac19cc1ba99affd8,4f53cda18c2baa0c0354bb5f9a3ecbe5ed12ab4d8e11ba873c2f11161202b945,4ac7670baecfda7a00cb30b838a7dec958672038863ea51fad28a37807c04244,2026-09-18T00:12:44-07:00
log103,front,fresh,75892c84ef8f800737e152fed709884f553459d3a0f2d7845a2216dd7862b990,d5a9a1a5d6996d4f39db46f81882cfa99a9d431f9219ab2cc525d6fb4ef9769d,edbbea57a8ccddf2985978d7527c5b344d429fca34404dec378f83630ff3b859,b40f657d720d3e5589931a51e7f698bd667f7eefbd4a3e3cac19cc1ba99affd8,4f53cda18c2baa0c0354bb5f9a3ecbe5ed12ab4d8e11ba873c2f11161202b945,4ac7670baecfda7a00cb30b838a7dec958672038863ea51fad28a37807c04244,2026-09-18T00:24:21-07:00
log104,front,fresh,245ccfa8974294d5fc8039cdceb22ff5fddedab3dfb418f688140ced5dd7bb00,44da94c0682902e9b387e2ae68545fd125fbb8002dd62b99423b98819fc41a10,edbbea57a8ccddf2985978d7527c5b344d429fca34404dec378f83630ff3b859,b40f657d720d3e5589931a51e7f698bd667f7eefbd4a3e3cac19cc1ba99affd8,4f53cda18c2baa0c0354bb5f9a3ecbe5ed12ab4d8e11ba873c2f11161202b945,4ac7670baecfda7a00cb30b838a7dec958672038863ea51fad28a37807c04244,2026-09-18T00:12:59-07:00
log106,front,fresh,e666f0b06bea1ac65539f1a3b26346a14184424e92e574735b3f5f5d9b91993a,930b698dd33a7759daf4379c862f1bc4a15312ac35d815e10aa3ae8d9ca524bf,edbbea57a8ccddf2985978d7527c5b344d429fca34404dec378f83630ff3b859,b40f657d720d3e5589931a51e7f698bd667f7eefbd4a3e3cac19cc1ba99affd8,4f53cda18c2baa0c0354bb5f9a3ecbe5ed12ab4d8e11ba873c2f11161202b945,4ac7670baecfda7a00cb30b838a7dec958672038863ea51fad28a37807c04244,2026-09-18T00:24:28-07:00
log107,front,fresh,1e47bc7df66ece0811881ffbc7fa50265b892d452bed39de822b00108ef47d12,fc7202827c2f95830dc1174bf51bce98d7a5209e0505fde8f40158051cfa5ee3,edbbea57a8ccddf2985978d7527c5b344d429fca34404dec378f83630ff3b859,b40f657d720d3e5589931a51e7f698bd667f7eefbd4a3e3cac19cc1ba99affd8,4f53cda18c2baa0c0354bb5f9a3ecbe5ed12ab4d8e11ba873c2f11161202b945,4ac7670baecfda7a00cb30b838a7dec958672038863ea51fad28a37807c04244,2026-09-18T00:24:35-07:00
log109,front,fresh,111def00bf61b9abbedcec2eb877fd550a6ae4ca76fc35731350cd2d36b5df41,6e3034d180fdb0cdf8f2c0c8bb256724e09678d55554b2eded968437d12d4a76,edbbea57a8ccddf2985978d7527c5b344d429fca34404dec378f83630ff3b859,b40f657d720d3e5589931a51e7f698bd667f7eefbd4a3e3cac19cc1ba99affd8,4f53cda18c2baa0c0354bb5f9a3ecbe5ed12ab4d8e11ba873c2f11161202b945,4ac7670baecfda7a00cb30b838a7dec958672038863ea51fad28a37807c04244,2026-09-18T00:24:42-07:00
log110,front,fresh,6b05374d93586fefac29bc5ea755c33eee9fdbedbc1c93fc89e45fe451f41dc0,e3ec7bf098ef755b357c7a0c05e586fa39b4fcc15dfbd9460ad75c2e7c959222,edbbea57a8ccddf2985978d7527c5b344d429fca34404dec378f83630ff3b859,b40f657d720d3e5589931a51e7f698bd667f7eefbd4a3e3cac19cc1ba99affd8,4f53cda18c2baa0c0354bb5f9a3ecbe5ed12ab4d8e11ba873c2f11161202b945,4ac7670baecfda7a00cb30b838a7dec958672038863ea51fad28a37807c04244,2026-09-18T00:24:49-07:00
log112,front,fresh,1bc63df64569784929d0f3ca2750f75dd246a1247a95ee9d1820961620838234,61c9b28bacb698411807e54b3f91e0bb5835ea5ed9caeb4b614bdd587d453d1f,edbbea57a8ccddf2985978d7527c5b344d429fca34404dec378f83630ff3b859,b40f657d720d3e5589931a51e7f698bd667f7eefbd4a3e3cac19cc1ba99affd8,4f53cda18c2baa0c0354bb5f9a3ecbe5ed12ab4d8e11ba873c2f11161202b945,4ac7670baecfda7a00cb30b838a7dec958672038863ea51fad28a37807c04244,2026-09-18T00:25:07-07:00
log-0098,front,fresh,d593b4072f7fc345b03af90e4368918b6d53b0383b3212e74d438f539936302b,90799aec5e409c58d6d293798a46ad73c280d818a4e324387ab41b35fa7fc8be,cbbac5ee88e2d376012c132c3ef912e1075dcb007fbe0c123c566532708e2141,b40f657d720d3e5589931a51e7f698bd667f7eefbd4a3e3cac19cc1ba99affd8,4f53cda18c2baa0c0354bb5f9a3ecbe5ed12ab4d8e11ba873c2f11161202b945,4ac7670baecfda7a00cb30b838a7dec958672038863ea51fad28a37807c04244,2026-09-18T00:25:17-07:00
log-0099,front,fresh,527b84ba1cac92a83ad1cfab6bfd2f1ecf5e2798270aed4305034322c15d9ef9,6e3f1d78556be2a9631b61f9f213441837654ddd736fd1009cf06ec4963ecb96,cbbac5ee88e2d376012c132c3ef912e1075dcb007fbe0c123c566532708e2141,b40f657d720d3e5589931a51e7f698bd667f7eefbd4a3e3cac19cc1ba99affd8,4f53cda18c2baa0c0354bb5f9a3ecbe5ed12ab4d8e11ba873c2f11161202b945,4ac7670baecfda7a00cb30b838a7dec958672038863ea51fad28a37807c04244,2026-09-18T00:12:09-07:00
log-0113,front,fresh,ca5585f4364b1d17e568d04385a5fb42dd2ee8ad5efa5b5fb915f1553bb7e731,88791ba326078cef19bbb9e4e4ed345b8bae8b65a06137ca5384863d5f470d70,2d7e393cbe22c88fc2ac7bb7e3e3cd2e96e2bf95b3bb18c087327b3c04bb4c29,b40f657d720d3e5589931a51e7f698bd667f7eefbd4a3e3cac19cc1ba99affd8,4f53cda18c2baa0c0354bb5f9a3ecbe5ed12ab4d8e11ba873c2f11161202b945,4ac7670baecfda7a00cb30b838a7dec958672038863ea51fad28a37807c04244,2026-09-18T00:25:26-07:00
log-0115,front,fresh,1044982506eacf5a2c6f3e18a861803ce0fbfc4b868d814d698e8571472cf197,d77e4c9ce5238b5c1f237dcaccfb6149147b512a6789654cc5b9880e19846832,2d7e393cbe22c88fc2ac7bb7e3e3cd2e96e2bf95b3bb18c087327b3c04bb4c29,b40f657d720d3e5589931a51e7f698bd667f7eefbd4a3e3cac19cc1ba99affd8,4f53cda18c2baa0c0354bb5f9a3ecbe5ed12ab4d8e11ba873c2f11161202b945,4ac7670baecfda7a00cb30b838a7dec958672038863ea51fad28a37807c04244,2026-09-18T00:25:33-07:00
log-0116,front,fresh,4bdab198b368848ec7a3ad0c932a44c8d3e6c864f4d4728f24c2e0bffa6e888a,3dec5726b38a0c68f622c68ddc6ae46e4edec182fddc28bb81376cedfc97b80c,2d7e393cbe22c88fc2ac7bb7e3e3cd2e96e2bf95b3bb18c087327b3c04bb4c29,b40f657d720d3e5589931a51e7f698bd667f7eefbd4a3e3cac19cc1ba99affd8,4f53cda18c2baa0c0354bb5f9a3ecbe5ed12ab4d8e11ba873c2f11161202b945,4ac7670baecfda7a00cb30b838a7dec958672038863ea51fad28a37807c04244,2026-09-18T00:25:40-07:00
log-0117,front,fresh,aed22e749af8cbb3c9e4bdb782c5c816b988e1f71ce0aa79fe4be276b4986672,f4c2aa28716003ee56ff419bf7e81c7c5b2b8124d5fbe64ef67e031de99e4c0a,2d7e393cbe22c88fc2ac7bb7e3e3cd2e96e2bf95b3bb18c087327b3c04bb4c29,b40f657d720d3e5589931a51e7f698bd667f7eefbd4a3e3cac19cc1ba99affd8,4f53cda18c2baa0c0354bb5f9a3ecbe5ed12ab4d8e11ba873c2f11161202b945,4ac7670baecfda7a00cb30b838a7dec958672038863ea51fad28a37807c04244,2026-09-18T00:25:45-07:00
log-0118,front,fresh,ca24f6b0e96e6d151af340d38cbdf91816b9f8c461743f66877f5cb9739d3bfc,780bde9aec2a37c0132f6a6f1ab860ed8548a3abd72e2d6fc0f9bd82cde6abdd,2d7e393cbe22c88fc2ac7bb7e3e3cd2e96e2bf95b3bb18c087327b3c04bb4c29,b40f657d720d3e5589931a51e7f698bd667f7eefbd4a3e3cac19cc1ba99affd8,4f53cda18c2baa0c0354bb5f9a3ecbe5ed12ab4d8e11ba873c2f11161202b945,4ac7670baecfda7a00cb30b838a7dec958672038863ea51fad28a37807c04244,2026-09-18T00:11:27-07:00
log-0119,front,fresh,4063a26ede17313bbad76ef26c6eea0f5f8b0323abcadf6019d6483172087b02,da391d6594994143ecb9669221a4525b1d00e223457326976e74efa06b0d97be,2d7e393cbe22c88fc2ac7bb7e3e3cd2e96e2bf95b3bb18c087327b3c04bb4c29,b40f657d720d3e5589931a51e7f698bd667f7eefbd4a3e3cac19cc1ba99affd8,4f53cda18c2baa0c0354bb5f9a3ecbe5ed12ab4d8e11ba873c2f11161202b945,4ac7670baecfda7a00cb30b838a7dec958672038863ea51fad28a37807c04244,2026-09-18T00:25:51-07:00
log-0120,front,fresh,da635f958bc242754726e4e03264f144e210c8b6c267965f60c0e1f83d449d43,1acee7988f92dcd77fc653f8223d703c186307ca79fa87e5c064c1888697a619,2d7e393cbe22c88fc2ac7bb7e3e3cd2e96e2bf95b3bb18c087327b3c04bb4c29,b40f657d720d3e5589931a51e7f698bd667f7eefbd4a3e3cac19cc1ba99affd8,4f53cda18c2baa0c0354bb5f9a3ecbe5ed12ab4d8e11ba873c2f11161202b945,4ac7670baecfda7a00cb30b838a7dec958672038863ea51fad28a37807c04244,2026-09-18T00:11:41-07:00
log-0122,front,fresh,58fde6db133d930993937f1ada87ee0b02b4e39fd6d04fd0a23bf7f980f83517,4303a956ccdbf754ff728be72a1dca9fb094d8ae5e4ccfe45bab556355163d8c,2d7e393cbe22c88fc2ac7bb7e3e3cd2e96e2bf95b3bb18c087327b3c04bb4c29,b40f657d720d3e5589931a51e7f698bd667f7eefbd4a3e3cac19cc1ba99affd8,4f53cda18c2baa0c0354bb5f9a3ecbe5ed12ab4d8e11ba873c2f11161202b945,4ac7670baecfda7a00cb30b838a7dec958672038863ea51fad28a37807c04244,2026-09-18T00:26:04-07:00
log-0125,front,fresh,82c1bdebf7ebbd71a6e3abb7d150c8380d5a8c5a3791b5a3254db1990f8b09db,2dfca84ee2309b44669abd1152d0a609a008b924ea2fce5cdcc09af21bdebfd5,2d7e393cbe22c88fc2ac7bb7e3e3cd2e96e2bf95b3bb18c087327b3c04bb4c29,b40f657d720d3e5589931a51e7f698bd667f7eefbd4a3e3cac19cc1ba99affd8,4f53cda18c2baa0c0354bb5f9a3ecbe5ed12ab4d8e11ba873c2f11161202b945,4ac7670baecfda7a00cb30b838a7dec958672038863ea51fad28a37807c04244,2026-09-18T00:11:50-07:00
log-0126,front,fresh,9b919a9ecadf7a75cc202451d8c23235901f7d70019b0afab60387ac5fddaaf1,393d64274166f8c6412a3459fe9beadf49408e0575fd1472566c9a980dbd6392,2d7e393cbe22c88fc2ac7bb7e3e3cd2e96e2bf95b3bb18c087327b3c04bb4c29,b40f657d720d3e5589931a51e7f698bd667f7eefbd4a3e3cac19cc1ba99affd8,4f53cda18c2baa0c0354bb5f9a3ecbe5ed12ab4d8e11ba873c2f11161202b945,4ac7670baecfda7a00cb30b838a7dec958672038863ea51fad28a37807c04244,2026-09-18T00:26:08-07:00
log-0127,front,fresh,5a4c2da3a3af215a7c95d490cfd312584277592b969b6fca27fa4a800f85771a,7c610b8ee41e02ca3f942169e420e0209b8ef1218714ab3d5832c917cbd0aa4a,2d7e393cbe22c88fc2ac7bb7e3e3cd2e96e2bf95b3bb18c087327b3c04bb4c29,b40f657d720d3e5589931a51e7f698bd667f7eefbd4a3e3cac19cc1ba99affd8,4f53cda18c2baa0c0354bb5f9a3ecbe5ed12ab4d8e11ba873c2f11161202b945,4ac7670baecfda7a00cb30b838a7dec958672038863ea51fad28a37807c04244,2026-09-18T00:26:15-07:00
log-0129,front,fresh,06dfd834b258d28e2cffa98fc0cadadd7bcced5da74414caade32f34a0f0c469,01744f7ff89213445e131d98a7607c2e863f70b0f5858def1984e80dcdb88384,2d7e393cbe22c88fc2ac7bb7e3e3cd2e96e2bf95b3bb18c087327b3c04bb4c29,b40f657d720d3e5589931a51e7f698bd667f7eefbd4a3e3cac19cc1ba99affd8,4f53cda18c2baa0c0354bb5f9a3ecbe5ed12ab4d8e11ba873c2f11161202b945,4ac7670baecfda7a00cb30b838a7dec958672038863ea51fad28a37807c04244,2026-09-18T00:26:37-07:00
log-0132,front,fresh,4c5f7f695f7e54f872f7d0ca49219bed9ca20c41a6b6c7c83d35ff249c5649aa,2ae9539fbed86ab955490a14303a588098c629df3530417ec9a0644ffda8ccd1,2d7e393cbe22c88fc2ac7bb7e3e3cd2e96e2bf95b3bb18c087327b3c04bb4c29,b40f657d720d3e5589931a51e7f698bd667f7eefbd4a3e3cac19cc1ba99affd8,4f53cda18c2baa0c0354bb5f9a3ecbe5ed12ab4d8e11ba873c2f11161202b945,4ac7670baecfda7a00cb30b838a7dec958672038863ea51fad28a37807c04244,2026-09-18T00:11:21-07:00
log-0133,front,fresh,aee7453a60d124fc246a94fa40e962b61612d76ccc637de88cdc6cad123f4d4c,2598724b6678ed6e68a5e3617bcd242d64f2241396abd6e74eadd11d4e71fef5,2d7e393cbe22c88fc2ac7bb7e3e3cd2e96e2bf95b3bb18c087327b3c04bb4c29,b40f657d720d3e5589931a51e7f698bd667f7eefbd4a3e3cac19cc1ba99affd8,4f53cda18c2baa0c0354bb5f9a3ecbe5ed12ab4d8e11ba873c2f11161202b945,4ac7670baecfda7a00cb30b838a7dec958672038863ea51fad28a37807c04244,2026-09-18T00:26:41-07:00
log-0145-filtered-c01,front,fresh,0667eb73532cf7fe1e765420835ff37b61bf57e976c629c6a22e785f12924c50,61ccc7c5b30adc9beb452f352d1de74d091fa4b5e4210ddfa8879fa0099e9824,0cbd4e11fb600f660e255e82574419274ab834028f0b5e7547559aed080ea778,b40f657d720d3e5589931a51e7f698bd667f7eefbd4a3e3cac19cc1ba99affd8,4f53cda18c2baa0c0354bb5f9a3ecbe5ed12ab4d8e11ba873c2f11161202b945,4ac7670baecfda7a00cb30b838a7dec958672038863ea51fad28a37807c04244,2026-09-18T00:11:38-07:00
log-0147-filtered-c01,front,fresh,16bd9829d77af6623095c72afd9226b37f4e83bd67b20422ae48c25c5e72247b,f472f439f7a835967e1620233629d8a0628b3895c474ba965aaf657c4a1591e8,a67c6c7f748064228a1f802b46d887e86cb85c91cd78af4914138242825ce6bc,b40f657d720d3e5589931a51e7f698bd667f7eefbd4a3e3cac19cc1ba99affd8,4f53cda18c2baa0c0354bb5f9a3ecbe5ed12ab4d8e11ba873c2f11161202b945,4ac7670baecfda7a00cb30b838a7dec958672038863ea51fad28a37807c04244,2026-09-18T00:26:48-07:00
log-0147-filtered-c02,front,fresh,cde86bd84555576ed254714b945182c6d9f34cbcda5e7defe004c830c94be71f,cde3f49538d35f1555978f323aca034b52f94d0a69db6119c4cfbd867de7f58a,a67c6c7f748064228a1f802b46d887e86cb85c91cd78af4914138242825ce6bc,b40f657d720d3e5589931a51e7f698bd667f7eefbd4a3e3cac19cc1ba99affd8,4f53cda18c2baa0c0354bb5f9a3ecbe5ed12ab4d8e11ba873c2f11161202b945,4ac7670baecfda7a00cb30b838a7dec958672038863ea51fad28a37807c04244,2026-09-18T00:27:00-07:00
log-0151-filtered-c01,front,fresh,455a1a834de41d097845da774dda78756e84950185fa29e2b4ca74458d1bfb5d,b5b68b549421eac49482287d73537cacdf6668a7dc6ceda925e0e7c660b5750f,df36891b08393f87eb65aba01422a659db106320cdeb734dd6793951ce360b61,b40f657d720d3e5589931a51e7f698bd667f7eefbd4a3e3cac19cc1ba99affd8,4f53cda18c2baa0c0354bb5f9a3ecbe5ed12ab4d8e11ba873c2f11161202b945,4ac7670baecfda7a00cb30b838a7dec958672038863ea51fad28a37807c04244,2026-09-18T00:11:10-07:00
log-0152-filtered-c01,front,fresh,0b2fa2f4d899a065f433a337026754822c6bcc85a4cbab280f7265ca209f4ac7,2538e99f17564fa71b1c4e0bd0cab74e4f59ef7a5f5fde078c2e5acfd14b9a72,d0542fe7e45cab804acc218d20a75f956be665abd45d5c2025d6a2b386f70cc3,b40f657d720d3e5589931a51e7f698bd667f7eefbd4a3e3cac19cc1ba99affd8,4f53cda18c2baa0c0354bb5f9a3ecbe5ed12ab4d8e11ba873c2f11161202b945,4ac7670baecfda7a00cb30b838a7dec958672038863ea51fad28a37807c04244,2026-09-18T00:27:06-07:00
log-0152-filtered-c02,front,fresh,c7b09da605fb6a3fc1315e9ca6bea07b4057c7b49c49389f5f9daf96cdca69d6,8c52592b8c9e104cd3d1f8bab29ff0acca172695a98f276dbc0c56cf5b6eaa02,d0542fe7e45cab804acc218d20a75f956be665abd45d5c2025d6a2b386f70cc3,b40f657d720d3e5589931a51e7f698bd667f7eefbd4a3e3cac19cc1ba99affd8,4f53cda18c2baa0c0354bb5f9a3ecbe5ed12ab4d8e11ba873c2f11161202b945,4ac7670baecfda7a00cb30b838a7dec958672038863ea51fad28a37807c04244,2026-09-18T00:27:10-07:00
log-0155-filtered-c01,front,fresh,637ca35fa63e02d30ed8c508510d510ac1471bcb6403e7eb28c62b0db04d3523,1cee5cec29c073d8fd724e96b077f67f29bd9ffffdc0c03eda8c6dd1b6d65ee6,cbb5ac12e1d030ec5ecb27fcb7fb29535b313a2719699224c36ed6c64da7817b,b40f657d720d3e5589931a51e7f698bd667f7eefbd4a3e3cac19cc1ba99affd8,4f53cda18c2baa0c0354bb5f9a3ecbe5ed12ab4d8e11ba873c2f11161202b945,4ac7670baecfda7a00cb30b838a7dec958672038863ea51fad28a37807c04244,2026-09-18T00:27:15-07:00
