log,samples,dt_ms,total_s,boring_s,boring_pct
log-0046,61344,9.999999999990905,613.4399999994421,377.7799999996564,61.583854981742306
log-0048,108107,9.999999999990905,1081.0699999990168,338.82999999969184,31.34209625648663
log-0049,44189,9.999999999990905,441.8899999995981,193.91999999982363,43.884224580778024
log-0054,111816,9.999999999990905,1118.159999998983,678.459999999383,60.6764684839379
log-0055,43808,9.999999999990905,438.07999999960157,232.18999999978882,53.00173484295106
log-0056,61448,9.999999999990905,614.4799999994411,278.8099999997464,45.37332378596537
log-0058,44381,9.999999999990905,443.80999999959636,391.0099999996444,88.10301705684864
log-0063,40781,9.999999999990905,407.8099999996291,112.98999999989724,27.706530001716484
log-0071_183,65908,9.999999999990905,659.0799999994006,432.16999999960694,65.57170601444437
log-0072_184,58385,9.999999999990905,583.849999999469,343.9199999996872,58.90554080671405
log-0073_185,39115,9.999999999990905,391.14999999964425,291.1299999997352,74.42924709190848
log-0078-valid,22949,9.99999999999801,229.48999999995434,133.3399999999735,58.10274957514489
log-0079,46824,9.999999999990905,468.23999999957414,263.5599999997603,56.28737399624124
log-0080-valid,64718,9.999999999990905,647.1799999994114,327.8899999997018,50.66442102660774
log-0081,113665,9.999999999990905,1136.6499999989662,776.9599999992934,68.35525447587209
log103,72985,9.999999999990905,729.8499999993362,415.2899999996223,56.90073302733438
log104,59770,9.999999999990905,597.6999999994564,398.1399999996379,66.61201271540907
log106,19535,9.99999999999801,195.34999999996114,159.03999999996836,81.41284873304325
log107,25307,9.99999999999801,253.06999999994966,171.05999999996595,67.5939463389576
log109,21587,9.99999999999801,215.86999999995706,185.25999999996316,85.82016954648631
log110,21450,9.99999999999801,214.4999999999573,175.3799999999651,81.76223776223775
log112,63277,9.999999999990905,632.7699999994245,331.3799999996986,52.36973939978191
log-0098,36717,9.999999999990905,367.16999999966606,228.38999999979228,62.202794345943296
log-0099,65579,9.999999999990905,655.7899999994036,640.2899999994177,97.6364384940301
log-0113,29498,9.99999999999801,294.9799999999413,238.7199999999525,80.92752050986508
log-0115,18835,9.99999999999801,188.34999999996253,174.56999999996526,92.68383328908945
log-0116,27283,9.99999999999801,272.8299999999457,188.87999999996242,69.22992339552103
log-0117,14148,9.999999999999787,141.47999999999698,125.77999999999732,88.90302516256715
log-0118,16328,9.999999999999787,163.2799999999965,123.56999999999736,75.67981381675649
log-0119,19584,9.99999999999801,195.83999999996104,141.09999999997194,72.04861111111113
log-0120,6011,9.99999999999801,60.10999999998804,54.71999999998911,91.03310597238396
log-0122,43803,9.999999999990905,438.0299999996016,322.86999999970635,73.70956327192201
log-0125,24913,9.99999999999801,249.12999999995043,192.68999999996166,77.34516116083972
log-0126,14241,9.999999999999787,142.40999999999696,62.03999999999868,43.56435643564357
log-0127,26922,9.99999999999801,269.2199999999464,135.09999999997314,50.18200728029122
log-0129,77819,9.999999999990905,778.1899999992922,418.7199999996192,53.80691090864699
log-0132,34660,9.999999999990905,346.59999999968477,277.14999999974793,79.96249278707444
log-0133,10539,9.999999999999787,105.38999999999776,104.51999999999776,99.1744947338457
